label,name,level,index,genus,rank,simple,pointless,has_obstruction,obstructions,reason
10.30.2.a.1,,10,30,2,0,False,False,-1,[],
10.30.2.b.1,,10,30,2,0,False,False,-1,[],
10.30.2.c.1,,10,30,2,0,False,False,-1,[],
10.30.2.d.1,,10,30,2,0,False,False,-1,[],
10.60.2.c.1,,10,60,2,0,True,False,-1,[],
10.60.2.d.1,,10,60,2,0,False,,0,[],
10.60.2.e.1,,10,60,2,0,False,False,-1,[],
10.60.2.f.1,,10,60,2,0,False,False,-1,[],
10.90.2.a.1,,10,90,2,0,False,False,-1,[],
10.90.2.b.1,,10,90,2,0,False,,0,[],
12.24.2.b.1,,12,24,2,0,False,False,-1,[],
12.24.2.c.1,,12,24,2,0,False,False,-1,[],
12.36.2.a.1,,12,36,2,0,False,False,-1,[],
12.36.2.b.1,,12,36,2,0,False,False,-1,[],
12.36.2.ba.1,,12,36,2,0,False,False,-1,[],
12.36.2.bb.1,,12,36,2,0,False,False,-1,[],
12.36.2.bd.1,,12,36,2,0,False,False,-1,[],
12.36.2.be.1,,12,36,2,0,False,False,-1,[],
12.36.2.bf.1,,12,36,2,0,False,False,-1,[],
12.36.2.bg.1,,12,36,2,0,False,False,-1,[],
12.36.2.bh.1,,12,36,2,0,False,False,-1,[],
12.36.2.bj.1,,12,36,2,0,False,False,-1,[],
12.36.2.bk.1,,12,36,2,0,False,False,-1,[],
12.36.2.bl.1,,12,36,2,0,False,False,-1,[],
12.36.2.bn.1,,12,36,2,0,False,,0,[],
12.36.2.bo.1,,12,36,2,0,False,,0,[],
12.36.2.bp.1,,12,36,2,0,False,,0,[],
12.36.2.bq.1,,12,36,2,0,False,,0,[],
12.36.2.br.1,,12,36,2,0,False,,0,[],
12.36.2.bs.1,,12,36,2,0,False,,0,[],
12.36.2.bw.1,,12,36,2,0,False,False,-1,[],
12.36.2.bx.1,,12,36,2,0,False,False,-1,[],
12.36.2.c.1,,12,36,2,0,False,False,-1,[],
12.36.2.d.1,,12,36,2,0,False,False,-1,[],
12.36.2.e.1,,12,36,2,0,False,False,-1,[],
12.36.2.f.1,,12,36,2,0,False,False,-1,[],
12.36.2.g.1,,12,36,2,0,False,False,-1,[],
12.36.2.h.1,,12,36,2,0,False,False,-1,[],
12.36.2.l.1,,12,36,2,0,False,False,-1,[],
12.36.2.n.1,,12,36,2,0,False,False,-1,[],
12.36.2.p.1,,12,36,2,0,False,False,-1,[],
12.36.2.s.1,,12,36,2,0,False,False,-1,[],
12.36.2.t.1,,12,36,2,0,False,False,-1,[],
12.36.2.v.1,,12,36,2,0,False,False,-1,[],
12.36.2.w.1,,12,36,2,0,False,False,-1,[],
12.36.2.x.1,,12,36,2,0,False,False,-1,[],
12.36.2.y.1,,12,36,2,0,False,False,-1,[],
12.48.2-12.b.1.1,,12,48,2,0,False,False,-1,[],
12.48.2-12.b.1.2,,12,48,2,0,False,False,-1,[],
12.48.2-12.b.1.3,,12,48,2,0,False,False,-1,[],
12.48.2-12.b.1.4,,12,48,2,0,False,False,-1,[],
12.48.2.a.1,,12,48,2,0,True,False,-1,[],
12.48.2.a.2,,12,48,2,0,True,False,-1,[],
12.48.2.b.1,,12,48,2,0,True,False,-1,[],
12.48.2.b.2,,12,48,2,0,True,False,-1,[],
12.48.2.c.1,,12,48,2,0,False,False,-1,[],
12.48.2.d.1,,12,48,2,0,False,False,-1,[],
12.48.2.e.1,,12,48,2,0,False,False,-1,[],
12.48.2.f.1,,12,48,2,0,False,False,-1,[],
12.72.2-12.a.1.1,,12,72,2,0,False,False,-1,[],
12.72.2-12.a.1.2,,12,72,2,0,False,False,-1,[],
12.72.2-12.a.1.3,,12,72,2,0,False,False,-1,[],
12.72.2-12.a.1.4,,12,72,2,0,False,False,-1,[],
12.72.2-12.a.1.5,,12,72,2,0,False,False,-1,[],
12.72.2-12.a.1.6,,12,72,2,0,False,False,-1,[],
12.72.2-12.a.1.7,,12,72,2,0,False,False,-1,[],
12.72.2-12.a.1.8,,12,72,2,0,False,False,-1,[],
12.72.2-12.b.1.1,,12,72,2,0,False,False,-1,[],
12.72.2-12.b.1.10,,12,72,2,0,False,False,-1,[],
12.72.2-12.b.1.11,,12,72,2,0,False,False,-1,[],
12.72.2-12.b.1.12,,12,72,2,0,False,False,-1,[],
12.72.2-12.b.1.2,,12,72,2,0,False,False,-1,[],
12.72.2-12.b.1.3,,12,72,2,0,False,False,-1,[],
12.72.2-12.b.1.4,,12,72,2,0,False,False,-1,[],
12.72.2-12.b.1.5,,12,72,2,0,False,False,-1,[],
12.72.2-12.b.1.6,,12,72,2,0,False,False,-1,[],
12.72.2-12.b.1.7,,12,72,2,0,False,False,-1,[],
12.72.2-12.b.1.8,,12,72,2,0,False,False,-1,[],
12.72.2-12.b.1.9,,12,72,2,0,False,False,-1,[],
12.72.2-12.ba.1.1,,12,72,2,0,False,False,-1,[],
12.72.2-12.ba.1.2,,12,72,2,0,False,False,-1,[],
12.72.2-12.ba.1.3,,12,72,2,0,False,False,-1,[],
12.72.2-12.ba.1.4,,12,72,2,0,False,False,-1,[],
12.72.2-12.bb.1.1,,12,72,2,0,False,False,-1,[],
12.72.2-12.bb.1.2,,12,72,2,0,False,False,-1,[],
12.72.2-12.bb.1.3,,12,72,2,0,False,False,-1,[],
12.72.2-12.bb.1.4,,12,72,2,0,False,False,-1,[],
12.72.2-12.bd.1.1,,12,72,2,0,False,False,-1,[],
12.72.2-12.bd.1.2,,12,72,2,0,False,False,-1,[],
12.72.2-12.bj.1.1,,12,72,2,0,False,False,-1,[],
12.72.2-12.bj.1.2,,12,72,2,0,False,False,-1,[],
12.72.2-12.c.1.1,,12,72,2,0,False,False,-1,[],
12.72.2-12.c.1.2,,12,72,2,0,False,False,-1,[],
12.72.2-12.c.1.3,,12,72,2,0,False,False,-1,[],
12.72.2-12.c.1.4,,12,72,2,0,False,False,-1,[],
12.72.2-12.c.1.5,,12,72,2,0,False,False,-1,[],
12.72.2-12.c.1.6,,12,72,2,0,False,False,-1,[],
12.72.2-12.c.1.7,,12,72,2,0,False,False,-1,[],
12.72.2-12.c.1.8,,12,72,2,0,False,False,-1,[],
12.72.2-12.d.1.1,,12,72,2,0,False,False,-1,[],
12.72.2-12.d.1.2,,12,72,2,0,False,False,-1,[],
12.72.2-12.d.1.3,,12,72,2,0,False,False,-1,[],
12.72.2-12.d.1.4,,12,72,2,0,False,False,-1,[],
12.72.2-12.d.1.5,,12,72,2,0,False,False,-1,[],
12.72.2-12.d.1.6,,12,72,2,0,False,False,-1,[],
12.72.2-12.d.1.7,,12,72,2,0,False,False,-1,[],
12.72.2-12.d.1.8,,12,72,2,0,False,False,-1,[],
12.72.2-12.e.1.1,,12,72,2,0,False,False,-1,[],
12.72.2-12.e.1.2,,12,72,2,0,False,False,-1,[],
12.72.2-12.e.1.3,,12,72,2,0,False,False,-1,[],
12.72.2-12.e.1.4,,12,72,2,0,False,False,-1,[],
12.72.2-12.e.1.5,,12,72,2,0,False,False,-1,[],
12.72.2-12.e.1.6,,12,72,2,0,False,False,-1,[],
12.72.2-12.e.1.7,,12,72,2,0,False,False,-1,[],
12.72.2-12.e.1.8,,12,72,2,0,False,False,-1,[],
12.72.2-12.f.1.1,,12,72,2,0,False,False,-1,[],
12.72.2-12.f.1.2,,12,72,2,0,False,False,-1,[],
12.72.2-12.f.1.3,,12,72,2,0,False,False,-1,[],
12.72.2-12.f.1.4,,12,72,2,0,False,False,-1,[],
12.72.2-12.f.1.5,,12,72,2,0,False,False,-1,[],
12.72.2-12.f.1.6,,12,72,2,0,False,False,-1,[],
12.72.2-12.f.1.7,,12,72,2,0,False,False,-1,[],
12.72.2-12.f.1.8,,12,72,2,0,False,False,-1,[],
12.72.2-12.g.1.1,,12,72,2,0,False,False,-1,[],
12.72.2-12.g.1.2,,12,72,2,0,False,False,-1,[],
12.72.2-12.g.1.3,,12,72,2,0,False,False,-1,[],
12.72.2-12.g.1.4,,12,72,2,0,False,False,-1,[],
12.72.2-12.g.1.5,,12,72,2,0,False,False,-1,[],
12.72.2-12.g.1.6,,12,72,2,0,False,False,-1,[],
12.72.2-12.g.1.7,,12,72,2,0,False,False,-1,[],
12.72.2-12.g.1.8,,12,72,2,0,False,False,-1,[],
12.72.2-12.h.1.1,,12,72,2,0,False,False,-1,[],
12.72.2-12.h.1.2,,12,72,2,0,False,False,-1,[],
12.72.2-12.h.1.3,,12,72,2,0,False,False,-1,[],
12.72.2-12.h.1.4,,12,72,2,0,False,False,-1,[],
12.72.2-12.h.1.5,,12,72,2,0,False,False,-1,[],
12.72.2-12.h.1.6,,12,72,2,0,False,False,-1,[],
12.72.2-12.h.1.7,,12,72,2,0,False,False,-1,[],
12.72.2-12.h.1.8,,12,72,2,0,False,False,-1,[],
12.72.2-12.l.1.1,,12,72,2,0,False,False,-1,[],
12.72.2-12.l.1.2,,12,72,2,0,False,False,-1,[],
12.72.2-12.l.1.3,,12,72,2,0,False,False,-1,[],
12.72.2-12.l.1.4,,12,72,2,0,False,False,-1,[],
12.72.2-12.n.1.1,,12,72,2,0,False,False,-1,[],
12.72.2-12.n.1.2,,12,72,2,0,False,False,-1,[],
12.72.2-12.n.1.3,,12,72,2,0,False,False,-1,[],
12.72.2-12.n.1.4,,12,72,2,0,False,False,-1,[],
12.72.2-12.p.1.1,,12,72,2,0,False,False,-1,[],
12.72.2-12.p.1.2,,12,72,2,0,False,False,-1,[],
12.72.2-12.p.1.3,,12,72,2,0,False,False,-1,[],
12.72.2-12.p.1.4,,12,72,2,0,False,False,-1,[],
12.72.2-12.p.1.5,,12,72,2,0,False,False,-1,[],
12.72.2-12.p.1.6,,12,72,2,0,False,False,-1,[],
12.72.2-12.p.1.7,,12,72,2,0,False,False,-1,[],
12.72.2-12.p.1.8,,12,72,2,0,False,False,-1,[],
12.72.2-12.s.1.1,,12,72,2,0,False,False,-1,[],
12.72.2-12.s.1.2,,12,72,2,0,False,False,-1,[],
12.72.2-12.s.1.3,,12,72,2,0,False,False,-1,[],
12.72.2-12.s.1.4,,12,72,2,0,False,False,-1,[],
12.72.2-12.t.1.1,,12,72,2,0,False,False,-1,[],
12.72.2-12.t.1.2,,12,72,2,0,False,False,-1,[],
12.72.2-12.t.1.3,,12,72,2,0,False,False,-1,[],
12.72.2-12.t.1.4,,12,72,2,0,False,False,-1,[],
12.72.2-12.w.1.1,,12,72,2,0,False,False,-1,[],
12.72.2-12.w.1.2,,12,72,2,0,False,False,-1,[],
12.72.2-12.w.1.3,,12,72,2,0,False,False,-1,[],
12.72.2-12.w.1.4,,12,72,2,0,False,False,-1,[],
12.72.2-12.x.1.1,,12,72,2,0,False,False,-1,[],
12.72.2-12.x.1.2,,12,72,2,0,False,False,-1,[],
12.72.2-12.x.1.3,,12,72,2,0,False,False,-1,[],
12.72.2-12.x.1.4,,12,72,2,0,False,False,-1,[],
12.72.2.a.1,,12,72,2,0,False,False,-1,[],
12.72.2.b.1,,12,72,2,0,False,,0,[],
12.72.2.c.1,,12,72,2,0,False,False,-1,[],
12.72.2.d.1,,12,72,2,0,False,False,-1,[],
12.72.2.e.1,,12,72,2,0,False,False,-1,[],
12.72.2.f.1,,12,72,2,0,False,False,-1,[],
12.72.2.h.1,,12,72,2,0,False,False,-1,[],
12.72.2.i.1,,12,72,2,0,False,,0,[],
12.72.2.l.1,,12,72,2,0,False,,0,[],
12.72.2.m.1,,12,72,2,0,False,,0,[],
12.72.2.o.1,,12,72,2,0,False,,0,[],
12.72.2.p.1,,12,72,2,0,False,False,-1,[],
12.72.2.q.1,,12,72,2,0,False,,0,[],
12.72.2.r.1,,12,72,2,0,False,,0,[],
12.96.2-12.a.1.1,,12,96,2,0,True,False,-1,[],
12.96.2-12.a.1.2,,12,96,2,0,True,False,-1,[],
12.96.2-12.a.1.3,,12,96,2,0,True,False,-1,[],
12.96.2-12.a.1.4,,12,96,2,0,True,False,-1,[],
12.96.2-12.a.1.5,,12,96,2,0,True,False,-1,[],
12.96.2-12.a.1.6,,12,96,2,0,True,False,-1,[],
12.96.2-12.a.1.7,,12,96,2,0,True,False,-1,[],
12.96.2-12.a.1.8,,12,96,2,0,True,False,-1,[],
12.96.2-12.a.2.1,,12,96,2,0,True,False,-1,[],
12.96.2-12.a.2.2,,12,96,2,0,True,False,-1,[],
12.96.2-12.a.2.3,,12,96,2,0,True,False,-1,[],
12.96.2-12.a.2.4,,12,96,2,0,True,False,-1,[],
12.96.2-12.a.2.5,,12,96,2,0,True,False,-1,[],
12.96.2-12.a.2.6,,12,96,2,0,True,False,-1,[],
12.96.2-12.a.2.7,,12,96,2,0,True,False,-1,[],
12.96.2-12.a.2.8,,12,96,2,0,True,False,-1,[],
12.96.2-12.b.1.1,,12,96,2,0,True,False,-1,[],
12.96.2-12.b.1.2,,12,96,2,0,True,False,-1,[],
12.96.2-12.b.1.3,,12,96,2,0,True,False,-1,[],
12.96.2-12.b.1.4,,12,96,2,0,True,False,-1,[],
12.96.2-12.b.1.5,,12,96,2,0,True,False,-1,[],
12.96.2-12.b.1.6,,12,96,2,0,True,False,-1,[],
12.96.2-12.b.1.7,,12,96,2,0,True,False,-1,[],
12.96.2-12.b.1.8,,12,96,2,0,True,False,-1,[],
12.96.2-12.b.2.1,,12,96,2,0,True,False,-1,[],
12.96.2-12.b.2.2,,12,96,2,0,True,False,-1,[],
12.96.2-12.b.2.3,,12,96,2,0,True,False,-1,[],
12.96.2-12.b.2.4,,12,96,2,0,True,False,-1,[],
12.96.2-12.b.2.5,,12,96,2,0,True,False,-1,[],
12.96.2-12.b.2.6,,12,96,2,0,True,False,-1,[],
12.96.2-12.b.2.7,,12,96,2,0,True,False,-1,[],
12.96.2-12.b.2.8,,12,96,2,0,True,False,-1,[],
12.96.2-12.c.1.1,,12,96,2,0,False,False,-1,[],
12.96.2-12.c.1.2,,12,96,2,0,False,False,-1,[],
12.96.2-12.c.1.3,,12,96,2,0,False,False,-1,[],
12.96.2-12.c.1.4,,12,96,2,0,False,False,-1,[],
12.96.2-12.c.1.5,,12,96,2,0,False,False,-1,[],
12.96.2-12.c.1.6,,12,96,2,0,False,False,-1,[],
12.96.2-12.c.1.7,,12,96,2,0,False,False,-1,[],
12.96.2-12.c.1.8,,12,96,2,0,False,False,-1,[],
12.96.2-12.d.1.1,,12,96,2,0,False,False,-1,[],
12.96.2-12.d.1.2,,12,96,2,0,False,False,-1,[],
12.96.2-12.d.1.3,,12,96,2,0,False,False,-1,[],
12.96.2-12.d.1.4,,12,96,2,0,False,False,-1,[],
12.96.2-12.d.1.5,,12,96,2,0,False,False,-1,[],
12.96.2-12.d.1.6,,12,96,2,0,False,False,-1,[],
12.96.2-12.d.1.7,,12,96,2,0,False,False,-1,[],
12.96.2-12.d.1.8,,12,96,2,0,False,False,-1,[],
12.96.2-12.e.1.1,,12,96,2,0,False,False,-1,[],
12.96.2-12.e.1.2,,12,96,2,0,False,False,-1,[],
12.96.2-12.e.1.3,,12,96,2,0,False,False,-1,[],
12.96.2-12.e.1.4,,12,96,2,0,False,False,-1,[],
12.96.2-12.e.1.5,,12,96,2,0,False,False,-1,[],
12.96.2-12.e.1.6,,12,96,2,0,False,False,-1,[],
12.96.2-12.e.1.7,,12,96,2,0,False,False,-1,[],
12.96.2-12.e.1.8,,12,96,2,0,False,False,-1,[],
12.96.2-12.f.1.1,,12,96,2,0,False,False,-1,[],
12.96.2-12.f.1.2,,12,96,2,0,False,False,-1,[],
12.96.2-12.f.1.3,,12,96,2,0,False,False,-1,[],
12.96.2-12.f.1.4,,12,96,2,0,False,False,-1,[],
12.96.2-12.f.1.5,,12,96,2,0,False,False,-1,[],
12.96.2-12.f.1.6,,12,96,2,0,False,False,-1,[],
12.96.2-12.f.1.7,,12,96,2,0,False,False,-1,[],
12.96.2-12.f.1.8,,12,96,2,0,False,False,-1,[],
13.168.2-13.b.1.1,,13,168,2,0,True,False,-1,[],
13.168.2-13.b.1.2,,13,168,2,0,True,False,-1,[],
13.168.2-13.b.2.1,,13,168,2,0,True,False,-1,[],
13.84.2.b.1,,13,84,2,0,True,False,-1,[],
14.48.2.a.1,,14,48,2,0,False,False,-1,[],
14.48.2.b.1,,14,48,2,0,True,,0,[],
14.48.2.c.1,,14,48,2,0,True,False,-1,[],
14.48.2.c.2,,14,48,2,0,True,False,-1,[],
14.48.2.e.1,,14,48,2,0,True,False,-1,[],
14.48.2.e.2,,14,48,2,0,True,False,-1,[],
14.48.2.f.1,,14,48,2,0,False,False,-1,[],
14.63.2.a.1,,14,63,2,0,True,False,-1,[],
14.96.2-14.a.1.1,,14,96,2,0,False,False,-1,[],
14.96.2-14.a.1.2,,14,96,2,0,False,False,-1,[],
14.96.2-14.b.1.1,,14,96,2,0,True,,0,[],
14.96.2-14.b.1.2,,14,96,2,0,True,,0,[],
14.96.2-14.c.1.1,,14,96,2,0,True,False,-1,[],
14.96.2-14.c.1.2,,14,96,2,0,True,False,-1,[],
14.96.2-14.c.2.1,,14,96,2,0,True,False,-1,[],
14.96.2-14.c.2.2,,14,96,2,0,True,False,-1,[],
14.96.2-14.e.1.1,,14,96,2,0,True,False,-1,[],
14.96.2-14.e.1.2,,14,96,2,0,True,False,-1,[],
14.96.2-14.e.2.1,,14,96,2,0,True,False,-1,[],
14.96.2-14.e.2.2,,14,96,2,0,True,False,-1,[],
14.96.2-14.f.1.1,,14,96,2,0,False,False,-1,[],
14.96.2-14.f.1.2,,14,96,2,0,False,False,-1,[],
15.36.2.a.1,,15,36,2,0,True,False,-1,[],
15.36.2.a.2,,15,36,2,0,True,False,-1,[],
15.40.2.a.1,,15,40,2,0,False,False,-1,[],
15.72.2-15.a.1.1,,15,72,2,0,True,False,-1,[],
15.72.2-15.a.1.2,,15,72,2,0,True,False,-1,[],
15.72.2-15.a.1.3,,15,72,2,0,True,False,-1,[],
15.72.2-15.a.1.4,,15,72,2,0,True,False,-1,[],
15.72.2-15.a.1.5,,15,72,2,0,True,False,-1,[],
15.72.2-15.a.1.6,,15,72,2,0,True,False,-1,[],
15.72.2-15.a.1.7,,15,72,2,0,True,False,-1,[],
15.72.2-15.a.1.8,,15,72,2,0,True,False,-1,[],
15.72.2-15.a.2.1,,15,72,2,0,True,False,-1,[],
15.72.2-15.a.2.2,,15,72,2,0,True,False,-1,[],
15.72.2-15.a.2.3,,15,72,2,0,True,False,-1,[],
15.72.2-15.a.2.4,,15,72,2,0,True,False,-1,[],
15.72.2-15.a.2.5,,15,72,2,0,True,False,-1,[],
15.72.2-15.a.2.6,,15,72,2,0,True,False,-1,[],
15.72.2-15.a.2.7,,15,72,2,0,True,False,-1,[],
15.72.2-15.a.2.8,,15,72,2,0,True,False,-1,[],
15.80.2-15.a.1.1,,15,80,2,0,False,False,-1,[],
15.80.2-15.a.1.2,,15,80,2,0,False,False,-1,[],
15.80.2-15.a.1.3,,15,80,2,0,False,False,-1,[],
15.80.2-15.a.1.4,,15,80,2,0,False,False,-1,[],
15.80.2-15.a.1.5,,15,80,2,0,False,False,-1,[],
15.80.2-15.a.1.6,,15,80,2,0,False,False,-1,[],
15.80.2-15.a.1.7,,15,80,2,0,False,False,-1,[],
15.80.2-15.a.1.8,,15,80,2,0,False,False,-1,[],
16.192.2-16.a.1.1,,16,192,2,0,True,False,-1,[],
16.192.2-16.a.1.10,,16,192,2,0,True,False,-1,[],
16.192.2-16.a.1.11,,16,192,2,0,True,False,-1,[],
16.192.2-16.a.1.12,,16,192,2,0,True,False,-1,[],
16.192.2-16.a.1.13,,16,192,2,0,True,False,-1,[],
16.192.2-16.a.1.14,,16,192,2,0,True,False,-1,[],
16.192.2-16.a.1.15,,16,192,2,0,True,False,-1,[],
16.192.2-16.a.1.16,,16,192,2,0,True,False,-1,[],
16.192.2-16.a.1.2,,16,192,2,0,True,False,-1,[],
16.192.2-16.a.1.3,,16,192,2,0,True,False,-1,[],
16.192.2-16.a.1.4,,16,192,2,0,True,False,-1,[],
16.192.2-16.a.1.5,,16,192,2,0,True,False,-1,[],
16.192.2-16.a.1.6,,16,192,2,0,True,False,-1,[],
16.192.2-16.a.1.7,,16,192,2,0,True,False,-1,[],
16.192.2-16.a.1.8,,16,192,2,0,True,False,-1,[],
16.192.2-16.a.1.9,,16,192,2,0,True,False,-1,[],
16.192.2-16.b.1.1,,16,192,2,0,True,False,-1,[],
16.192.2-16.b.1.10,,16,192,2,0,True,False,-1,[],
16.192.2-16.b.1.11,,16,192,2,0,True,False,-1,[],
16.192.2-16.b.1.12,,16,192,2,0,True,False,-1,[],
16.192.2-16.b.1.13,,16,192,2,0,True,False,-1,[],
16.192.2-16.b.1.14,,16,192,2,0,True,False,-1,[],
16.192.2-16.b.1.15,,16,192,2,0,True,False,-1,[],
16.192.2-16.b.1.16,,16,192,2,0,True,False,-1,[],
16.192.2-16.b.1.2,,16,192,2,0,True,False,-1,[],
16.192.2-16.b.1.3,,16,192,2,0,True,False,-1,[],
16.192.2-16.b.1.4,,16,192,2,0,True,False,-1,[],
16.192.2-16.b.1.5,,16,192,2,0,True,False,-1,[],
16.192.2-16.b.1.6,,16,192,2,0,True,False,-1,[],
16.192.2-16.b.1.7,,16,192,2,0,True,False,-1,[],
16.192.2-16.b.1.8,,16,192,2,0,True,False,-1,[],
16.192.2-16.b.1.9,,16,192,2,0,True,False,-1,[],
16.192.2-16.c.1.1,,16,192,2,0,True,False,-1,[],
16.192.2-16.c.1.10,,16,192,2,0,True,False,-1,[],
16.192.2-16.c.1.11,,16,192,2,0,True,False,-1,[],
16.192.2-16.c.1.12,,16,192,2,0,True,False,-1,[],
16.192.2-16.c.1.13,,16,192,2,0,True,False,-1,[],
16.192.2-16.c.1.14,,16,192,2,0,True,False,-1,[],
16.192.2-16.c.1.15,,16,192,2,0,True,False,-1,[],
16.192.2-16.c.1.16,,16,192,2,0,True,False,-1,[],
16.192.2-16.c.1.2,,16,192,2,0,True,False,-1,[],
16.192.2-16.c.1.3,,16,192,2,0,True,False,-1,[],
16.192.2-16.c.1.4,,16,192,2,0,True,False,-1,[],
16.192.2-16.c.1.5,,16,192,2,0,True,False,-1,[],
16.192.2-16.c.1.6,,16,192,2,0,True,False,-1,[],
16.192.2-16.c.1.7,,16,192,2,0,True,False,-1,[],
16.192.2-16.c.1.8,,16,192,2,0,True,False,-1,[],
16.192.2-16.c.1.9,,16,192,2,0,True,False,-1,[],
16.192.2-16.d.1.1,,16,192,2,0,True,False,-1,[],
16.192.2-16.d.1.10,,16,192,2,0,True,False,-1,[],
16.192.2-16.d.1.11,,16,192,2,0,True,False,-1,[],
16.192.2-16.d.1.12,,16,192,2,0,True,False,-1,[],
16.192.2-16.d.1.13,,16,192,2,0,True,False,-1,[],
16.192.2-16.d.1.14,,16,192,2,0,True,False,-1,[],
16.192.2-16.d.1.15,,16,192,2,0,True,False,-1,[],
16.192.2-16.d.1.16,,16,192,2,0,True,False,-1,[],
16.192.2-16.d.1.2,,16,192,2,0,True,False,-1,[],
16.192.2-16.d.1.3,,16,192,2,0,True,False,-1,[],
16.192.2-16.d.1.4,,16,192,2,0,True,False,-1,[],
16.192.2-16.d.1.5,,16,192,2,0,True,False,-1,[],
16.192.2-16.d.1.6,,16,192,2,0,True,False,-1,[],
16.192.2-16.d.1.7,,16,192,2,0,True,False,-1,[],
16.192.2-16.d.1.8,,16,192,2,0,True,False,-1,[],
16.192.2-16.d.1.9,,16,192,2,0,True,False,-1,[],
16.192.2-16.e.1.1,,16,192,2,0,True,False,-1,[],
16.192.2-16.e.1.10,,16,192,2,0,True,False,-1,[],
16.192.2-16.e.1.11,,16,192,2,0,True,False,-1,[],
16.192.2-16.e.1.12,,16,192,2,0,True,False,-1,[],
16.192.2-16.e.1.13,,16,192,2,0,True,False,-1,[],
16.192.2-16.e.1.14,,16,192,2,0,True,False,-1,[],
16.192.2-16.e.1.15,,16,192,2,0,True,False,-1,[],
16.192.2-16.e.1.16,,16,192,2,0,True,False,-1,[],
16.192.2-16.e.1.2,,16,192,2,0,True,False,-1,[],
16.192.2-16.e.1.3,,16,192,2,0,True,False,-1,[],
16.192.2-16.e.1.4,,16,192,2,0,True,False,-1,[],
16.192.2-16.e.1.5,,16,192,2,0,True,False,-1,[],
16.192.2-16.e.1.6,,16,192,2,0,True,False,-1,[],
16.192.2-16.e.1.7,,16,192,2,0,True,False,-1,[],
16.192.2-16.e.1.8,,16,192,2,0,True,False,-1,[],
16.192.2-16.e.1.9,,16,192,2,0,True,False,-1,[],
16.192.2-16.e.2.1,,16,192,2,0,True,False,-1,[],
16.192.2-16.e.2.10,,16,192,2,0,True,False,-1,[],
16.192.2-16.e.2.11,,16,192,2,0,True,False,-1,[],
16.192.2-16.e.2.12,,16,192,2,0,True,False,-1,[],
16.192.2-16.e.2.13,,16,192,2,0,True,False,-1,[],
16.192.2-16.e.2.14,,16,192,2,0,True,False,-1,[],
16.192.2-16.e.2.15,,16,192,2,0,True,False,-1,[],
16.192.2-16.e.2.16,,16,192,2,0,True,False,-1,[],
16.192.2-16.e.2.2,,16,192,2,0,True,False,-1,[],
16.192.2-16.e.2.3,,16,192,2,0,True,False,-1,[],
16.192.2-16.e.2.4,,16,192,2,0,True,False,-1,[],
16.192.2-16.e.2.5,,16,192,2,0,True,False,-1,[],
16.192.2-16.e.2.6,,16,192,2,0,True,False,-1,[],
16.192.2-16.e.2.7,,16,192,2,0,True,False,-1,[],
16.192.2-16.e.2.8,,16,192,2,0,True,False,-1,[],
16.192.2-16.e.2.9,,16,192,2,0,True,False,-1,[],
16.192.2-16.f.1.1,,16,192,2,0,True,False,-1,[],
16.192.2-16.f.1.10,,16,192,2,0,True,False,-1,[],
16.192.2-16.f.1.11,,16,192,2,0,True,False,-1,[],
16.192.2-16.f.1.12,,16,192,2,0,True,False,-1,[],
16.192.2-16.f.1.13,,16,192,2,0,True,False,-1,[],
16.192.2-16.f.1.14,,16,192,2,0,True,False,-1,[],
16.192.2-16.f.1.15,,16,192,2,0,True,False,-1,[],
16.192.2-16.f.1.16,,16,192,2,0,True,False,-1,[],
16.192.2-16.f.1.2,,16,192,2,0,True,False,-1,[],
16.192.2-16.f.1.3,,16,192,2,0,True,False,-1,[],
16.192.2-16.f.1.4,,16,192,2,0,True,False,-1,[],
16.192.2-16.f.1.5,,16,192,2,0,True,False,-1,[],
16.192.2-16.f.1.6,,16,192,2,0,True,False,-1,[],
16.192.2-16.f.1.7,,16,192,2,0,True,False,-1,[],
16.192.2-16.f.1.8,,16,192,2,0,True,False,-1,[],
16.192.2-16.f.1.9,,16,192,2,0,True,False,-1,[],
16.192.2-16.f.2.1,,16,192,2,0,True,False,-1,[],
16.192.2-16.f.2.10,,16,192,2,0,True,False,-1,[],
16.192.2-16.f.2.11,,16,192,2,0,True,False,-1,[],
16.192.2-16.f.2.12,,16,192,2,0,True,False,-1,[],
16.192.2-16.f.2.13,,16,192,2,0,True,False,-1,[],
16.192.2-16.f.2.14,,16,192,2,0,True,False,-1,[],
16.192.2-16.f.2.15,,16,192,2,0,True,False,-1,[],
16.192.2-16.f.2.16,,16,192,2,0,True,False,-1,[],
16.192.2-16.f.2.2,,16,192,2,0,True,False,-1,[],
16.192.2-16.f.2.3,,16,192,2,0,True,False,-1,[],
16.192.2-16.f.2.4,,16,192,2,0,True,False,-1,[],
16.192.2-16.f.2.5,,16,192,2,0,True,False,-1,[],
16.192.2-16.f.2.6,,16,192,2,0,True,False,-1,[],
16.192.2-16.f.2.7,,16,192,2,0,True,False,-1,[],
16.192.2-16.f.2.8,,16,192,2,0,True,False,-1,[],
16.192.2-16.f.2.9,,16,192,2,0,True,False,-1,[],
16.192.2-16.g.1.1,,16,192,2,0,True,False,-1,[],
16.192.2-16.g.1.10,,16,192,2,0,True,False,-1,[],
16.192.2-16.g.1.11,,16,192,2,0,True,False,-1,[],
16.192.2-16.g.1.12,,16,192,2,0,True,False,-1,[],
16.192.2-16.g.1.13,,16,192,2,0,True,False,-1,[],
16.192.2-16.g.1.14,,16,192,2,0,True,False,-1,[],
16.192.2-16.g.1.15,,16,192,2,0,True,False,-1,[],
16.192.2-16.g.1.16,,16,192,2,0,True,False,-1,[],
16.192.2-16.g.1.2,,16,192,2,0,True,False,-1,[],
16.192.2-16.g.1.3,,16,192,2,0,True,False,-1,[],
16.192.2-16.g.1.4,,16,192,2,0,True,False,-1,[],
16.192.2-16.g.1.5,,16,192,2,0,True,False,-1,[],
16.192.2-16.g.1.6,,16,192,2,0,True,False,-1,[],
16.192.2-16.g.1.7,,16,192,2,0,True,False,-1,[],
16.192.2-16.g.1.8,,16,192,2,0,True,False,-1,[],
16.192.2-16.g.1.9,,16,192,2,0,True,False,-1,[],
16.192.2-16.g.2.1,,16,192,2,0,True,False,-1,[],
16.192.2-16.g.2.10,,16,192,2,0,True,False,-1,[],
16.192.2-16.g.2.11,,16,192,2,0,True,False,-1,[],
16.192.2-16.g.2.12,,16,192,2,0,True,False,-1,[],
16.192.2-16.g.2.13,,16,192,2,0,True,False,-1,[],
16.192.2-16.g.2.14,,16,192,2,0,True,False,-1,[],
16.192.2-16.g.2.15,,16,192,2,0,True,False,-1,[],
16.192.2-16.g.2.16,,16,192,2,0,True,False,-1,[],
16.192.2-16.g.2.2,,16,192,2,0,True,False,-1,[],
16.192.2-16.g.2.3,,16,192,2,0,True,False,-1,[],
16.192.2-16.g.2.4,,16,192,2,0,True,False,-1,[],
16.192.2-16.g.2.5,,16,192,2,0,True,False,-1,[],
16.192.2-16.g.2.6,,16,192,2,0,True,False,-1,[],
16.192.2-16.g.2.7,,16,192,2,0,True,False,-1,[],
16.192.2-16.g.2.8,,16,192,2,0,True,False,-1,[],
16.192.2-16.g.2.9,,16,192,2,0,True,False,-1,[],
16.192.2-16.h.1.1,,16,192,2,0,True,False,-1,[],
16.192.2-16.h.1.10,,16,192,2,0,True,False,-1,[],
16.192.2-16.h.1.11,,16,192,2,0,True,False,-1,[],
16.192.2-16.h.1.12,,16,192,2,0,True,False,-1,[],
16.192.2-16.h.1.13,,16,192,2,0,True,False,-1,[],
16.192.2-16.h.1.14,,16,192,2,0,True,False,-1,[],
16.192.2-16.h.1.15,,16,192,2,0,True,False,-1,[],
16.192.2-16.h.1.16,,16,192,2,0,True,False,-1,[],
16.192.2-16.h.1.2,,16,192,2,0,True,False,-1,[],
16.192.2-16.h.1.3,,16,192,2,0,True,False,-1,[],
16.192.2-16.h.1.4,,16,192,2,0,True,False,-1,[],
16.192.2-16.h.1.5,,16,192,2,0,True,False,-1,[],
16.192.2-16.h.1.6,,16,192,2,0,True,False,-1,[],
16.192.2-16.h.1.7,,16,192,2,0,True,False,-1,[],
16.192.2-16.h.1.8,,16,192,2,0,True,False,-1,[],
16.192.2-16.h.1.9,,16,192,2,0,True,False,-1,[],
16.192.2-16.h.2.1,,16,192,2,0,True,False,-1,[],
16.192.2-16.h.2.10,,16,192,2,0,True,False,-1,[],
16.192.2-16.h.2.11,,16,192,2,0,True,False,-1,[],
16.192.2-16.h.2.12,,16,192,2,0,True,False,-1,[],
16.192.2-16.h.2.13,,16,192,2,0,True,False,-1,[],
16.192.2-16.h.2.14,,16,192,2,0,True,False,-1,[],
16.192.2-16.h.2.15,,16,192,2,0,True,False,-1,[],
16.192.2-16.h.2.16,,16,192,2,0,True,False,-1,[],
16.192.2-16.h.2.2,,16,192,2,0,True,False,-1,[],
16.192.2-16.h.2.3,,16,192,2,0,True,False,-1,[],
16.192.2-16.h.2.4,,16,192,2,0,True,False,-1,[],
16.192.2-16.h.2.5,,16,192,2,0,True,False,-1,[],
16.192.2-16.h.2.6,,16,192,2,0,True,False,-1,[],
16.192.2-16.h.2.7,,16,192,2,0,True,False,-1,[],
16.192.2-16.h.2.8,,16,192,2,0,True,False,-1,[],
16.192.2-16.h.2.9,,16,192,2,0,True,False,-1,[],
16.192.2-16.i.1.1,,16,192,2,0,True,False,-1,[],
16.192.2-16.i.1.2,,16,192,2,0,True,False,-1,[],
16.192.2-16.i.1.3,,16,192,2,0,True,False,-1,[],
16.192.2-16.i.1.4,,16,192,2,0,True,False,-1,[],
16.192.2-16.i.1.5,,16,192,2,0,True,False,-1,[],
16.192.2-16.i.1.6,,16,192,2,0,True,False,-1,[],
16.192.2-16.i.1.7,,16,192,2,0,True,False,-1,[],
16.192.2-16.i.1.8,,16,192,2,0,True,False,-1,[],
16.192.2-16.i.2.1,,16,192,2,0,True,False,-1,[],
16.192.2-16.i.2.2,,16,192,2,0,True,False,-1,[],
16.192.2-16.i.2.3,,16,192,2,0,True,False,-1,[],
16.192.2-16.i.2.4,,16,192,2,0,True,False,-1,[],
16.192.2-16.i.2.5,,16,192,2,0,True,False,-1,[],
16.192.2-16.i.2.6,,16,192,2,0,True,False,-1,[],
16.192.2-16.i.2.7,,16,192,2,0,True,False,-1,[],
16.192.2-16.i.2.8,,16,192,2,0,True,False,-1,[],
16.192.2-16.j.1.1,,16,192,2,0,True,False,-1,[],
16.192.2-16.j.1.2,,16,192,2,0,True,False,-1,[],
16.192.2-16.j.1.3,,16,192,2,0,True,False,-1,[],
16.192.2-16.j.1.4,,16,192,2,0,True,False,-1,[],
16.192.2-16.j.1.5,,16,192,2,0,True,False,-1,[],
16.192.2-16.j.1.6,,16,192,2,0,True,False,-1,[],
16.192.2-16.j.1.7,,16,192,2,0,True,False,-1,[],
16.192.2-16.j.1.8,,16,192,2,0,True,False,-1,[],
16.192.2-16.j.2.1,,16,192,2,0,True,False,-1,[],
16.192.2-16.j.2.2,,16,192,2,0,True,False,-1,[],
16.192.2-16.j.2.3,,16,192,2,0,True,False,-1,[],
16.192.2-16.j.2.4,,16,192,2,0,True,False,-1,[],
16.192.2-16.j.2.5,,16,192,2,0,True,False,-1,[],
16.192.2-16.j.2.6,,16,192,2,0,True,False,-1,[],
16.192.2-16.j.2.7,,16,192,2,0,True,False,-1,[],
16.192.2-16.j.2.8,,16,192,2,0,True,False,-1,[],
16.192.2-16.k.1.1,,16,192,2,0,True,False,-1,[],
16.192.2-16.k.1.2,,16,192,2,0,True,False,-1,[],
16.192.2-16.k.1.3,,16,192,2,0,True,False,-1,[],
16.192.2-16.k.1.4,,16,192,2,0,True,False,-1,[],
16.192.2-16.k.1.5,,16,192,2,0,True,False,-1,[],
16.192.2-16.k.1.6,,16,192,2,0,True,False,-1,[],
16.192.2-16.k.1.7,,16,192,2,0,True,False,-1,[],
16.192.2-16.k.1.8,,16,192,2,0,True,False,-1,[],
16.192.2-16.k.2.1,,16,192,2,0,True,False,-1,[],
16.192.2-16.k.2.2,,16,192,2,0,True,False,-1,[],
16.192.2-16.k.2.3,,16,192,2,0,True,False,-1,[],
16.192.2-16.k.2.4,,16,192,2,0,True,False,-1,[],
16.192.2-16.k.2.5,,16,192,2,0,True,False,-1,[],
16.192.2-16.k.2.6,,16,192,2,0,True,False,-1,[],
16.192.2-16.k.2.7,,16,192,2,0,True,False,-1,[],
16.192.2-16.k.2.8,,16,192,2,0,True,False,-1,[],
16.192.2-16.l.1.2,,16,192,2,0,True,False,-1,[],
16.192.2-16.l.1.3,,16,192,2,0,True,False,-1,[],
16.192.2-16.l.1.4,,16,192,2,0,True,False,-1,[],
16.192.2-16.l.1.5,,16,192,2,0,True,False,-1,[],
16.192.2-16.l.1.6,,16,192,2,0,True,False,-1,[],
16.192.2-16.l.1.7,,16,192,2,0,True,False,-1,[],
16.192.2-16.l.1.8,,16,192,2,0,True,False,-1,[],
16.192.2-16.l.2.1,,16,192,2,0,True,False,-1,[],
16.192.2-16.l.2.2,,16,192,2,0,True,False,-1,[],
16.192.2-16.l.2.3,,16,192,2,0,True,False,-1,[],
16.192.2-16.l.2.4,,16,192,2,0,True,False,-1,[],
16.192.2-16.l.2.5,,16,192,2,0,True,False,-1,[],
16.192.2-16.l.2.6,,16,192,2,0,True,False,-1,[],
16.192.2-16.l.2.7,,16,192,2,0,True,False,-1,[],
16.192.2-16.l.2.8,,16,192,2,0,True,False,-1,[],
16.24.2.a.1,,16,24,2,0,True,False,-1,[],
16.24.2.a.2,,16,24,2,0,True,False,-1,[],
16.24.2.b.1,,16,24,2,0,True,False,-1,[],
16.24.2.b.2,,16,24,2,0,True,False,-1,[],
16.24.2.c.1,,16,24,2,0,False,False,-1,[],
16.24.2.d.1,,16,24,2,0,False,False,-1,[],
16.24.2.e.1,,16,24,2,0,False,False,-1,[],
16.48.2-16.c.1.1,,16,48,2,0,False,False,-1,[],
16.48.2-16.c.1.2,,16,48,2,0,False,False,-1,[],
16.48.2-16.c.1.3,,16,48,2,0,False,False,-1,[],
16.48.2-16.c.1.4,,16,48,2,0,False,False,-1,[],
16.48.2-16.c.1.5,,16,48,2,0,False,False,-1,[],
16.48.2-16.c.1.6,,16,48,2,0,False,False,-1,[],
16.48.2-16.c.1.7,,16,48,2,0,False,False,-1,[],
16.48.2-16.c.1.8,,16,48,2,0,False,False,-1,[],
16.48.2-16.d.1.1,,16,48,2,0,False,False,-1,[],
16.48.2-16.d.1.2,,16,48,2,0,False,False,-1,[],
16.48.2-16.d.1.3,,16,48,2,0,False,False,-1,[],
16.48.2-16.d.1.4,,16,48,2,0,False,False,-1,[],
16.48.2-16.d.1.5,,16,48,2,0,False,False,-1,[],
16.48.2-16.d.1.6,,16,48,2,0,False,False,-1,[],
16.48.2-16.d.1.7,,16,48,2,0,False,False,-1,[],
16.48.2-16.d.1.8,,16,48,2,0,False,False,-1,[],
16.48.2-16.e.1.1,,16,48,2,0,False,False,-1,[],
16.48.2-16.e.1.2,,16,48,2,0,False,False,-1,[],
16.48.2-16.e.1.3,,16,48,2,0,False,False,-1,[],
16.48.2-16.e.1.4,,16,48,2,0,False,False,-1,[],
16.48.2-16.e.1.5,,16,48,2,0,False,False,-1,[],
16.48.2-16.e.1.6,,16,48,2,0,False,False,-1,[],
16.48.2-16.e.1.7,,16,48,2,0,False,False,-1,[],
16.48.2-16.e.1.8,,16,48,2,0,False,False,-1,[],
16.48.2.bb.1,,16,48,2,0,False,False,-1,[],
16.48.2.bd.1,,16,48,2,0,False,,0,[],
16.48.2.bh.1,,16,48,2,0,False,False,-1,[],
16.48.2.bl.1,,16,48,2,0,False,False,-1,[],
16.48.2.bn.1,,16,48,2,0,False,,0,[],
16.48.2.bw.1,,16,48,2,0,False,False,-1,[],
16.48.2.d.1,,16,48,2,0,True,False,-1,[],
16.48.2.d.2,,16,48,2,0,True,False,-1,[],
16.48.2.k.1,,16,48,2,0,True,False,-1,[],
16.48.2.r.1,,16,48,2,0,False,False,-1,[],
16.48.2.s.1,,16,48,2,0,False,False,-1,[],
16.48.2.t.1,,16,48,2,0,False,False,-1,[],
16.48.2.u.1,,16,48,2,0,False,,0,[],
16.48.2.w.1,,16,48,2,0,False,False,-1,[],
16.48.2.x.1,,16,48,2,0,False,,0,[],
16.48.2.z.1,,16,48,2,0,False,False,-1,[],
16.96.2-16.bb.1.1,,16,96,2,0,False,False,-1,[],
16.96.2-16.bb.1.2,,16,96,2,0,False,False,-1,[],
16.96.2-16.bb.1.3,,16,96,2,0,False,False,-1,[],
16.96.2-16.bb.1.4,,16,96,2,0,False,False,-1,[],
16.96.2-16.bh.1.1,,16,96,2,0,False,False,-1,[],
16.96.2-16.bh.1.2,,16,96,2,0,False,False,-1,[],
16.96.2-16.bh.1.3,,16,96,2,0,False,False,-1,[],
16.96.2-16.bh.1.4,,16,96,2,0,False,False,-1,[],
16.96.2-16.d.1.1,,16,96,2,0,True,False,-1,[],
16.96.2-16.d.1.10,,16,96,2,0,True,False,-1,[],
16.96.2-16.d.1.11,,16,96,2,0,True,False,-1,[],
16.96.2-16.d.1.12,,16,96,2,0,True,False,-1,[],
16.96.2-16.d.1.2,,16,96,2,0,True,False,-1,[],
16.96.2-16.d.1.3,,16,96,2,0,True,False,-1,[],
16.96.2-16.d.1.4,,16,96,2,0,True,False,-1,[],
16.96.2-16.d.1.5,,16,96,2,0,True,False,-1,[],
16.96.2-16.d.1.6,,16,96,2,0,True,False,-1,[],
16.96.2-16.d.1.7,,16,96,2,0,True,False,-1,[],
16.96.2-16.d.1.8,,16,96,2,0,True,False,-1,[],
16.96.2-16.d.1.9,,16,96,2,0,True,False,-1,[],
16.96.2-16.d.2.1,,16,96,2,0,True,False,-1,[],
16.96.2-16.d.2.10,,16,96,2,0,True,False,-1,[],
16.96.2-16.d.2.11,,16,96,2,0,True,False,-1,[],
16.96.2-16.d.2.12,,16,96,2,0,True,False,-1,[],
16.96.2-16.d.2.2,,16,96,2,0,True,False,-1,[],
16.96.2-16.d.2.3,,16,96,2,0,True,False,-1,[],
16.96.2-16.d.2.4,,16,96,2,0,True,False,-1,[],
16.96.2-16.d.2.5,,16,96,2,0,True,False,-1,[],
16.96.2-16.d.2.6,,16,96,2,0,True,False,-1,[],
16.96.2-16.d.2.7,,16,96,2,0,True,False,-1,[],
16.96.2-16.d.2.8,,16,96,2,0,True,False,-1,[],
16.96.2-16.d.2.9,,16,96,2,0,True,False,-1,[],
16.96.2-16.k.1.1,,16,96,2,0,True,False,-1,[],
16.96.2-16.k.1.10,,16,96,2,0,True,False,-1,[],
16.96.2-16.k.1.11,,16,96,2,0,True,False,-1,[],
16.96.2-16.k.1.12,,16,96,2,0,True,False,-1,[],
16.96.2-16.k.1.2,,16,96,2,0,True,False,-1,[],
16.96.2-16.k.1.3,,16,96,2,0,True,False,-1,[],
16.96.2-16.k.1.4,,16,96,2,0,True,False,-1,[],
16.96.2-16.k.1.5,,16,96,2,0,True,False,-1,[],
16.96.2-16.k.1.6,,16,96,2,0,True,False,-1,[],
16.96.2-16.k.1.7,,16,96,2,0,True,False,-1,[],
16.96.2-16.k.1.8,,16,96,2,0,True,False,-1,[],
16.96.2-16.k.1.9,,16,96,2,0,True,False,-1,[],
16.96.2-16.r.1.1,,16,96,2,0,False,False,-1,[],
16.96.2-16.r.1.2,,16,96,2,0,False,False,-1,[],
16.96.2-16.r.1.3,,16,96,2,0,False,False,-1,[],
16.96.2-16.r.1.4,,16,96,2,0,False,False,-1,[],
16.96.2-16.s.1.1,,16,96,2,0,False,False,-1,[],
16.96.2-16.s.1.2,,16,96,2,0,False,False,-1,[],
16.96.2-16.s.1.3,,16,96,2,0,False,False,-1,[],
16.96.2-16.s.1.4,,16,96,2,0,False,False,-1,[],
16.96.2-16.t.1.1,,16,96,2,0,False,False,-1,[],
16.96.2-16.t.1.2,,16,96,2,0,False,False,-1,[],
16.96.2-16.t.1.3,,16,96,2,0,False,False,-1,[],
16.96.2-16.t.1.4,,16,96,2,0,False,False,-1,[],
16.96.2-16.z.1.1,,16,96,2,0,False,False,-1,[],
16.96.2-16.z.1.2,,16,96,2,0,False,False,-1,[],
16.96.2-16.z.1.3,,16,96,2,0,False,False,-1,[],
16.96.2-16.z.1.4,,16,96,2,0,False,False,-1,[],
16.96.2.a.1,,16,96,2,0,True,False,-1,[],
16.96.2.b.1,,16,96,2,0,True,False,-1,[],
16.96.2.c.1,,16,96,2,0,True,False,-1,[],
16.96.2.d.1,,16,96,2,0,True,False,-1,[],
16.96.2.e.1,,16,96,2,0,True,False,-1,[],
16.96.2.e.2,,16,96,2,0,True,False,-1,[],
16.96.2.f.1,,16,96,2,0,True,False,-1,[],
16.96.2.f.2,,16,96,2,0,True,False,-1,[],
16.96.2.g.1,,16,96,2,0,True,False,-1,[],
16.96.2.g.2,,16,96,2,0,True,False,-1,[],
16.96.2.h.1,,16,96,2,0,True,False,-1,[],
16.96.2.h.2,,16,96,2,0,True,False,-1,[],
16.96.2.i.1,,16,96,2,0,True,False,-1,[],
16.96.2.i.2,,16,96,2,0,True,False,-1,[],
16.96.2.j.1,,16,96,2,0,True,False,-1,[],
16.96.2.j.2,,16,96,2,0,True,False,-1,[],
16.96.2.k.1,,16,96,2,0,True,False,-1,[],
16.96.2.k.2,,16,96,2,0,True,False,-1,[],
16.96.2.l.2,,16,96,2,0,True,False,-1,[],
18.108.2.a.1,,18,108,2,0,True,False,-1,[],
18.108.2.b.1,,18,108,2,0,False,False,-1,[],
18.108.2.c.1,,18,108,2,0,False,,0,[],
18.108.2.d.2,,18,108,2,0,True,False,-1,[],
18.108.2.e.1,,18,108,2,0,False,,0,[],
18.144.2-18.a.1.1,,18,144,2,0,False,,0,[],
18.144.2-18.a.1.2,,18,144,2,0,False,,0,[],
18.144.2-18.b.1.1,,18,144,2,0,True,False,-1,[],
18.144.2-18.b.1.2,,18,144,2,0,True,False,-1,[],
18.144.2-18.b.2.1,,18,144,2,0,True,False,-1,[],
18.144.2-18.b.2.2,,18,144,2,0,True,False,-1,[],
18.144.2-18.c.1.1,,18,144,2,0,True,False,-1,[],
18.144.2-18.c.1.2,,18,144,2,0,True,False,-1,[],
18.144.2-18.c.2.1,,18,144,2,0,True,False,-1,[],
18.144.2-18.c.2.2,,18,144,2,0,True,False,-1,[],
18.144.2-18.e.1.1,,18,144,2,0,True,False,-1,[],
18.144.2-18.e.1.2,,18,144,2,0,True,False,-1,[],
18.144.2-18.e.2.1,,18,144,2,0,True,False,-1,[],
18.144.2-18.e.2.2,,18,144,2,0,True,False,-1,[],
18.18.2.a.1,,18,18,2,0,False,False,-1,[],
18.18.2.b.1,,18,18,2,0,False,False,-1,[],
18.216.2-18.a.1.1,,18,216,2,0,True,False,-1,[],
18.216.2-18.a.1.2,,18,216,2,0,True,False,-1,[],
18.216.2-18.a.1.3,,18,216,2,0,True,False,-1,[],
18.216.2-18.a.1.4,,18,216,2,0,True,False,-1,[],
18.216.2-18.b.1.1,,18,216,2,0,False,False,-1,[],
18.216.2-18.b.1.2,,18,216,2,0,False,False,-1,[],
18.216.2-18.c.1.1,,18,216,2,0,False,,0,[],
18.216.2-18.c.1.2,,18,216,2,0,False,,0,[],
18.216.2-18.d.1.2,,18,216,2,0,True,False,-1,[],
18.216.2-18.d.1.3,,18,216,2,0,True,False,-1,[],
18.216.2-18.d.1.4,,18,216,2,0,True,False,-1,[],
18.216.2-18.d.2.1,,18,216,2,0,True,False,-1,[],
18.216.2-18.d.2.2,,18,216,2,0,True,False,-1,[],
18.216.2-18.d.2.3,,18,216,2,0,True,False,-1,[],
18.216.2-18.d.2.4,,18,216,2,0,True,False,-1,[],
18.216.2-18.e.1.1,,18,216,2,0,False,,0,[],
18.216.2-18.e.1.2,,18,216,2,0,False,,0,[],
18.216.2-18.e.1.3,,18,216,2,0,False,,0,[],
18.216.2-18.e.1.4,,18,216,2,0,False,,0,[],
18.24.2.a.1,,18,24,2,0,False,False,-1,[],
18.24.2.b.1,,18,24,2,0,False,False,-1,[],
18.24.2.c.1,,18,24,2,0,False,False,-1,[],
18.36.2.a.1,,18,36,2,0,False,False,-1,[],
18.36.2.c.1,,18,36,2,0,False,False,-1,[],
18.36.2.d.1,,18,36,2,0,False,False,-1,[],
18.48.2-18.a.1.1,,18,48,2,0,False,False,-1,[],
18.48.2-18.a.1.2,,18,48,2,0,False,False,-1,[],
18.48.2-18.b.1.1,,18,48,2,0,False,False,-1,[],
18.48.2-18.b.1.2,,18,48,2,0,False,False,-1,[],
18.48.2-18.c.1.1,,18,48,2,0,False,False,-1,[],
18.48.2-18.c.1.2,,18,48,2,0,False,False,-1,[],
18.54.2.a.1,,18,54,2,0,False,,0,[],
18.72.2-18.c.1.1,,18,72,2,0,False,False,-1,[],
18.72.2-18.c.1.2,,18,72,2,0,False,False,-1,[],
18.72.2-18.c.1.3,,18,72,2,0,False,False,-1,[],
18.72.2-18.c.1.4,,18,72,2,0,False,False,-1,[],
18.72.2-18.d.1.1,,18,72,2,0,False,False,-1,[],
18.72.2-18.d.1.2,,18,72,2,0,False,False,-1,[],
18.72.2-18.d.1.3,,18,72,2,0,False,False,-1,[],
18.72.2-18.d.1.4,,18,72,2,0,False,False,-1,[],
18.72.2-9.a.1.1,,18,72,2,0,True,False,-1,[],
18.72.2.a.1,,18,72,2,0,False,,0,[],
18.72.2.b.1,,18,72,2,0,True,False,-1,[],
18.72.2.b.2,,18,72,2,0,True,False,-1,[],
18.72.2.c.1,,18,72,2,0,True,False,-1,[],
18.72.2.c.2,,18,72,2,0,True,False,-1,[],
18.72.2.e.1,,18,72,2,0,True,False,-1,[],
18.72.2.e.2,,18,72,2,0,True,False,-1,[],
20.30.2.a.1,,20,30,2,0,False,False,-1,[],
20.30.2.b.1,,20,30,2,0,False,False,-1,[],
20.30.2.c.1,,20,30,2,0,False,False,-1,[],
20.30.2.d.1,,20,30,2,0,False,False,-1,[],
20.30.2.g.1,,20,30,2,0,False,False,-1,[],
20.30.2.h.1,,20,30,2,0,False,False,-1,[],
20.30.2.i.1,,20,30,2,0,False,False,-1,[],
20.30.2.j.1,,20,30,2,0,False,False,-1,[],
20.30.2.k.1,,20,30,2,0,False,False,-1,[],
20.36.2.a.1,,20,36,2,0,True,False,-1,[],
20.36.2.a.2,,20,36,2,0,True,False,-1,[],
20.36.2.b.1,,20,36,2,0,True,False,-1,[],
20.36.2.b.2,,20,36,2,0,True,False,-1,[],
20.60.2-10.a.1.1,,20,60,2,0,False,False,-1,[],
20.60.2-10.a.1.2,,20,60,2,0,False,False,-1,[],
20.60.2-10.a.1.3,,20,60,2,0,False,False,-1,[],
20.60.2-10.a.1.4,,20,60,2,0,False,False,-1,[],
20.60.2-10.b.1.1,,20,60,2,0,False,False,-1,[],
20.60.2-10.b.1.2,,20,60,2,0,False,False,-1,[],
20.60.2-10.b.1.3,,20,60,2,0,False,False,-1,[],
20.60.2-10.b.1.4,,20,60,2,0,False,False,-1,[],
20.60.2-20.a.1.1,,20,60,2,0,False,False,-1,[],
20.60.2-20.a.1.2,,20,60,2,0,False,False,-1,[],
20.60.2-20.a.1.3,,20,60,2,0,False,False,-1,[],
20.60.2-20.a.1.4,,20,60,2,0,False,False,-1,[],
20.60.2-20.c.1.1,,20,60,2,0,False,False,-1,[],
20.60.2-20.c.1.2,,20,60,2,0,False,False,-1,[],
20.60.2-20.c.1.3,,20,60,2,0,False,False,-1,[],
20.60.2-20.c.1.4,,20,60,2,0,False,False,-1,[],
20.60.2-20.d.1.1,,20,60,2,0,False,False,-1,[],
20.60.2-20.d.1.2,,20,60,2,0,False,False,-1,[],
20.60.2-20.d.1.3,,20,60,2,0,False,False,-1,[],
20.60.2-20.d.1.4,,20,60,2,0,False,False,-1,[],
20.60.2.b.1,,20,60,2,0,False,,0,[],
20.60.2.c.1,,20,60,2,0,True,False,-1,[],
20.60.2.d.1,,20,60,2,0,False,,0,[],
20.60.2.e.1,,20,60,2,0,False,,0,[],
20.60.2.f.1,,20,60,2,0,False,,0,[],
20.60.2.g.1,,20,60,2,0,False,False,-1,[],
20.60.2.j.1,,20,60,2,0,False,,0,[],
20.90.2.b.1,,20,90,2,0,False,,0,[],
21.24.2.a.1,,21,24,2,0,True,False,-1,[],
21.48.2-21.a.1.1,,21,48,2,0,True,False,-1,[],
21.48.2-21.a.1.2,,21,48,2,0,True,False,-1,[],
21.48.2-21.a.1.3,,21,48,2,0,True,False,-1,[],
21.48.2-21.a.1.4,,21,48,2,0,True,False,-1,[],
21.48.2-21.a.1.5,,21,48,2,0,True,False,-1,[],
21.48.2-21.a.1.6,,21,48,2,0,True,False,-1,[],
21.48.2-21.a.1.7,,21,48,2,0,True,False,-1,[],
21.48.2-21.a.1.8,,21,48,2,0,True,False,-1,[],
22.24.2.a.1,,22,24,2,0,False,False,-1,[],
22.48.2-22.a.1.1,,22,48,2,0,False,False,-1,[],
22.48.2-22.a.1.2,,22,48,2,0,False,False,-1,[],
22.72.2-22.a.1.1,,22,72,2,0,False,False,-1,[],
22.72.2-22.a.1.2,,22,72,2,0,False,False,-1,[],
22.72.2-22.a.1.3,,22,72,2,0,False,False,-1,[],
22.72.2-22.a.1.4,,22,72,2,0,False,False,-1,[],
23.48.2-23.a.1.1,,23,48,2,0,True,False,-1,[],
23.48.2-23.a.1.2,,23,48,2,0,True,False,-1,[],
24.36.2.b.1,,24,36,2,0,False,False,-1,[],
24.36.2.be.1,,24,36,2,0,False,,0,[],
24.36.2.bk.1,,24,36,2,0,False,,0,[],
24.36.2.cc.1,,24,36,2,0,False,False,-1,[],
24.36.2.ci.1,,24,36,2,0,False,False,-1,[],
24.36.2.cj.1,,24,36,2,0,False,False,-1,[],
24.36.2.ck.1,,24,36,2,0,False,False,-1,[],
24.36.2.cl.1,,24,36,2,0,False,False,-1,[],
24.36.2.cm.1,,24,36,2,0,False,False,-1,[],
24.36.2.cn.1,,24,36,2,0,False,False,-1,[],
24.36.2.co.1,,24,36,2,0,False,False,-1,[],
24.36.2.cp.1,,24,36,2,0,False,False,-1,[],
24.36.2.cq.1,,24,36,2,0,False,False,-1,[],
24.36.2.cr.1,,24,36,2,0,False,False,-1,[],
24.36.2.cs.1,,24,36,2,0,False,False,-1,[],
24.36.2.cu.1,,24,36,2,0,False,False,-1,[],
24.36.2.cw.1,,24,36,2,0,False,False,-1,[],
24.36.2.cy.1,,24,36,2,0,False,,0,[],
24.36.2.d.1,,24,36,2,0,False,False,-1,[],
24.36.2.de.1,,24,36,2,0,False,False,-1,[],
24.36.2.df.1,,24,36,2,0,False,,0,[],
24.36.2.dh.1,,24,36,2,0,False,False,-1,[],
24.36.2.dj.1,,24,36,2,0,False,False,-1,[],
24.36.2.dn.1,,24,36,2,0,False,,0,[],
24.36.2.dq.1,,24,36,2,0,False,False,-1,[],
24.36.2.ds.1,,24,36,2,0,False,,0,[],
24.36.2.du.1,,24,36,2,0,False,False,-1,[],
24.36.2.dw.1,,24,36,2,0,False,,0,[],
24.36.2.dx.1,,24,36,2,0,False,,0,[],
24.36.2.dy.1,,24,36,2,0,False,,0,[],
24.36.2.e.1,,24,36,2,0,False,False,-1,[],
24.36.2.ea.1,,24,36,2,0,False,False,-1,[],
24.36.2.ec.1,,24,36,2,0,False,,0,[],
24.36.2.ei.1,,24,36,2,0,False,,0,[],
24.36.2.eo.1,,24,36,2,0,False,,0,[],
24.36.2.ep.1,,24,36,2,0,False,,0,[],
24.36.2.eq.1,,24,36,2,0,False,,0,[],
24.36.2.es.1,,24,36,2,0,False,False,-1,[],
24.36.2.eu.1,,24,36,2,0,False,False,-1,[],
24.36.2.ew.1,,24,36,2,0,False,,0,[],
24.36.2.ex.1,,24,36,2,0,False,,0,[],
24.36.2.ey.1,,24,36,2,0,False,,0,[],
24.36.2.f.1,,24,36,2,0,False,False,-1,[],
24.36.2.fa.1,,24,36,2,0,False,,0,[],
24.36.2.fb.1,,24,36,2,0,False,,0,[],
24.36.2.fc.1,,24,36,2,0,False,,0,[],
24.36.2.ff.1,,24,36,2,0,False,,0,[],
24.36.2.fi.1,,24,36,2,0,False,,0,[],
24.36.2.fl.1,,24,36,2,0,False,,0,[],
24.36.2.fp.1,,24,36,2,0,False,,0,[],
24.36.2.fq.1,,24,36,2,0,False,,0,[],
24.36.2.fr.1,,24,36,2,0,False,,0,[],
24.36.2.fs.1,,24,36,2,0,False,,0,[],
24.36.2.ft.1,,24,36,2,0,False,,0,[],
24.36.2.fu.1,,24,36,2,0,False,,0,[],
24.36.2.fv.1,,24,36,2,0,False,,0,[],
24.36.2.gg.1,,24,36,2,0,False,False,-1,[],
24.36.2.gi.1,,24,36,2,0,False,False,-1,[],
24.36.2.gl.1,,24,36,2,0,False,False,-1,[],
24.36.2.gn.1,,24,36,2,0,False,False,-1,[],
24.36.2.h.1,,24,36,2,0,False,False,-1,[],
24.36.2.j.1,,24,36,2,0,False,False,-1,[],
24.36.2.n.1,,24,36,2,0,False,False,-1,[],
24.36.2.o.1,,24,36,2,0,False,,0,[],
24.36.2.q.1,,24,36,2,0,False,False,-1,[],
24.36.2.t.1,,24,36,2,0,False,,0,[],
24.48.2-12.b.1.1,,24,48,2,0,False,False,-1,[],
24.48.2-12.b.1.2,,24,48,2,0,False,False,-1,[],
24.48.2-12.b.1.3,,24,48,2,0,False,False,-1,[],
24.48.2-12.b.1.4,,24,48,2,0,False,False,-1,[],
24.48.2.a.1,,24,48,2,0,True,False,-1,[],
24.48.2.b.1,,24,48,2,0,True,False,-1,[],
24.48.2.b.2,,24,48,2,0,True,False,-1,[],
24.48.2.c.1,,24,48,2,0,True,False,-1,[],
24.48.2.c.2,,24,48,2,0,True,False,-1,[],
24.48.2.d.1,,24,48,2,0,True,False,-1,[],
24.48.2.d.2,,24,48,2,0,True,False,-1,[],
24.48.2.e.1,,24,48,2,0,True,False,-1,[],
24.48.2.e.2,,24,48,2,0,True,False,-1,[],
24.48.2.f.1,,24,48,2,0,True,False,-1,[],
24.48.2.f.2,,24,48,2,0,True,False,-1,[],
24.48.2.g.1,,24,48,2,0,True,False,-1,[],
24.48.2.g.2,,24,48,2,0,True,False,-1,[],
24.48.2.h.1,,24,48,2,0,False,False,-1,[],
24.48.2.i.1,,24,48,2,0,False,False,-1,[],
24.48.2.k.1,,24,48,2,0,False,False,-1,[],
24.48.2.l.1,,24,48,2,0,False,False,-1,[],
24.48.2.m.1,,24,48,2,0,False,False,-1,[],
24.48.2.n.1,,24,48,2,0,False,False,-1,[],
24.48.2.p.1,,24,48,2,0,False,False,-1,[],
24.48.2.q.1,,24,48,2,0,False,False,-1,[],
24.48.2.r.1,,24,48,2,0,False,False,-1,[],
24.48.2.s.1,,24,48,2,0,False,False,-1,[],
24.72.2-12.a.1.1,,24,72,2,0,False,False,-1,[],
24.72.2-12.a.1.10,,24,72,2,0,False,False,-1,[],
24.72.2-12.a.1.11,,24,72,2,0,False,False,-1,[],
24.72.2-12.a.1.12,,24,72,2,0,False,False,-1,[],
24.72.2-12.a.1.13,,24,72,2,0,False,False,-1,[],
24.72.2-12.a.1.14,,24,72,2,0,False,False,-1,[],
24.72.2-12.a.1.15,,24,72,2,0,False,False,-1,[],
24.72.2-12.a.1.16,,24,72,2,0,False,False,-1,[],
24.72.2-12.a.1.17,,24,72,2,0,False,False,-1,[],
24.72.2-12.a.1.18,,24,72,2,0,False,False,-1,[],
24.72.2-12.a.1.19,,24,72,2,0,False,False,-1,[],
24.72.2-12.a.1.2,,24,72,2,0,False,False,-1,[],
24.72.2-12.a.1.20,,24,72,2,0,False,False,-1,[],
24.72.2-12.a.1.21,,24,72,2,0,False,False,-1,[],
24.72.2-12.a.1.22,,24,72,2,0,False,False,-1,[],
24.72.2-12.a.1.23,,24,72,2,0,False,False,-1,[],
24.72.2-12.a.1.24,,24,72,2,0,False,False,-1,[],
24.72.2-12.a.1.3,,24,72,2,0,False,False,-1,[],
24.72.2-12.a.1.4,,24,72,2,0,False,False,-1,[],
24.72.2-12.a.1.5,,24,72,2,0,False,False,-1,[],
24.72.2-12.a.1.6,,24,72,2,0,False,False,-1,[],
24.72.2-12.a.1.7,,24,72,2,0,False,False,-1,[],
24.72.2-12.a.1.8,,24,72,2,0,False,False,-1,[],
24.72.2-12.a.1.9,,24,72,2,0,False,False,-1,[],
24.72.2-12.b.1.1,,24,72,2,0,False,False,-1,[],
24.72.2-12.b.1.10,,24,72,2,0,False,False,-1,[],
24.72.2-12.b.1.11,,24,72,2,0,False,False,-1,[],
24.72.2-12.b.1.12,,24,72,2,0,False,False,-1,[],
24.72.2-12.b.1.13,,24,72,2,0,False,False,-1,[],
24.72.2-12.b.1.14,,24,72,2,0,False,False,-1,[],
24.72.2-12.b.1.15,,24,72,2,0,False,False,-1,[],
24.72.2-12.b.1.16,,24,72,2,0,False,False,-1,[],
24.72.2-12.b.1.17,,24,72,2,0,False,False,-1,[],
24.72.2-12.b.1.18,,24,72,2,0,False,False,-1,[],
24.72.2-12.b.1.19,,24,72,2,0,False,False,-1,[],
24.72.2-12.b.1.2,,24,72,2,0,False,False,-1,[],
24.72.2-12.b.1.20,,24,72,2,0,False,False,-1,[],
24.72.2-12.b.1.21,,24,72,2,0,False,False,-1,[],
24.72.2-12.b.1.22,,24,72,2,0,False,False,-1,[],
24.72.2-12.b.1.23,,24,72,2,0,False,False,-1,[],
24.72.2-12.b.1.24,,24,72,2,0,False,False,-1,[],
24.72.2-12.b.1.25,,24,72,2,0,False,False,-1,[],
24.72.2-12.b.1.26,,24,72,2,0,False,False,-1,[],
24.72.2-12.b.1.27,,24,72,2,0,False,False,-1,[],
24.72.2-12.b.1.28,,24,72,2,0,False,False,-1,[],
24.72.2-12.b.1.29,,24,72,2,0,False,False,-1,[],
24.72.2-12.b.1.3,,24,72,2,0,False,False,-1,[],
24.72.2-12.b.1.30,,24,72,2,0,False,False,-1,[],
24.72.2-12.b.1.31,,24,72,2,0,False,False,-1,[],
24.72.2-12.b.1.32,,24,72,2,0,False,False,-1,[],
24.72.2-12.b.1.33,,24,72,2,0,False,False,-1,[],
24.72.2-12.b.1.34,,24,72,2,0,False,False,-1,[],
24.72.2-12.b.1.35,,24,72,2,0,False,False,-1,[],
24.72.2-12.b.1.36,,24,72,2,0,False,False,-1,[],
24.72.2-12.b.1.37,,24,72,2,0,False,False,-1,[],
24.72.2-12.b.1.38,,24,72,2,0,False,False,-1,[],
24.72.2-12.b.1.39,,24,72,2,0,False,False,-1,[],
24.72.2-12.b.1.4,,24,72,2,0,False,False,-1,[],
24.72.2-12.b.1.40,,24,72,2,0,False,False,-1,[],
24.72.2-12.b.1.41,,24,72,2,0,False,False,-1,[],
24.72.2-12.b.1.42,,24,72,2,0,False,False,-1,[],
24.72.2-12.b.1.43,,24,72,2,0,False,False,-1,[],
24.72.2-12.b.1.44,,24,72,2,0,False,False,-1,[],
24.72.2-12.b.1.5,,24,72,2,0,False,False,-1,[],
24.72.2-12.b.1.6,,24,72,2,0,False,False,-1,[],
24.72.2-12.b.1.7,,24,72,2,0,False,False,-1,[],
24.72.2-12.b.1.8,,24,72,2,0,False,False,-1,[],
24.72.2-12.b.1.9,,24,72,2,0,False,False,-1,[],
24.72.2-12.ba.1.1,,24,72,2,0,False,False,-1,[],
24.72.2-12.ba.1.10,,24,72,2,0,False,False,-1,[],
24.72.2-12.ba.1.11,,24,72,2,0,False,False,-1,[],
24.72.2-12.ba.1.12,,24,72,2,0,False,False,-1,[],
24.72.2-12.ba.1.2,,24,72,2,0,False,False,-1,[],
24.72.2-12.ba.1.3,,24,72,2,0,False,False,-1,[],
24.72.2-12.ba.1.4,,24,72,2,0,False,False,-1,[],
24.72.2-12.ba.1.5,,24,72,2,0,False,False,-1,[],
24.72.2-12.ba.1.6,,24,72,2,0,False,False,-1,[],
24.72.2-12.ba.1.7,,24,72,2,0,False,False,-1,[],
24.72.2-12.ba.1.8,,24,72,2,0,False,False,-1,[],
24.72.2-12.ba.1.9,,24,72,2,0,False,False,-1,[],
24.72.2-12.bb.1.1,,24,72,2,0,False,False,-1,[],
24.72.2-12.bb.1.10,,24,72,2,0,False,False,-1,[],
24.72.2-12.bb.1.11,,24,72,2,0,False,False,-1,[],
24.72.2-12.bb.1.12,,24,72,2,0,False,False,-1,[],
24.72.2-12.bb.1.2,,24,72,2,0,False,False,-1,[],
24.72.2-12.bb.1.3,,24,72,2,0,False,False,-1,[],
24.72.2-12.bb.1.4,,24,72,2,0,False,False,-1,[],
24.72.2-12.bb.1.5,,24,72,2,0,False,False,-1,[],
24.72.2-12.bb.1.6,,24,72,2,0,False,False,-1,[],
24.72.2-12.bb.1.7,,24,72,2,0,False,False,-1,[],
24.72.2-12.bb.1.8,,24,72,2,0,False,False,-1,[],
24.72.2-12.bb.1.9,,24,72,2,0,False,False,-1,[],
24.72.2-12.bd.1.1,,24,72,2,0,False,False,-1,[],
24.72.2-12.bd.1.2,,24,72,2,0,False,False,-1,[],
24.72.2-12.bj.1.1,,24,72,2,0,False,False,-1,[],
24.72.2-12.bj.1.2,,24,72,2,0,False,False,-1,[],
24.72.2-12.c.1.1,,24,72,2,0,False,False,-1,[],
24.72.2-12.c.1.2,,24,72,2,0,False,False,-1,[],
24.72.2-12.c.1.3,,24,72,2,0,False,False,-1,[],
24.72.2-12.c.1.4,,24,72,2,0,False,False,-1,[],
24.72.2-12.c.1.5,,24,72,2,0,False,False,-1,[],
24.72.2-12.c.1.6,,24,72,2,0,False,False,-1,[],
24.72.2-12.c.1.7,,24,72,2,0,False,False,-1,[],
24.72.2-12.c.1.8,,24,72,2,0,False,False,-1,[],
24.72.2-12.d.1.1,,24,72,2,0,False,False,-1,[],
24.72.2-12.d.1.2,,24,72,2,0,False,False,-1,[],
24.72.2-12.d.1.3,,24,72,2,0,False,False,-1,[],
24.72.2-12.d.1.4,,24,72,2,0,False,False,-1,[],
24.72.2-12.d.1.5,,24,72,2,0,False,False,-1,[],
24.72.2-12.d.1.6,,24,72,2,0,False,False,-1,[],
24.72.2-12.d.1.7,,24,72,2,0,False,False,-1,[],
24.72.2-12.d.1.8,,24,72,2,0,False,False,-1,[],
24.72.2-12.e.1.1,,24,72,2,0,False,False,-1,[],
24.72.2-12.e.1.2,,24,72,2,0,False,False,-1,[],
24.72.2-12.e.1.3,,24,72,2,0,False,False,-1,[],
24.72.2-12.e.1.4,,24,72,2,0,False,False,-1,[],
24.72.2-12.e.1.5,,24,72,2,0,False,False,-1,[],
24.72.2-12.e.1.6,,24,72,2,0,False,False,-1,[],
24.72.2-12.e.1.7,,24,72,2,0,False,False,-1,[],
24.72.2-12.e.1.8,,24,72,2,0,False,False,-1,[],
24.72.2-12.f.1.1,,24,72,2,0,False,False,-1,[],
24.72.2-12.f.1.2,,24,72,2,0,False,False,-1,[],
24.72.2-12.f.1.3,,24,72,2,0,False,False,-1,[],
24.72.2-12.f.1.4,,24,72,2,0,False,False,-1,[],
24.72.2-12.f.1.5,,24,72,2,0,False,False,-1,[],
24.72.2-12.f.1.6,,24,72,2,0,False,False,-1,[],
24.72.2-12.f.1.7,,24,72,2,0,False,False,-1,[],
24.72.2-12.f.1.8,,24,72,2,0,False,False,-1,[],
24.72.2-12.g.1.1,,24,72,2,0,False,False,-1,[],
24.72.2-12.g.1.2,,24,72,2,0,False,False,-1,[],
24.72.2-12.g.1.3,,24,72,2,0,False,False,-1,[],
24.72.2-12.g.1.4,,24,72,2,0,False,False,-1,[],
24.72.2-12.g.1.5,,24,72,2,0,False,False,-1,[],
24.72.2-12.g.1.6,,24,72,2,0,False,False,-1,[],
24.72.2-12.g.1.7,,24,72,2,0,False,False,-1,[],
24.72.2-12.g.1.8,,24,72,2,0,False,False,-1,[],
24.72.2-12.h.1.1,,24,72,2,0,False,False,-1,[],
24.72.2-12.h.1.2,,24,72,2,0,False,False,-1,[],
24.72.2-12.h.1.3,,24,72,2,0,False,False,-1,[],
24.72.2-12.h.1.4,,24,72,2,0,False,False,-1,[],
24.72.2-12.h.1.5,,24,72,2,0,False,False,-1,[],
24.72.2-12.h.1.6,,24,72,2,0,False,False,-1,[],
24.72.2-12.h.1.7,,24,72,2,0,False,False,-1,[],
24.72.2-12.h.1.8,,24,72,2,0,False,False,-1,[],
24.72.2-12.l.1.1,,24,72,2,0,False,False,-1,[],
24.72.2-12.l.1.2,,24,72,2,0,False,False,-1,[],
24.72.2-12.l.1.3,,24,72,2,0,False,False,-1,[],
24.72.2-12.l.1.4,,24,72,2,0,False,False,-1,[],
24.72.2-12.n.1.1,,24,72,2,0,False,False,-1,[],
24.72.2-12.n.1.2,,24,72,2,0,False,False,-1,[],
24.72.2-12.n.1.3,,24,72,2,0,False,False,-1,[],
24.72.2-12.n.1.4,,24,72,2,0,False,False,-1,[],
24.72.2-12.p.1.1,,24,72,2,0,False,False,-1,[],
24.72.2-12.p.1.10,,24,72,2,0,False,False,-1,[],
24.72.2-12.p.1.11,,24,72,2,0,False,False,-1,[],
24.72.2-12.p.1.12,,24,72,2,0,False,False,-1,[],
24.72.2-12.p.1.13,,24,72,2,0,False,False,-1,[],
24.72.2-12.p.1.14,,24,72,2,0,False,False,-1,[],
24.72.2-12.p.1.15,,24,72,2,0,False,False,-1,[],
24.72.2-12.p.1.16,,24,72,2,0,False,False,-1,[],
24.72.2-12.p.1.17,,24,72,2,0,False,False,-1,[],
24.72.2-12.p.1.18,,24,72,2,0,False,False,-1,[],
24.72.2-12.p.1.19,,24,72,2,0,False,False,-1,[],
24.72.2-12.p.1.2,,24,72,2,0,False,False,-1,[],
24.72.2-12.p.1.20,,24,72,2,0,False,False,-1,[],
24.72.2-12.p.1.21,,24,72,2,0,False,False,-1,[],
24.72.2-12.p.1.22,,24,72,2,0,False,False,-1,[],
24.72.2-12.p.1.23,,24,72,2,0,False,False,-1,[],
24.72.2-12.p.1.24,,24,72,2,0,False,False,-1,[],
24.72.2-12.p.1.3,,24,72,2,0,False,False,-1,[],
24.72.2-12.p.1.4,,24,72,2,0,False,False,-1,[],
24.72.2-12.p.1.5,,24,72,2,0,False,False,-1,[],
24.72.2-12.p.1.6,,24,72,2,0,False,False,-1,[],
24.72.2-12.p.1.7,,24,72,2,0,False,False,-1,[],
24.72.2-12.p.1.8,,24,72,2,0,False,False,-1,[],
24.72.2-12.p.1.9,,24,72,2,0,False,False,-1,[],
24.72.2-12.s.1.1,,24,72,2,0,False,False,-1,[],
24.72.2-12.s.1.10,,24,72,2,0,False,False,-1,[],
24.72.2-12.s.1.11,,24,72,2,0,False,False,-1,[],
24.72.2-12.s.1.12,,24,72,2,0,False,False,-1,[],
24.72.2-12.s.1.2,,24,72,2,0,False,False,-1,[],
24.72.2-12.s.1.3,,24,72,2,0,False,False,-1,[],
24.72.2-12.s.1.4,,24,72,2,0,False,False,-1,[],
24.72.2-12.s.1.5,,24,72,2,0,False,False,-1,[],
24.72.2-12.s.1.6,,24,72,2,0,False,False,-1,[],
24.72.2-12.s.1.7,,24,72,2,0,False,False,-1,[],
24.72.2-12.s.1.8,,24,72,2,0,False,False,-1,[],
24.72.2-12.s.1.9,,24,72,2,0,False,False,-1,[],
24.72.2-12.t.1.1,,24,72,2,0,False,False,-1,[],
24.72.2-12.t.1.10,,24,72,2,0,False,False,-1,[],
24.72.2-12.t.1.11,,24,72,2,0,False,False,-1,[],
24.72.2-12.t.1.12,,24,72,2,0,False,False,-1,[],
24.72.2-12.t.1.2,,24,72,2,0,False,False,-1,[],
24.72.2-12.t.1.3,,24,72,2,0,False,False,-1,[],
24.72.2-12.t.1.4,,24,72,2,0,False,False,-1,[],
24.72.2-12.t.1.5,,24,72,2,0,False,False,-1,[],
24.72.2-12.t.1.6,,24,72,2,0,False,False,-1,[],
24.72.2-12.t.1.7,,24,72,2,0,False,False,-1,[],
24.72.2-12.t.1.8,,24,72,2,0,False,False,-1,[],
24.72.2-12.t.1.9,,24,72,2,0,False,False,-1,[],
24.72.2-12.v.1.1,,24,72,2,0,False,False,-1,[],
24.72.2-12.v.1.2,,24,72,2,0,False,False,-1,[],
24.72.2-12.v.1.3,,24,72,2,0,False,False,-1,[],
24.72.2-12.v.1.4,,24,72,2,0,False,False,-1,[],
24.72.2-12.v.1.5,,24,72,2,0,False,False,-1,[],
24.72.2-12.v.1.6,,24,72,2,0,False,False,-1,[],
24.72.2-12.v.1.7,,24,72,2,0,False,False,-1,[],
24.72.2-12.v.1.8,,24,72,2,0,False,False,-1,[],
24.72.2-12.w.1.1,,24,72,2,0,False,False,-1,[],
24.72.2-12.w.1.10,,24,72,2,0,False,False,-1,[],
24.72.2-12.w.1.11,,24,72,2,0,False,False,-1,[],
24.72.2-12.w.1.12,,24,72,2,0,False,False,-1,[],
24.72.2-12.w.1.2,,24,72,2,0,False,False,-1,[],
24.72.2-12.w.1.3,,24,72,2,0,False,False,-1,[],
24.72.2-12.w.1.4,,24,72,2,0,False,False,-1,[],
24.72.2-12.w.1.5,,24,72,2,0,False,False,-1,[],
24.72.2-12.w.1.6,,24,72,2,0,False,False,-1,[],
24.72.2-12.w.1.7,,24,72,2,0,False,False,-1,[],
24.72.2-12.w.1.8,,24,72,2,0,False,False,-1,[],
24.72.2-12.w.1.9,,24,72,2,0,False,False,-1,[],
24.72.2-12.x.1.1,,24,72,2,0,False,False,-1,[],
24.72.2-12.x.1.10,,24,72,2,0,False,False,-1,[],
24.72.2-12.x.1.11,,24,72,2,0,False,False,-1,[],
24.72.2-12.x.1.12,,24,72,2,0,False,False,-1,[],
24.72.2-12.x.1.2,,24,72,2,0,False,False,-1,[],
24.72.2-12.x.1.3,,24,72,2,0,False,False,-1,[],
24.72.2-12.x.1.4,,24,72,2,0,False,False,-1,[],
24.72.2-12.x.1.5,,24,72,2,0,False,False,-1,[],
24.72.2-12.x.1.6,,24,72,2,0,False,False,-1,[],
24.72.2-12.x.1.7,,24,72,2,0,False,False,-1,[],
24.72.2-12.x.1.8,,24,72,2,0,False,False,-1,[],
24.72.2-12.x.1.9,,24,72,2,0,False,False,-1,[],
24.72.2-12.y.1.1,,24,72,2,0,False,False,-1,[],
24.72.2-12.y.1.2,,24,72,2,0,False,False,-1,[],
24.72.2-12.y.1.3,,24,72,2,0,False,False,-1,[],
24.72.2-12.y.1.4,,24,72,2,0,False,False,-1,[],
24.72.2-12.y.1.5,,24,72,2,0,False,False,-1,[],
24.72.2-12.y.1.6,,24,72,2,0,False,False,-1,[],
24.72.2-12.y.1.7,,24,72,2,0,False,False,-1,[],
24.72.2-12.y.1.8,,24,72,2,0,False,False,-1,[],
24.72.2-24.b.1.1,,24,72,2,0,False,False,-1,[],
24.72.2-24.b.1.10,,24,72,2,0,False,False,-1,[],
24.72.2-24.b.1.11,,24,72,2,0,False,False,-1,[],
24.72.2-24.b.1.12,,24,72,2,0,False,False,-1,[],
24.72.2-24.b.1.13,,24,72,2,0,False,False,-1,[],
24.72.2-24.b.1.14,,24,72,2,0,False,False,-1,[],
24.72.2-24.b.1.15,,24,72,2,0,False,False,-1,[],
24.72.2-24.b.1.16,,24,72,2,0,False,False,-1,[],
24.72.2-24.b.1.2,,24,72,2,0,False,False,-1,[],
24.72.2-24.b.1.3,,24,72,2,0,False,False,-1,[],
24.72.2-24.b.1.4,,24,72,2,0,False,False,-1,[],
24.72.2-24.b.1.5,,24,72,2,0,False,False,-1,[],
24.72.2-24.b.1.6,,24,72,2,0,False,False,-1,[],
24.72.2-24.b.1.7,,24,72,2,0,False,False,-1,[],
24.72.2-24.b.1.8,,24,72,2,0,False,False,-1,[],
24.72.2-24.b.1.9,,24,72,2,0,False,False,-1,[],
24.72.2-24.be.1.1,,24,72,2,0,False,,0,[],
24.72.2-24.be.1.2,,24,72,2,0,False,,0,[],
24.72.2-24.be.1.3,,24,72,2,0,False,,0,[],
24.72.2-24.be.1.4,,24,72,2,0,False,,0,[],
24.72.2-24.be.1.5,,24,72,2,0,False,,0,[],
24.72.2-24.be.1.6,,24,72,2,0,False,,0,[],
24.72.2-24.be.1.7,,24,72,2,0,False,,0,[],
24.72.2-24.be.1.8,,24,72,2,0,False,,0,[],
24.72.2-24.bk.1.1,,24,72,2,0,False,,0,[],
24.72.2-24.bk.1.2,,24,72,2,0,False,,0,[],
24.72.2-24.bk.1.3,,24,72,2,0,False,,0,[],
24.72.2-24.bk.1.4,,24,72,2,0,False,,0,[],
24.72.2-24.bk.1.5,,24,72,2,0,False,,0,[],
24.72.2-24.bk.1.6,,24,72,2,0,False,,0,[],
24.72.2-24.bk.1.7,,24,72,2,0,False,,0,[],
24.72.2-24.bk.1.8,,24,72,2,0,False,,0,[],
24.72.2-24.cc.1.1,,24,72,2,0,False,False,-1,[],
24.72.2-24.cc.1.10,,24,72,2,0,False,False,-1,[],
24.72.2-24.cc.1.11,,24,72,2,0,False,False,-1,[],
24.72.2-24.cc.1.12,,24,72,2,0,False,False,-1,[],
24.72.2-24.cc.1.13,,24,72,2,0,False,False,-1,[],
24.72.2-24.cc.1.14,,24,72,2,0,False,False,-1,[],
24.72.2-24.cc.1.15,,24,72,2,0,False,False,-1,[],
24.72.2-24.cc.1.16,,24,72,2,0,False,False,-1,[],
24.72.2-24.cc.1.2,,24,72,2,0,False,False,-1,[],
24.72.2-24.cc.1.3,,24,72,2,0,False,False,-1,[],
24.72.2-24.cc.1.4,,24,72,2,0,False,False,-1,[],
24.72.2-24.cc.1.5,,24,72,2,0,False,False,-1,[],
24.72.2-24.cc.1.6,,24,72,2,0,False,False,-1,[],
24.72.2-24.cc.1.7,,24,72,2,0,False,False,-1,[],
24.72.2-24.cc.1.8,,24,72,2,0,False,False,-1,[],
24.72.2-24.cc.1.9,,24,72,2,0,False,False,-1,[],
24.72.2-24.ci.1.1,,24,72,2,0,False,False,-1,[],
24.72.2-24.ci.1.10,,24,72,2,0,False,False,-1,[],
24.72.2-24.ci.1.11,,24,72,2,0,False,False,-1,[],
24.72.2-24.ci.1.12,,24,72,2,0,False,False,-1,[],
24.72.2-24.ci.1.13,,24,72,2,0,False,False,-1,[],
24.72.2-24.ci.1.14,,24,72,2,0,False,False,-1,[],
24.72.2-24.ci.1.15,,24,72,2,0,False,False,-1,[],
24.72.2-24.ci.1.16,,24,72,2,0,False,False,-1,[],
24.72.2-24.ci.1.17,,24,72,2,0,False,False,-1,[],
24.72.2-24.ci.1.18,,24,72,2,0,False,False,-1,[],
24.72.2-24.ci.1.19,,24,72,2,0,False,False,-1,[],
24.72.2-24.ci.1.2,,24,72,2,0,False,False,-1,[],
24.72.2-24.ci.1.20,,24,72,2,0,False,False,-1,[],
24.72.2-24.ci.1.21,,24,72,2,0,False,False,-1,[],
24.72.2-24.ci.1.22,,24,72,2,0,False,False,-1,[],
24.72.2-24.ci.1.23,,24,72,2,0,False,False,-1,[],
24.72.2-24.ci.1.24,,24,72,2,0,False,False,-1,[],
24.72.2-24.ci.1.25,,24,72,2,0,False,False,-1,[],
24.72.2-24.ci.1.26,,24,72,2,0,False,False,-1,[],
24.72.2-24.ci.1.27,,24,72,2,0,False,False,-1,[],
24.72.2-24.ci.1.28,,24,72,2,0,False,False,-1,[],
24.72.2-24.ci.1.29,,24,72,2,0,False,False,-1,[],
24.72.2-24.ci.1.3,,24,72,2,0,False,False,-1,[],
24.72.2-24.ci.1.30,,24,72,2,0,False,False,-1,[],
24.72.2-24.ci.1.31,,24,72,2,0,False,False,-1,[],
24.72.2-24.ci.1.32,,24,72,2,0,False,False,-1,[],
24.72.2-24.ci.1.4,,24,72,2,0,False,False,-1,[],
24.72.2-24.ci.1.5,,24,72,2,0,False,False,-1,[],
24.72.2-24.ci.1.6,,24,72,2,0,False,False,-1,[],
24.72.2-24.ci.1.7,,24,72,2,0,False,False,-1,[],
24.72.2-24.ci.1.8,,24,72,2,0,False,False,-1,[],
24.72.2-24.ci.1.9,,24,72,2,0,False,False,-1,[],
24.72.2-24.cj.1.1,,24,72,2,0,False,False,-1,[],
24.72.2-24.cj.1.10,,24,72,2,0,False,False,-1,[],
24.72.2-24.cj.1.11,,24,72,2,0,False,False,-1,[],
24.72.2-24.cj.1.12,,24,72,2,0,False,False,-1,[],
24.72.2-24.cj.1.13,,24,72,2,0,False,False,-1,[],
24.72.2-24.cj.1.14,,24,72,2,0,False,False,-1,[],
24.72.2-24.cj.1.15,,24,72,2,0,False,False,-1,[],
24.72.2-24.cj.1.16,,24,72,2,0,False,False,-1,[],
24.72.2-24.cj.1.17,,24,72,2,0,False,False,-1,[],
24.72.2-24.cj.1.18,,24,72,2,0,False,False,-1,[],
24.72.2-24.cj.1.19,,24,72,2,0,False,False,-1,[],
24.72.2-24.cj.1.2,,24,72,2,0,False,False,-1,[],
24.72.2-24.cj.1.20,,24,72,2,0,False,False,-1,[],
24.72.2-24.cj.1.21,,24,72,2,0,False,False,-1,[],
24.72.2-24.cj.1.22,,24,72,2,0,False,False,-1,[],
24.72.2-24.cj.1.23,,24,72,2,0,False,False,-1,[],
24.72.2-24.cj.1.24,,24,72,2,0,False,False,-1,[],
24.72.2-24.cj.1.25,,24,72,2,0,False,False,-1,[],
24.72.2-24.cj.1.26,,24,72,2,0,False,False,-1,[],
24.72.2-24.cj.1.27,,24,72,2,0,False,False,-1,[],
24.72.2-24.cj.1.28,,24,72,2,0,False,False,-1,[],
24.72.2-24.cj.1.29,,24,72,2,0,False,False,-1,[],
24.72.2-24.cj.1.3,,24,72,2,0,False,False,-1,[],
24.72.2-24.cj.1.30,,24,72,2,0,False,False,-1,[],
24.72.2-24.cj.1.31,,24,72,2,0,False,False,-1,[],
24.72.2-24.cj.1.32,,24,72,2,0,False,False,-1,[],
24.72.2-24.cj.1.33,,24,72,2,0,False,False,-1,[],
24.72.2-24.cj.1.34,,24,72,2,0,False,False,-1,[],
24.72.2-24.cj.1.35,,24,72,2,0,False,False,-1,[],
24.72.2-24.cj.1.36,,24,72,2,0,False,False,-1,[],
24.72.2-24.cj.1.37,,24,72,2,0,False,False,-1,[],
24.72.2-24.cj.1.38,,24,72,2,0,False,False,-1,[],
24.72.2-24.cj.1.39,,24,72,2,0,False,False,-1,[],
24.72.2-24.cj.1.4,,24,72,2,0,False,False,-1,[],
24.72.2-24.cj.1.40,,24,72,2,0,False,False,-1,[],
24.72.2-24.cj.1.41,,24,72,2,0,False,False,-1,[],
24.72.2-24.cj.1.42,,24,72,2,0,False,False,-1,[],
24.72.2-24.cj.1.43,,24,72,2,0,False,False,-1,[],
24.72.2-24.cj.1.44,,24,72,2,0,False,False,-1,[],
24.72.2-24.cj.1.45,,24,72,2,0,False,False,-1,[],
24.72.2-24.cj.1.46,,24,72,2,0,False,False,-1,[],
24.72.2-24.cj.1.47,,24,72,2,0,False,False,-1,[],
24.72.2-24.cj.1.48,,24,72,2,0,False,False,-1,[],
24.72.2-24.cj.1.5,,24,72,2,0,False,False,-1,[],
24.72.2-24.cj.1.6,,24,72,2,0,False,False,-1,[],
24.72.2-24.cj.1.7,,24,72,2,0,False,False,-1,[],
24.72.2-24.cj.1.8,,24,72,2,0,False,False,-1,[],
24.72.2-24.cj.1.9,,24,72,2,0,False,False,-1,[],
24.72.2-24.ck.1.1,,24,72,2,0,False,False,-1,[],
24.72.2-24.ck.1.10,,24,72,2,0,False,False,-1,[],
24.72.2-24.ck.1.11,,24,72,2,0,False,False,-1,[],
24.72.2-24.ck.1.12,,24,72,2,0,False,False,-1,[],
24.72.2-24.ck.1.13,,24,72,2,0,False,False,-1,[],
24.72.2-24.ck.1.14,,24,72,2,0,False,False,-1,[],
24.72.2-24.ck.1.15,,24,72,2,0,False,False,-1,[],
24.72.2-24.ck.1.16,,24,72,2,0,False,False,-1,[],
24.72.2-24.ck.1.17,,24,72,2,0,False,False,-1,[],
24.72.2-24.ck.1.18,,24,72,2,0,False,False,-1,[],
24.72.2-24.ck.1.19,,24,72,2,0,False,False,-1,[],
24.72.2-24.ck.1.2,,24,72,2,0,False,False,-1,[],
24.72.2-24.ck.1.20,,24,72,2,0,False,False,-1,[],
24.72.2-24.ck.1.21,,24,72,2,0,False,False,-1,[],
24.72.2-24.ck.1.22,,24,72,2,0,False,False,-1,[],
24.72.2-24.ck.1.23,,24,72,2,0,False,False,-1,[],
24.72.2-24.ck.1.24,,24,72,2,0,False,False,-1,[],
24.72.2-24.ck.1.25,,24,72,2,0,False,False,-1,[],
24.72.2-24.ck.1.26,,24,72,2,0,False,False,-1,[],
24.72.2-24.ck.1.27,,24,72,2,0,False,False,-1,[],
24.72.2-24.ck.1.28,,24,72,2,0,False,False,-1,[],
24.72.2-24.ck.1.29,,24,72,2,0,False,False,-1,[],
24.72.2-24.ck.1.3,,24,72,2,0,False,False,-1,[],
24.72.2-24.ck.1.30,,24,72,2,0,False,False,-1,[],
24.72.2-24.ck.1.31,,24,72,2,0,False,False,-1,[],
24.72.2-24.ck.1.32,,24,72,2,0,False,False,-1,[],
24.72.2-24.ck.1.4,,24,72,2,0,False,False,-1,[],
24.72.2-24.ck.1.5,,24,72,2,0,False,False,-1,[],
24.72.2-24.ck.1.6,,24,72,2,0,False,False,-1,[],
24.72.2-24.ck.1.7,,24,72,2,0,False,False,-1,[],
24.72.2-24.ck.1.8,,24,72,2,0,False,False,-1,[],
24.72.2-24.ck.1.9,,24,72,2,0,False,False,-1,[],
24.72.2-24.cl.1.1,,24,72,2,0,False,False,-1,[],
24.72.2-24.cl.1.10,,24,72,2,0,False,False,-1,[],
24.72.2-24.cl.1.11,,24,72,2,0,False,False,-1,[],
24.72.2-24.cl.1.12,,24,72,2,0,False,False,-1,[],
24.72.2-24.cl.1.13,,24,72,2,0,False,False,-1,[],
24.72.2-24.cl.1.14,,24,72,2,0,False,False,-1,[],
24.72.2-24.cl.1.15,,24,72,2,0,False,False,-1,[],
24.72.2-24.cl.1.16,,24,72,2,0,False,False,-1,[],
24.72.2-24.cl.1.17,,24,72,2,0,False,False,-1,[],
24.72.2-24.cl.1.18,,24,72,2,0,False,False,-1,[],
24.72.2-24.cl.1.19,,24,72,2,0,False,False,-1,[],
24.72.2-24.cl.1.2,,24,72,2,0,False,False,-1,[],
24.72.2-24.cl.1.20,,24,72,2,0,False,False,-1,[],
24.72.2-24.cl.1.21,,24,72,2,0,False,False,-1,[],
24.72.2-24.cl.1.22,,24,72,2,0,False,False,-1,[],
24.72.2-24.cl.1.23,,24,72,2,0,False,False,-1,[],
24.72.2-24.cl.1.24,,24,72,2,0,False,False,-1,[],
24.72.2-24.cl.1.25,,24,72,2,0,False,False,-1,[],
24.72.2-24.cl.1.26,,24,72,2,0,False,False,-1,[],
24.72.2-24.cl.1.27,,24,72,2,0,False,False,-1,[],
24.72.2-24.cl.1.28,,24,72,2,0,False,False,-1,[],
24.72.2-24.cl.1.29,,24,72,2,0,False,False,-1,[],
24.72.2-24.cl.1.3,,24,72,2,0,False,False,-1,[],
24.72.2-24.cl.1.30,,24,72,2,0,False,False,-1,[],
24.72.2-24.cl.1.31,,24,72,2,0,False,False,-1,[],
24.72.2-24.cl.1.32,,24,72,2,0,False,False,-1,[],
24.72.2-24.cl.1.4,,24,72,2,0,False,False,-1,[],
24.72.2-24.cl.1.5,,24,72,2,0,False,False,-1,[],
24.72.2-24.cl.1.6,,24,72,2,0,False,False,-1,[],
24.72.2-24.cl.1.7,,24,72,2,0,False,False,-1,[],
24.72.2-24.cl.1.8,,24,72,2,0,False,False,-1,[],
24.72.2-24.cl.1.9,,24,72,2,0,False,False,-1,[],
24.72.2-24.cm.1.1,,24,72,2,0,False,False,-1,[],
24.72.2-24.cm.1.10,,24,72,2,0,False,False,-1,[],
24.72.2-24.cm.1.11,,24,72,2,0,False,False,-1,[],
24.72.2-24.cm.1.12,,24,72,2,0,False,False,-1,[],
24.72.2-24.cm.1.13,,24,72,2,0,False,False,-1,[],
24.72.2-24.cm.1.14,,24,72,2,0,False,False,-1,[],
24.72.2-24.cm.1.15,,24,72,2,0,False,False,-1,[],
24.72.2-24.cm.1.16,,24,72,2,0,False,False,-1,[],
24.72.2-24.cm.1.17,,24,72,2,0,False,False,-1,[],
24.72.2-24.cm.1.18,,24,72,2,0,False,False,-1,[],
24.72.2-24.cm.1.19,,24,72,2,0,False,False,-1,[],
24.72.2-24.cm.1.2,,24,72,2,0,False,False,-1,[],
24.72.2-24.cm.1.20,,24,72,2,0,False,False,-1,[],
24.72.2-24.cm.1.21,,24,72,2,0,False,False,-1,[],
24.72.2-24.cm.1.22,,24,72,2,0,False,False,-1,[],
24.72.2-24.cm.1.23,,24,72,2,0,False,False,-1,[],
24.72.2-24.cm.1.24,,24,72,2,0,False,False,-1,[],
24.72.2-24.cm.1.25,,24,72,2,0,False,False,-1,[],
24.72.2-24.cm.1.26,,24,72,2,0,False,False,-1,[],
24.72.2-24.cm.1.27,,24,72,2,0,False,False,-1,[],
24.72.2-24.cm.1.28,,24,72,2,0,False,False,-1,[],
24.72.2-24.cm.1.29,,24,72,2,0,False,False,-1,[],
24.72.2-24.cm.1.3,,24,72,2,0,False,False,-1,[],
24.72.2-24.cm.1.30,,24,72,2,0,False,False,-1,[],
24.72.2-24.cm.1.31,,24,72,2,0,False,False,-1,[],
24.72.2-24.cm.1.32,,24,72,2,0,False,False,-1,[],
24.72.2-24.cm.1.4,,24,72,2,0,False,False,-1,[],
24.72.2-24.cm.1.5,,24,72,2,0,False,False,-1,[],
24.72.2-24.cm.1.6,,24,72,2,0,False,False,-1,[],
24.72.2-24.cm.1.7,,24,72,2,0,False,False,-1,[],
24.72.2-24.cm.1.8,,24,72,2,0,False,False,-1,[],
24.72.2-24.cm.1.9,,24,72,2,0,False,False,-1,[],
24.72.2-24.cn.1.1,,24,72,2,0,False,False,-1,[],
24.72.2-24.cn.1.10,,24,72,2,0,False,False,-1,[],
24.72.2-24.cn.1.11,,24,72,2,0,False,False,-1,[],
24.72.2-24.cn.1.12,,24,72,2,0,False,False,-1,[],
24.72.2-24.cn.1.13,,24,72,2,0,False,False,-1,[],
24.72.2-24.cn.1.14,,24,72,2,0,False,False,-1,[],
24.72.2-24.cn.1.15,,24,72,2,0,False,False,-1,[],
24.72.2-24.cn.1.16,,24,72,2,0,False,False,-1,[],
24.72.2-24.cn.1.17,,24,72,2,0,False,False,-1,[],
24.72.2-24.cn.1.18,,24,72,2,0,False,False,-1,[],
24.72.2-24.cn.1.19,,24,72,2,0,False,False,-1,[],
24.72.2-24.cn.1.2,,24,72,2,0,False,False,-1,[],
24.72.2-24.cn.1.20,,24,72,2,0,False,False,-1,[],
24.72.2-24.cn.1.21,,24,72,2,0,False,False,-1,[],
24.72.2-24.cn.1.22,,24,72,2,0,False,False,-1,[],
24.72.2-24.cn.1.23,,24,72,2,0,False,False,-1,[],
24.72.2-24.cn.1.24,,24,72,2,0,False,False,-1,[],
24.72.2-24.cn.1.25,,24,72,2,0,False,False,-1,[],
24.72.2-24.cn.1.26,,24,72,2,0,False,False,-1,[],
24.72.2-24.cn.1.27,,24,72,2,0,False,False,-1,[],
24.72.2-24.cn.1.28,,24,72,2,0,False,False,-1,[],
24.72.2-24.cn.1.29,,24,72,2,0,False,False,-1,[],
24.72.2-24.cn.1.3,,24,72,2,0,False,False,-1,[],
24.72.2-24.cn.1.30,,24,72,2,0,False,False,-1,[],
24.72.2-24.cn.1.31,,24,72,2,0,False,False,-1,[],
24.72.2-24.cn.1.32,,24,72,2,0,False,False,-1,[],
24.72.2-24.cn.1.4,,24,72,2,0,False,False,-1,[],
24.72.2-24.cn.1.5,,24,72,2,0,False,False,-1,[],
24.72.2-24.cn.1.6,,24,72,2,0,False,False,-1,[],
24.72.2-24.cn.1.7,,24,72,2,0,False,False,-1,[],
24.72.2-24.cn.1.8,,24,72,2,0,False,False,-1,[],
24.72.2-24.cn.1.9,,24,72,2,0,False,False,-1,[],
24.72.2-24.co.1.1,,24,72,2,0,False,False,-1,[],
24.72.2-24.co.1.10,,24,72,2,0,False,False,-1,[],
24.72.2-24.co.1.11,,24,72,2,0,False,False,-1,[],
24.72.2-24.co.1.12,,24,72,2,0,False,False,-1,[],
24.72.2-24.co.1.13,,24,72,2,0,False,False,-1,[],
24.72.2-24.co.1.14,,24,72,2,0,False,False,-1,[],
24.72.2-24.co.1.15,,24,72,2,0,False,False,-1,[],
24.72.2-24.co.1.16,,24,72,2,0,False,False,-1,[],
24.72.2-24.co.1.17,,24,72,2,0,False,False,-1,[],
24.72.2-24.co.1.18,,24,72,2,0,False,False,-1,[],
24.72.2-24.co.1.19,,24,72,2,0,False,False,-1,[],
24.72.2-24.co.1.2,,24,72,2,0,False,False,-1,[],
24.72.2-24.co.1.20,,24,72,2,0,False,False,-1,[],
24.72.2-24.co.1.21,,24,72,2,0,False,False,-1,[],
24.72.2-24.co.1.22,,24,72,2,0,False,False,-1,[],
24.72.2-24.co.1.23,,24,72,2,0,False,False,-1,[],
24.72.2-24.co.1.24,,24,72,2,0,False,False,-1,[],
24.72.2-24.co.1.25,,24,72,2,0,False,False,-1,[],
24.72.2-24.co.1.26,,24,72,2,0,False,False,-1,[],
24.72.2-24.co.1.27,,24,72,2,0,False,False,-1,[],
24.72.2-24.co.1.28,,24,72,2,0,False,False,-1,[],
24.72.2-24.co.1.29,,24,72,2,0,False,False,-1,[],
24.72.2-24.co.1.3,,24,72,2,0,False,False,-1,[],
24.72.2-24.co.1.30,,24,72,2,0,False,False,-1,[],
24.72.2-24.co.1.31,,24,72,2,0,False,False,-1,[],
24.72.2-24.co.1.32,,24,72,2,0,False,False,-1,[],
24.72.2-24.co.1.4,,24,72,2,0,False,False,-1,[],
24.72.2-24.co.1.5,,24,72,2,0,False,False,-1,[],
24.72.2-24.co.1.6,,24,72,2,0,False,False,-1,[],
24.72.2-24.co.1.7,,24,72,2,0,False,False,-1,[],
24.72.2-24.co.1.8,,24,72,2,0,False,False,-1,[],
24.72.2-24.co.1.9,,24,72,2,0,False,False,-1,[],
24.72.2-24.cp.1.1,,24,72,2,0,False,False,-1,[],
24.72.2-24.cp.1.10,,24,72,2,0,False,False,-1,[],
24.72.2-24.cp.1.11,,24,72,2,0,False,False,-1,[],
24.72.2-24.cp.1.12,,24,72,2,0,False,False,-1,[],
24.72.2-24.cp.1.13,,24,72,2,0,False,False,-1,[],
24.72.2-24.cp.1.14,,24,72,2,0,False,False,-1,[],
24.72.2-24.cp.1.15,,24,72,2,0,False,False,-1,[],
24.72.2-24.cp.1.16,,24,72,2,0,False,False,-1,[],
24.72.2-24.cp.1.17,,24,72,2,0,False,False,-1,[],
24.72.2-24.cp.1.18,,24,72,2,0,False,False,-1,[],
24.72.2-24.cp.1.19,,24,72,2,0,False,False,-1,[],
24.72.2-24.cp.1.2,,24,72,2,0,False,False,-1,[],
24.72.2-24.cp.1.20,,24,72,2,0,False,False,-1,[],
24.72.2-24.cp.1.21,,24,72,2,0,False,False,-1,[],
24.72.2-24.cp.1.22,,24,72,2,0,False,False,-1,[],
24.72.2-24.cp.1.23,,24,72,2,0,False,False,-1,[],
24.72.2-24.cp.1.24,,24,72,2,0,False,False,-1,[],
24.72.2-24.cp.1.25,,24,72,2,0,False,False,-1,[],
24.72.2-24.cp.1.26,,24,72,2,0,False,False,-1,[],
24.72.2-24.cp.1.27,,24,72,2,0,False,False,-1,[],
24.72.2-24.cp.1.28,,24,72,2,0,False,False,-1,[],
24.72.2-24.cp.1.29,,24,72,2,0,False,False,-1,[],
24.72.2-24.cp.1.3,,24,72,2,0,False,False,-1,[],
24.72.2-24.cp.1.30,,24,72,2,0,False,False,-1,[],
24.72.2-24.cp.1.31,,24,72,2,0,False,False,-1,[],
24.72.2-24.cp.1.32,,24,72,2,0,False,False,-1,[],
24.72.2-24.cp.1.4,,24,72,2,0,False,False,-1,[],
24.72.2-24.cp.1.5,,24,72,2,0,False,False,-1,[],
24.72.2-24.cp.1.6,,24,72,2,0,False,False,-1,[],
24.72.2-24.cp.1.7,,24,72,2,0,False,False,-1,[],
24.72.2-24.cp.1.8,,24,72,2,0,False,False,-1,[],
24.72.2-24.cp.1.9,,24,72,2,0,False,False,-1,[],
24.72.2-24.cq.1.1,,24,72,2,0,False,False,-1,[],
24.72.2-24.cq.1.10,,24,72,2,0,False,False,-1,[],
24.72.2-24.cq.1.11,,24,72,2,0,False,False,-1,[],
24.72.2-24.cq.1.12,,24,72,2,0,False,False,-1,[],
24.72.2-24.cq.1.13,,24,72,2,0,False,False,-1,[],
24.72.2-24.cq.1.14,,24,72,2,0,False,False,-1,[],
24.72.2-24.cq.1.15,,24,72,2,0,False,False,-1,[],
24.72.2-24.cq.1.16,,24,72,2,0,False,False,-1,[],
24.72.2-24.cq.1.17,,24,72,2,0,False,False,-1,[],
24.72.2-24.cq.1.18,,24,72,2,0,False,False,-1,[],
24.72.2-24.cq.1.19,,24,72,2,0,False,False,-1,[],
24.72.2-24.cq.1.2,,24,72,2,0,False,False,-1,[],
24.72.2-24.cq.1.20,,24,72,2,0,False,False,-1,[],
24.72.2-24.cq.1.21,,24,72,2,0,False,False,-1,[],
24.72.2-24.cq.1.22,,24,72,2,0,False,False,-1,[],
24.72.2-24.cq.1.23,,24,72,2,0,False,False,-1,[],
24.72.2-24.cq.1.24,,24,72,2,0,False,False,-1,[],
24.72.2-24.cq.1.25,,24,72,2,0,False,False,-1,[],
24.72.2-24.cq.1.26,,24,72,2,0,False,False,-1,[],
24.72.2-24.cq.1.27,,24,72,2,0,False,False,-1,[],
24.72.2-24.cq.1.28,,24,72,2,0,False,False,-1,[],
24.72.2-24.cq.1.29,,24,72,2,0,False,False,-1,[],
24.72.2-24.cq.1.3,,24,72,2,0,False,False,-1,[],
24.72.2-24.cq.1.30,,24,72,2,0,False,False,-1,[],
24.72.2-24.cq.1.31,,24,72,2,0,False,False,-1,[],
24.72.2-24.cq.1.32,,24,72,2,0,False,False,-1,[],
24.72.2-24.cq.1.4,,24,72,2,0,False,False,-1,[],
24.72.2-24.cq.1.5,,24,72,2,0,False,False,-1,[],
24.72.2-24.cq.1.6,,24,72,2,0,False,False,-1,[],
24.72.2-24.cq.1.7,,24,72,2,0,False,False,-1,[],
24.72.2-24.cq.1.8,,24,72,2,0,False,False,-1,[],
24.72.2-24.cq.1.9,,24,72,2,0,False,False,-1,[],
24.72.2-24.cr.1.1,,24,72,2,0,False,False,-1,[],
24.72.2-24.cr.1.10,,24,72,2,0,False,False,-1,[],
24.72.2-24.cr.1.11,,24,72,2,0,False,False,-1,[],
24.72.2-24.cr.1.12,,24,72,2,0,False,False,-1,[],
24.72.2-24.cr.1.13,,24,72,2,0,False,False,-1,[],
24.72.2-24.cr.1.14,,24,72,2,0,False,False,-1,[],
24.72.2-24.cr.1.15,,24,72,2,0,False,False,-1,[],
24.72.2-24.cr.1.16,,24,72,2,0,False,False,-1,[],
24.72.2-24.cr.1.17,,24,72,2,0,False,False,-1,[],
24.72.2-24.cr.1.18,,24,72,2,0,False,False,-1,[],
24.72.2-24.cr.1.19,,24,72,2,0,False,False,-1,[],
24.72.2-24.cr.1.2,,24,72,2,0,False,False,-1,[],
24.72.2-24.cr.1.20,,24,72,2,0,False,False,-1,[],
24.72.2-24.cr.1.21,,24,72,2,0,False,False,-1,[],
24.72.2-24.cr.1.22,,24,72,2,0,False,False,-1,[],
24.72.2-24.cr.1.23,,24,72,2,0,False,False,-1,[],
24.72.2-24.cr.1.24,,24,72,2,0,False,False,-1,[],
24.72.2-24.cr.1.25,,24,72,2,0,False,False,-1,[],
24.72.2-24.cr.1.26,,24,72,2,0,False,False,-1,[],
24.72.2-24.cr.1.27,,24,72,2,0,False,False,-1,[],
24.72.2-24.cr.1.28,,24,72,2,0,False,False,-1,[],
24.72.2-24.cr.1.29,,24,72,2,0,False,False,-1,[],
24.72.2-24.cr.1.3,,24,72,2,0,False,False,-1,[],
24.72.2-24.cr.1.30,,24,72,2,0,False,False,-1,[],
24.72.2-24.cr.1.31,,24,72,2,0,False,False,-1,[],
24.72.2-24.cr.1.32,,24,72,2,0,False,False,-1,[],
24.72.2-24.cr.1.4,,24,72,2,0,False,False,-1,[],
24.72.2-24.cr.1.5,,24,72,2,0,False,False,-1,[],
24.72.2-24.cr.1.6,,24,72,2,0,False,False,-1,[],
24.72.2-24.cr.1.7,,24,72,2,0,False,False,-1,[],
24.72.2-24.cr.1.8,,24,72,2,0,False,False,-1,[],
24.72.2-24.cr.1.9,,24,72,2,0,False,False,-1,[],
24.72.2-24.cs.1.1,,24,72,2,0,False,False,-1,[],
24.72.2-24.cs.1.10,,24,72,2,0,False,False,-1,[],
24.72.2-24.cs.1.11,,24,72,2,0,False,False,-1,[],
24.72.2-24.cs.1.12,,24,72,2,0,False,False,-1,[],
24.72.2-24.cs.1.13,,24,72,2,0,False,False,-1,[],
24.72.2-24.cs.1.14,,24,72,2,0,False,False,-1,[],
24.72.2-24.cs.1.15,,24,72,2,0,False,False,-1,[],
24.72.2-24.cs.1.16,,24,72,2,0,False,False,-1,[],
24.72.2-24.cs.1.17,,24,72,2,0,False,False,-1,[],
24.72.2-24.cs.1.18,,24,72,2,0,False,False,-1,[],
24.72.2-24.cs.1.19,,24,72,2,0,False,False,-1,[],
24.72.2-24.cs.1.2,,24,72,2,0,False,False,-1,[],
24.72.2-24.cs.1.20,,24,72,2,0,False,False,-1,[],
24.72.2-24.cs.1.21,,24,72,2,0,False,False,-1,[],
24.72.2-24.cs.1.22,,24,72,2,0,False,False,-1,[],
24.72.2-24.cs.1.23,,24,72,2,0,False,False,-1,[],
24.72.2-24.cs.1.24,,24,72,2,0,False,False,-1,[],
24.72.2-24.cs.1.25,,24,72,2,0,False,False,-1,[],
24.72.2-24.cs.1.26,,24,72,2,0,False,False,-1,[],
24.72.2-24.cs.1.27,,24,72,2,0,False,False,-1,[],
24.72.2-24.cs.1.28,,24,72,2,0,False,False,-1,[],
24.72.2-24.cs.1.29,,24,72,2,0,False,False,-1,[],
24.72.2-24.cs.1.3,,24,72,2,0,False,False,-1,[],
24.72.2-24.cs.1.30,,24,72,2,0,False,False,-1,[],
24.72.2-24.cs.1.31,,24,72,2,0,False,False,-1,[],
24.72.2-24.cs.1.32,,24,72,2,0,False,False,-1,[],
24.72.2-24.cs.1.4,,24,72,2,0,False,False,-1,[],
24.72.2-24.cs.1.5,,24,72,2,0,False,False,-1,[],
24.72.2-24.cs.1.6,,24,72,2,0,False,False,-1,[],
24.72.2-24.cs.1.7,,24,72,2,0,False,False,-1,[],
24.72.2-24.cs.1.8,,24,72,2,0,False,False,-1,[],
24.72.2-24.cs.1.9,,24,72,2,0,False,False,-1,[],
24.72.2-24.cu.1.1,,24,72,2,0,False,False,-1,[],
24.72.2-24.cu.1.10,,24,72,2,0,False,False,-1,[],
24.72.2-24.cu.1.11,,24,72,2,0,False,False,-1,[],
24.72.2-24.cu.1.12,,24,72,2,0,False,False,-1,[],
24.72.2-24.cu.1.13,,24,72,2,0,False,False,-1,[],
24.72.2-24.cu.1.14,,24,72,2,0,False,False,-1,[],
24.72.2-24.cu.1.15,,24,72,2,0,False,False,-1,[],
24.72.2-24.cu.1.16,,24,72,2,0,False,False,-1,[],
24.72.2-24.cu.1.17,,24,72,2,0,False,False,-1,[],
24.72.2-24.cu.1.18,,24,72,2,0,False,False,-1,[],
24.72.2-24.cu.1.19,,24,72,2,0,False,False,-1,[],
24.72.2-24.cu.1.2,,24,72,2,0,False,False,-1,[],
24.72.2-24.cu.1.20,,24,72,2,0,False,False,-1,[],
24.72.2-24.cu.1.21,,24,72,2,0,False,False,-1,[],
24.72.2-24.cu.1.22,,24,72,2,0,False,False,-1,[],
24.72.2-24.cu.1.23,,24,72,2,0,False,False,-1,[],
24.72.2-24.cu.1.24,,24,72,2,0,False,False,-1,[],
24.72.2-24.cu.1.25,,24,72,2,0,False,False,-1,[],
24.72.2-24.cu.1.26,,24,72,2,0,False,False,-1,[],
24.72.2-24.cu.1.27,,24,72,2,0,False,False,-1,[],
24.72.2-24.cu.1.28,,24,72,2,0,False,False,-1,[],
24.72.2-24.cu.1.29,,24,72,2,0,False,False,-1,[],
24.72.2-24.cu.1.3,,24,72,2,0,False,False,-1,[],
24.72.2-24.cu.1.30,,24,72,2,0,False,False,-1,[],
24.72.2-24.cu.1.31,,24,72,2,0,False,False,-1,[],
24.72.2-24.cu.1.32,,24,72,2,0,False,False,-1,[],
24.72.2-24.cu.1.4,,24,72,2,0,False,False,-1,[],
24.72.2-24.cu.1.5,,24,72,2,0,False,False,-1,[],
24.72.2-24.cu.1.6,,24,72,2,0,False,False,-1,[],
24.72.2-24.cu.1.7,,24,72,2,0,False,False,-1,[],
24.72.2-24.cu.1.8,,24,72,2,0,False,False,-1,[],
24.72.2-24.cu.1.9,,24,72,2,0,False,False,-1,[],
24.72.2-24.cw.1.1,,24,72,2,0,False,False,-1,[],
24.72.2-24.cw.1.10,,24,72,2,0,False,False,-1,[],
24.72.2-24.cw.1.11,,24,72,2,0,False,False,-1,[],
24.72.2-24.cw.1.12,,24,72,2,0,False,False,-1,[],
24.72.2-24.cw.1.13,,24,72,2,0,False,False,-1,[],
24.72.2-24.cw.1.14,,24,72,2,0,False,False,-1,[],
24.72.2-24.cw.1.15,,24,72,2,0,False,False,-1,[],
24.72.2-24.cw.1.16,,24,72,2,0,False,False,-1,[],
24.72.2-24.cw.1.17,,24,72,2,0,False,False,-1,[],
24.72.2-24.cw.1.18,,24,72,2,0,False,False,-1,[],
24.72.2-24.cw.1.19,,24,72,2,0,False,False,-1,[],
24.72.2-24.cw.1.2,,24,72,2,0,False,False,-1,[],
24.72.2-24.cw.1.20,,24,72,2,0,False,False,-1,[],
24.72.2-24.cw.1.21,,24,72,2,0,False,False,-1,[],
24.72.2-24.cw.1.22,,24,72,2,0,False,False,-1,[],
24.72.2-24.cw.1.23,,24,72,2,0,False,False,-1,[],
24.72.2-24.cw.1.24,,24,72,2,0,False,False,-1,[],
24.72.2-24.cw.1.25,,24,72,2,0,False,False,-1,[],
24.72.2-24.cw.1.26,,24,72,2,0,False,False,-1,[],
24.72.2-24.cw.1.27,,24,72,2,0,False,False,-1,[],
24.72.2-24.cw.1.28,,24,72,2,0,False,False,-1,[],
24.72.2-24.cw.1.29,,24,72,2,0,False,False,-1,[],
24.72.2-24.cw.1.3,,24,72,2,0,False,False,-1,[],
24.72.2-24.cw.1.30,,24,72,2,0,False,False,-1,[],
24.72.2-24.cw.1.31,,24,72,2,0,False,False,-1,[],
24.72.2-24.cw.1.32,,24,72,2,0,False,False,-1,[],
24.72.2-24.cw.1.4,,24,72,2,0,False,False,-1,[],
24.72.2-24.cw.1.5,,24,72,2,0,False,False,-1,[],
24.72.2-24.cw.1.6,,24,72,2,0,False,False,-1,[],
24.72.2-24.cw.1.7,,24,72,2,0,False,False,-1,[],
24.72.2-24.cw.1.8,,24,72,2,0,False,False,-1,[],
24.72.2-24.cw.1.9,,24,72,2,0,False,False,-1,[],
24.72.2-24.cy.1.1,,24,72,2,0,False,,0,[],
24.72.2-24.cy.1.2,,24,72,2,0,False,,0,[],
24.72.2-24.cy.1.3,,24,72,2,0,False,,0,[],
24.72.2-24.cy.1.4,,24,72,2,0,False,,0,[],
24.72.2-24.cy.1.5,,24,72,2,0,False,,0,[],
24.72.2-24.cy.1.6,,24,72,2,0,False,,0,[],
24.72.2-24.cy.1.7,,24,72,2,0,False,,0,[],
24.72.2-24.cy.1.8,,24,72,2,0,False,,0,[],
24.72.2-24.d.1.1,,24,72,2,0,False,False,-1,[],
24.72.2-24.d.1.10,,24,72,2,0,False,False,-1,[],
24.72.2-24.d.1.11,,24,72,2,0,False,False,-1,[],
24.72.2-24.d.1.12,,24,72,2,0,False,False,-1,[],
24.72.2-24.d.1.13,,24,72,2,0,False,False,-1,[],
24.72.2-24.d.1.14,,24,72,2,0,False,False,-1,[],
24.72.2-24.d.1.15,,24,72,2,0,False,False,-1,[],
24.72.2-24.d.1.16,,24,72,2,0,False,False,-1,[],
24.72.2-24.d.1.2,,24,72,2,0,False,False,-1,[],
24.72.2-24.d.1.3,,24,72,2,0,False,False,-1,[],
24.72.2-24.d.1.4,,24,72,2,0,False,False,-1,[],
24.72.2-24.d.1.5,,24,72,2,0,False,False,-1,[],
24.72.2-24.d.1.6,,24,72,2,0,False,False,-1,[],
24.72.2-24.d.1.7,,24,72,2,0,False,False,-1,[],
24.72.2-24.d.1.8,,24,72,2,0,False,False,-1,[],
24.72.2-24.d.1.9,,24,72,2,0,False,False,-1,[],
24.72.2-24.de.1.1,,24,72,2,0,False,False,-1,[],
24.72.2-24.de.1.10,,24,72,2,0,False,False,-1,[],
24.72.2-24.de.1.11,,24,72,2,0,False,False,-1,[],
24.72.2-24.de.1.12,,24,72,2,0,False,False,-1,[],
24.72.2-24.de.1.13,,24,72,2,0,False,False,-1,[],
24.72.2-24.de.1.14,,24,72,2,0,False,False,-1,[],
24.72.2-24.de.1.15,,24,72,2,0,False,False,-1,[],
24.72.2-24.de.1.16,,24,72,2,0,False,False,-1,[],
24.72.2-24.de.1.2,,24,72,2,0,False,False,-1,[],
24.72.2-24.de.1.3,,24,72,2,0,False,False,-1,[],
24.72.2-24.de.1.4,,24,72,2,0,False,False,-1,[],
24.72.2-24.de.1.5,,24,72,2,0,False,False,-1,[],
24.72.2-24.de.1.6,,24,72,2,0,False,False,-1,[],
24.72.2-24.de.1.7,,24,72,2,0,False,False,-1,[],
24.72.2-24.de.1.8,,24,72,2,0,False,False,-1,[],
24.72.2-24.de.1.9,,24,72,2,0,False,False,-1,[],
24.72.2-24.dh.1.1,,24,72,2,0,False,False,-1,[],
24.72.2-24.dh.1.10,,24,72,2,0,False,False,-1,[],
24.72.2-24.dh.1.11,,24,72,2,0,False,False,-1,[],
24.72.2-24.dh.1.12,,24,72,2,0,False,False,-1,[],
24.72.2-24.dh.1.13,,24,72,2,0,False,False,-1,[],
24.72.2-24.dh.1.14,,24,72,2,0,False,False,-1,[],
24.72.2-24.dh.1.15,,24,72,2,0,False,False,-1,[],
24.72.2-24.dh.1.16,,24,72,2,0,False,False,-1,[],
24.72.2-24.dh.1.2,,24,72,2,0,False,False,-1,[],
24.72.2-24.dh.1.3,,24,72,2,0,False,False,-1,[],
24.72.2-24.dh.1.4,,24,72,2,0,False,False,-1,[],
24.72.2-24.dh.1.5,,24,72,2,0,False,False,-1,[],
24.72.2-24.dh.1.6,,24,72,2,0,False,False,-1,[],
24.72.2-24.dh.1.7,,24,72,2,0,False,False,-1,[],
24.72.2-24.dh.1.8,,24,72,2,0,False,False,-1,[],
24.72.2-24.dh.1.9,,24,72,2,0,False,False,-1,[],
24.72.2-24.dn.1.1,,24,72,2,0,False,,0,[],
24.72.2-24.dn.1.2,,24,72,2,0,False,,0,[],
24.72.2-24.dn.1.3,,24,72,2,0,False,,0,[],
24.72.2-24.dn.1.4,,24,72,2,0,False,,0,[],
24.72.2-24.dn.1.5,,24,72,2,0,False,,0,[],
24.72.2-24.dn.1.6,,24,72,2,0,False,,0,[],
24.72.2-24.dn.1.7,,24,72,2,0,False,,0,[],
24.72.2-24.dn.1.8,,24,72,2,0,False,,0,[],
24.72.2-24.dq.1.1,,24,72,2,0,False,False,-1,[],
24.72.2-24.dq.1.10,,24,72,2,0,False,False,-1,[],
24.72.2-24.dq.1.11,,24,72,2,0,False,False,-1,[],
24.72.2-24.dq.1.12,,24,72,2,0,False,False,-1,[],
24.72.2-24.dq.1.13,,24,72,2,0,False,False,-1,[],
24.72.2-24.dq.1.14,,24,72,2,0,False,False,-1,[],
24.72.2-24.dq.1.15,,24,72,2,0,False,False,-1,[],
24.72.2-24.dq.1.16,,24,72,2,0,False,False,-1,[],
24.72.2-24.dq.1.2,,24,72,2,0,False,False,-1,[],
24.72.2-24.dq.1.3,,24,72,2,0,False,False,-1,[],
24.72.2-24.dq.1.4,,24,72,2,0,False,False,-1,[],
24.72.2-24.dq.1.5,,24,72,2,0,False,False,-1,[],
24.72.2-24.dq.1.6,,24,72,2,0,False,False,-1,[],
24.72.2-24.dq.1.7,,24,72,2,0,False,False,-1,[],
24.72.2-24.dq.1.8,,24,72,2,0,False,False,-1,[],
24.72.2-24.dq.1.9,,24,72,2,0,False,False,-1,[],
24.72.2-24.e.1.1,,24,72,2,0,False,False,-1,[],
24.72.2-24.e.1.10,,24,72,2,0,False,False,-1,[],
24.72.2-24.e.1.11,,24,72,2,0,False,False,-1,[],
24.72.2-24.e.1.12,,24,72,2,0,False,False,-1,[],
24.72.2-24.e.1.13,,24,72,2,0,False,False,-1,[],
24.72.2-24.e.1.14,,24,72,2,0,False,False,-1,[],
24.72.2-24.e.1.15,,24,72,2,0,False,False,-1,[],
24.72.2-24.e.1.16,,24,72,2,0,False,False,-1,[],
24.72.2-24.e.1.2,,24,72,2,0,False,False,-1,[],
24.72.2-24.e.1.3,,24,72,2,0,False,False,-1,[],
24.72.2-24.e.1.4,,24,72,2,0,False,False,-1,[],
24.72.2-24.e.1.5,,24,72,2,0,False,False,-1,[],
24.72.2-24.e.1.6,,24,72,2,0,False,False,-1,[],
24.72.2-24.e.1.7,,24,72,2,0,False,False,-1,[],
24.72.2-24.e.1.8,,24,72,2,0,False,False,-1,[],
24.72.2-24.e.1.9,,24,72,2,0,False,False,-1,[],
24.72.2-24.f.1.1,,24,72,2,0,False,False,-1,[],
24.72.2-24.f.1.10,,24,72,2,0,False,False,-1,[],
24.72.2-24.f.1.11,,24,72,2,0,False,False,-1,[],
24.72.2-24.f.1.12,,24,72,2,0,False,False,-1,[],
24.72.2-24.f.1.13,,24,72,2,0,False,False,-1,[],
24.72.2-24.f.1.14,,24,72,2,0,False,False,-1,[],
24.72.2-24.f.1.15,,24,72,2,0,False,False,-1,[],
24.72.2-24.f.1.16,,24,72,2,0,False,False,-1,[],
24.72.2-24.f.1.2,,24,72,2,0,False,False,-1,[],
24.72.2-24.f.1.3,,24,72,2,0,False,False,-1,[],
24.72.2-24.f.1.4,,24,72,2,0,False,False,-1,[],
24.72.2-24.f.1.5,,24,72,2,0,False,False,-1,[],
24.72.2-24.f.1.6,,24,72,2,0,False,False,-1,[],
24.72.2-24.f.1.7,,24,72,2,0,False,False,-1,[],
24.72.2-24.f.1.8,,24,72,2,0,False,False,-1,[],
24.72.2-24.f.1.9,,24,72,2,0,False,False,-1,[],
24.72.2-24.h.1.1,,24,72,2,0,False,False,-1,[],
24.72.2-24.h.1.10,,24,72,2,0,False,False,-1,[],
24.72.2-24.h.1.11,,24,72,2,0,False,False,-1,[],
24.72.2-24.h.1.12,,24,72,2,0,False,False,-1,[],
24.72.2-24.h.1.13,,24,72,2,0,False,False,-1,[],
24.72.2-24.h.1.14,,24,72,2,0,False,False,-1,[],
24.72.2-24.h.1.15,,24,72,2,0,False,False,-1,[],
24.72.2-24.h.1.16,,24,72,2,0,False,False,-1,[],
24.72.2-24.h.1.2,,24,72,2,0,False,False,-1,[],
24.72.2-24.h.1.3,,24,72,2,0,False,False,-1,[],
24.72.2-24.h.1.4,,24,72,2,0,False,False,-1,[],
24.72.2-24.h.1.5,,24,72,2,0,False,False,-1,[],
24.72.2-24.h.1.6,,24,72,2,0,False,False,-1,[],
24.72.2-24.h.1.7,,24,72,2,0,False,False,-1,[],
24.72.2-24.h.1.8,,24,72,2,0,False,False,-1,[],
24.72.2-24.h.1.9,,24,72,2,0,False,False,-1,[],
24.72.2-24.j.1.1,,24,72,2,0,False,False,-1,[],
24.72.2-24.j.1.10,,24,72,2,0,False,False,-1,[],
24.72.2-24.j.1.11,,24,72,2,0,False,False,-1,[],
24.72.2-24.j.1.12,,24,72,2,0,False,False,-1,[],
24.72.2-24.j.1.13,,24,72,2,0,False,False,-1,[],
24.72.2-24.j.1.14,,24,72,2,0,False,False,-1,[],
24.72.2-24.j.1.15,,24,72,2,0,False,False,-1,[],
24.72.2-24.j.1.16,,24,72,2,0,False,False,-1,[],
24.72.2-24.j.1.2,,24,72,2,0,False,False,-1,[],
24.72.2-24.j.1.3,,24,72,2,0,False,False,-1,[],
24.72.2-24.j.1.4,,24,72,2,0,False,False,-1,[],
24.72.2-24.j.1.5,,24,72,2,0,False,False,-1,[],
24.72.2-24.j.1.6,,24,72,2,0,False,False,-1,[],
24.72.2-24.j.1.7,,24,72,2,0,False,False,-1,[],
24.72.2-24.j.1.8,,24,72,2,0,False,False,-1,[],
24.72.2-24.j.1.9,,24,72,2,0,False,False,-1,[],
24.72.2.b.1,,24,72,2,0,False,,0,[],
24.72.2.bd.1,,24,72,2,0,False,,0,[],
24.72.2.bf.1,,24,72,2,0,False,False,-1,[],
24.72.2.bh.1,,24,72,2,0,False,False,-1,[],
24.72.2.bi.1,,24,72,2,0,False,,0,[],
24.72.2.bk.1,,24,72,2,0,False,,0,[],
24.72.2.bm.1,,24,72,2,0,False,,0,[],
24.72.2.bo.1,,24,72,2,0,False,,0,[],
24.72.2.bp.1,,24,72,2,0,False,,0,[],
24.72.2.bq.1,,24,72,2,0,False,,0,[],
24.72.2.bt.1,,24,72,2,0,False,,0,[],
24.72.2.by.1,,24,72,2,0,False,,0,[],
24.72.2.c.1,,24,72,2,0,False,,0,[],
24.72.2.ce.1,,24,72,2,0,False,False,-1,[],
24.72.2.ci.1,,24,72,2,0,False,False,-1,[],
24.72.2.cn.1,,24,72,2,0,False,False,-1,[],
24.72.2.co.1,,24,72,2,0,False,,0,[],
24.72.2.cp.1,,24,72,2,0,False,,0,[],
24.72.2.cr.1,,24,72,2,0,False,,0,[],
24.72.2.cs.1,,24,72,2,0,False,,0,[],
24.72.2.cu.1,,24,72,2,0,False,,0,[],
24.72.2.cv.1,,24,72,2,0,False,,0,[],
24.72.2.cw.1,,24,72,2,0,False,,0,[],
24.72.2.cx.1,,24,72,2,0,False,,0,[],
24.72.2.cy.1,,24,72,2,0,False,,0,[],
24.72.2.d.1,,24,72,2,0,False,,0,[],
24.72.2.dc.1,,24,72,2,0,False,,0,[],
24.72.2.dd.1,,24,72,2,0,False,,0,[],
24.72.2.de.1,,24,72,2,0,False,,0,[],
24.72.2.dg.1,,24,72,2,0,False,,0,[],
24.72.2.dh.1,,24,72,2,0,False,,0,[],
24.72.2.dl.1,,24,72,2,0,False,,0,[],
24.72.2.dm.1,,24,72,2,0,False,,0,[],
24.72.2.do.1,,24,72,2,0,False,,0,[],
24.72.2.ds.1,,24,72,2,0,False,,0,[],
24.72.2.dy.1,,24,72,2,0,False,,0,[],
24.72.2.e.1,,24,72,2,0,False,False,-1,[],
24.72.2.eb.1,,24,72,2,0,False,,0,[],
24.72.2.ef.1,,24,72,2,0,False,,0,[],
24.72.2.eg.1,,24,72,2,0,False,,0,[],
24.72.2.ei.1,,24,72,2,0,False,,0,[],
24.72.2.eq.1,,24,72,2,0,False,False,-1,[],
24.72.2.er.1,,24,72,2,0,False,False,-1,[],
24.72.2.ev.1,,24,72,2,0,False,False,-1,[],
24.72.2.ez.1,,24,72,2,0,False,False,-1,[],
24.72.2.fb.1,,24,72,2,0,False,False,-1,[],
24.72.2.ff.1,,24,72,2,0,False,,0,[],
24.72.2.fg.1,,24,72,2,0,False,False,-1,[],
24.72.2.fh.1,,24,72,2,0,False,,0,[],
24.72.2.fi.1,,24,72,2,0,False,False,-1,[],
24.72.2.fk.1,,24,72,2,0,False,,0,[],
24.72.2.fl.1,,24,72,2,0,False,,0,[],
24.72.2.fn.1,,24,72,2,0,False,,0,[],
24.72.2.fp.1,,24,72,2,0,False,,0,[],
24.72.2.fq.1,,24,72,2,0,False,,0,[],
24.72.2.fr.1,,24,72,2,0,False,,0,[],
24.72.2.fu.1,,24,72,2,0,False,False,-1,[],
24.72.2.fv.1,,24,72,2,0,False,False,-1,[],
24.72.2.fz.1,,24,72,2,0,False,False,-1,[],
24.72.2.g.1,,24,72,2,0,False,,0,[],
24.72.2.gb.1,,24,72,2,0,False,,0,[],
24.72.2.gc.1,,24,72,2,0,False,False,-1,[],
24.72.2.gh.1,,24,72,2,0,False,,0,[],
24.72.2.gl.1,,24,72,2,0,False,False,-1,[],
24.72.2.h.1,,24,72,2,0,False,,0,[],
24.72.2.hc.1,,24,72,2,0,False,False,-1,[],
24.72.2.hd.1,,24,72,2,0,False,False,-1,[],
24.72.2.hf.1,,24,72,2,0,False,False,-1,[],
24.72.2.hh.1,,24,72,2,0,False,False,-1,[],
24.72.2.hj.1,,24,72,2,0,True,,0,[],
24.72.2.hj.2,,24,72,2,0,True,,0,[],
24.72.2.hl.1,,24,72,2,0,True,False,-1,[],
24.72.2.hl.2,,24,72,2,0,True,False,-1,[],
24.72.2.hn.1,,24,72,2,0,True,,0,[],
24.72.2.hn.2,,24,72,2,0,True,,0,[],
24.72.2.hp.1,,24,72,2,0,True,False,-1,[],
24.72.2.hp.2,,24,72,2,0,True,False,-1,[],
24.72.2.hs.1,,24,72,2,0,False,False,-1,[],
24.72.2.hv.1,,24,72,2,0,False,,0,[],
24.72.2.hx.1,,24,72,2,0,False,,0,[],
24.72.2.ia.1,,24,72,2,0,False,False,-1,[],
24.72.2.ib.1,,24,72,2,0,False,,0,[],
24.72.2.id.1,,24,72,2,0,False,,0,[],
24.72.2.if.1,,24,72,2,0,False,,0,[],
24.72.2.ig.1,,24,72,2,0,False,False,-1,[],
24.72.2.ih.1,,24,72,2,0,False,,0,[],
24.72.2.ii.1,,24,72,2,0,False,False,-1,[],
24.72.2.ik.1,,24,72,2,0,False,False,-1,[],
24.72.2.il.1,,24,72,2,0,False,,0,[],
24.72.2.in.1,,24,72,2,0,False,,0,[],
24.72.2.io.1,,24,72,2,0,False,False,-1,[],
24.72.2.ip.1,,24,72,2,0,False,False,-1,[],
24.72.2.ir.1,,24,72,2,0,False,False,-1,[],
24.72.2.is.1,,24,72,2,0,False,False,-1,[],
24.72.2.it.1,,24,72,2,0,False,False,-1,[],
24.72.2.iu.1,,24,72,2,0,False,False,-1,[],
24.72.2.ix.1,,24,72,2,0,False,False,-1,[],
24.72.2.j.1,,24,72,2,0,False,False,-1,[],
24.72.2.jf.1,,24,72,2,0,False,False,-1,[],
24.72.2.jn.1,,24,72,2,0,False,False,-1,[],
24.72.2.l.1,,24,72,2,0,False,,0,[],
24.72.2.m.1,,24,72,2,0,False,False,-1,[],
24.72.2.n.1,,24,72,2,0,False,False,-1,[],
24.72.2.o.1,,24,72,2,0,False,,0,[],
24.72.2.q.1,,24,72,2,0,False,False,-1,[],
24.72.2.r.1,,24,72,2,0,False,False,-1,[],
24.72.2.s.1,,24,72,2,0,False,,0,[],
24.72.2.y.1,,24,72,2,0,False,,0,[],
24.96.2-12.a.1.1,,24,96,2,0,True,False,-1,[],
24.96.2-12.a.1.2,,24,96,2,0,True,False,-1,[],
24.96.2-12.a.1.3,,24,96,2,0,True,False,-1,[],
24.96.2-12.a.1.4,,24,96,2,0,True,False,-1,[],
24.96.2-12.a.1.5,,24,96,2,0,True,False,-1,[],
24.96.2-12.a.1.6,,24,96,2,0,True,False,-1,[],
24.96.2-12.a.1.7,,24,96,2,0,True,False,-1,[],
24.96.2-12.a.1.8,,24,96,2,0,True,False,-1,[],
24.96.2-12.a.2.1,,24,96,2,0,True,False,-1,[],
24.96.2-12.a.2.2,,24,96,2,0,True,False,-1,[],
24.96.2-12.a.2.3,,24,96,2,0,True,False,-1,[],
24.96.2-12.a.2.4,,24,96,2,0,True,False,-1,[],
24.96.2-12.a.2.5,,24,96,2,0,True,False,-1,[],
24.96.2-12.a.2.6,,24,96,2,0,True,False,-1,[],
24.96.2-12.a.2.7,,24,96,2,0,True,False,-1,[],
24.96.2-12.a.2.8,,24,96,2,0,True,False,-1,[],
24.96.2-12.b.1.1,,24,96,2,0,True,False,-1,[],
24.96.2-12.b.1.2,,24,96,2,0,True,False,-1,[],
24.96.2-12.b.1.3,,24,96,2,0,True,False,-1,[],
24.96.2-12.b.1.4,,24,96,2,0,True,False,-1,[],
24.96.2-12.b.1.5,,24,96,2,0,True,False,-1,[],
24.96.2-12.b.1.6,,24,96,2,0,True,False,-1,[],
24.96.2-12.b.1.7,,24,96,2,0,True,False,-1,[],
24.96.2-12.b.1.8,,24,96,2,0,True,False,-1,[],
24.96.2-12.b.2.1,,24,96,2,0,True,False,-1,[],
24.96.2-12.b.2.2,,24,96,2,0,True,False,-1,[],
24.96.2-12.b.2.3,,24,96,2,0,True,False,-1,[],
24.96.2-12.b.2.4,,24,96,2,0,True,False,-1,[],
24.96.2-12.b.2.5,,24,96,2,0,True,False,-1,[],
24.96.2-12.b.2.6,,24,96,2,0,True,False,-1,[],
24.96.2-12.b.2.7,,24,96,2,0,True,False,-1,[],
24.96.2-12.b.2.8,,24,96,2,0,True,False,-1,[],
24.96.2-12.c.1.1,,24,96,2,0,False,False,-1,[],
24.96.2-12.c.1.10,,24,96,2,0,False,False,-1,[],
24.96.2-12.c.1.11,,24,96,2,0,False,False,-1,[],
24.96.2-12.c.1.12,,24,96,2,0,False,False,-1,[],
24.96.2-12.c.1.13,,24,96,2,0,False,False,-1,[],
24.96.2-12.c.1.14,,24,96,2,0,False,False,-1,[],
24.96.2-12.c.1.15,,24,96,2,0,False,False,-1,[],
24.96.2-12.c.1.16,,24,96,2,0,False,False,-1,[],
24.96.2-12.c.1.17,,24,96,2,0,False,False,-1,[],
24.96.2-12.c.1.18,,24,96,2,0,False,False,-1,[],
24.96.2-12.c.1.19,,24,96,2,0,False,False,-1,[],
24.96.2-12.c.1.2,,24,96,2,0,False,False,-1,[],
24.96.2-12.c.1.20,,24,96,2,0,False,False,-1,[],
24.96.2-12.c.1.21,,24,96,2,0,False,False,-1,[],
24.96.2-12.c.1.22,,24,96,2,0,False,False,-1,[],
24.96.2-12.c.1.23,,24,96,2,0,False,False,-1,[],
24.96.2-12.c.1.24,,24,96,2,0,False,False,-1,[],
24.96.2-12.c.1.3,,24,96,2,0,False,False,-1,[],
24.96.2-12.c.1.4,,24,96,2,0,False,False,-1,[],
24.96.2-12.c.1.5,,24,96,2,0,False,False,-1,[],
24.96.2-12.c.1.6,,24,96,2,0,False,False,-1,[],
24.96.2-12.c.1.7,,24,96,2,0,False,False,-1,[],
24.96.2-12.c.1.8,,24,96,2,0,False,False,-1,[],
24.96.2-12.c.1.9,,24,96,2,0,False,False,-1,[],
24.96.2-12.d.1.1,,24,96,2,0,False,False,-1,[],
24.96.2-12.d.1.10,,24,96,2,0,False,False,-1,[],
24.96.2-12.d.1.11,,24,96,2,0,False,False,-1,[],
24.96.2-12.d.1.12,,24,96,2,0,False,False,-1,[],
24.96.2-12.d.1.13,,24,96,2,0,False,False,-1,[],
24.96.2-12.d.1.14,,24,96,2,0,False,False,-1,[],
24.96.2-12.d.1.15,,24,96,2,0,False,False,-1,[],
24.96.2-12.d.1.16,,24,96,2,0,False,False,-1,[],
24.96.2-12.d.1.17,,24,96,2,0,False,False,-1,[],
24.96.2-12.d.1.18,,24,96,2,0,False,False,-1,[],
24.96.2-12.d.1.19,,24,96,2,0,False,False,-1,[],
24.96.2-12.d.1.2,,24,96,2,0,False,False,-1,[],
24.96.2-12.d.1.20,,24,96,2,0,False,False,-1,[],
24.96.2-12.d.1.21,,24,96,2,0,False,False,-1,[],
24.96.2-12.d.1.22,,24,96,2,0,False,False,-1,[],
24.96.2-12.d.1.23,,24,96,2,0,False,False,-1,[],
24.96.2-12.d.1.24,,24,96,2,0,False,False,-1,[],
24.96.2-12.d.1.3,,24,96,2,0,False,False,-1,[],
24.96.2-12.d.1.4,,24,96,2,0,False,False,-1,[],
24.96.2-12.d.1.5,,24,96,2,0,False,False,-1,[],
24.96.2-12.d.1.6,,24,96,2,0,False,False,-1,[],
24.96.2-12.d.1.7,,24,96,2,0,False,False,-1,[],
24.96.2-12.d.1.8,,24,96,2,0,False,False,-1,[],
24.96.2-12.d.1.9,,24,96,2,0,False,False,-1,[],
24.96.2-12.e.1.1,,24,96,2,0,False,False,-1,[],
24.96.2-12.e.1.10,,24,96,2,0,False,False,-1,[],
24.96.2-12.e.1.11,,24,96,2,0,False,False,-1,[],
24.96.2-12.e.1.12,,24,96,2,0,False,False,-1,[],
24.96.2-12.e.1.13,,24,96,2,0,False,False,-1,[],
24.96.2-12.e.1.14,,24,96,2,0,False,False,-1,[],
24.96.2-12.e.1.15,,24,96,2,0,False,False,-1,[],
24.96.2-12.e.1.16,,24,96,2,0,False,False,-1,[],
24.96.2-12.e.1.17,,24,96,2,0,False,False,-1,[],
24.96.2-12.e.1.18,,24,96,2,0,False,False,-1,[],
24.96.2-12.e.1.19,,24,96,2,0,False,False,-1,[],
24.96.2-12.e.1.2,,24,96,2,0,False,False,-1,[],
24.96.2-12.e.1.20,,24,96,2,0,False,False,-1,[],
24.96.2-12.e.1.21,,24,96,2,0,False,False,-1,[],
24.96.2-12.e.1.22,,24,96,2,0,False,False,-1,[],
24.96.2-12.e.1.23,,24,96,2,0,False,False,-1,[],
24.96.2-12.e.1.24,,24,96,2,0,False,False,-1,[],
24.96.2-12.e.1.3,,24,96,2,0,False,False,-1,[],
24.96.2-12.e.1.4,,24,96,2,0,False,False,-1,[],
24.96.2-12.e.1.5,,24,96,2,0,False,False,-1,[],
24.96.2-12.e.1.6,,24,96,2,0,False,False,-1,[],
24.96.2-12.e.1.7,,24,96,2,0,False,False,-1,[],
24.96.2-12.e.1.8,,24,96,2,0,False,False,-1,[],
24.96.2-12.e.1.9,,24,96,2,0,False,False,-1,[],
24.96.2-12.f.1.1,,24,96,2,0,False,False,-1,[],
24.96.2-12.f.1.10,,24,96,2,0,False,False,-1,[],
24.96.2-12.f.1.11,,24,96,2,0,False,False,-1,[],
24.96.2-12.f.1.12,,24,96,2,0,False,False,-1,[],
24.96.2-12.f.1.13,,24,96,2,0,False,False,-1,[],
24.96.2-12.f.1.14,,24,96,2,0,False,False,-1,[],
24.96.2-12.f.1.15,,24,96,2,0,False,False,-1,[],
24.96.2-12.f.1.16,,24,96,2,0,False,False,-1,[],
24.96.2-12.f.1.17,,24,96,2,0,False,False,-1,[],
24.96.2-12.f.1.18,,24,96,2,0,False,False,-1,[],
24.96.2-12.f.1.19,,24,96,2,0,False,False,-1,[],
24.96.2-12.f.1.2,,24,96,2,0,False,False,-1,[],
24.96.2-12.f.1.20,,24,96,2,0,False,False,-1,[],
24.96.2-12.f.1.21,,24,96,2,0,False,False,-1,[],
24.96.2-12.f.1.22,,24,96,2,0,False,False,-1,[],
24.96.2-12.f.1.23,,24,96,2,0,False,False,-1,[],
24.96.2-12.f.1.24,,24,96,2,0,False,False,-1,[],
24.96.2-12.f.1.3,,24,96,2,0,False,False,-1,[],
24.96.2-12.f.1.4,,24,96,2,0,False,False,-1,[],
24.96.2-12.f.1.5,,24,96,2,0,False,False,-1,[],
24.96.2-12.f.1.6,,24,96,2,0,False,False,-1,[],
24.96.2-12.f.1.7,,24,96,2,0,False,False,-1,[],
24.96.2-12.f.1.8,,24,96,2,0,False,False,-1,[],
24.96.2-12.f.1.9,,24,96,2,0,False,False,-1,[],
24.96.2-24.a.1.1,,24,96,2,0,True,False,-1,[],
24.96.2-24.a.1.10,,24,96,2,0,True,False,-1,[],
24.96.2-24.a.1.11,,24,96,2,0,True,False,-1,[],
24.96.2-24.a.1.12,,24,96,2,0,True,False,-1,[],
24.96.2-24.a.1.13,,24,96,2,0,True,False,-1,[],
24.96.2-24.a.1.14,,24,96,2,0,True,False,-1,[],
24.96.2-24.a.1.15,,24,96,2,0,True,False,-1,[],
24.96.2-24.a.1.16,,24,96,2,0,True,False,-1,[],
24.96.2-24.a.1.17,,24,96,2,0,True,False,-1,[],
24.96.2-24.a.1.18,,24,96,2,0,True,False,-1,[],
24.96.2-24.a.1.19,,24,96,2,0,True,False,-1,[],
24.96.2-24.a.1.2,,24,96,2,0,True,False,-1,[],
24.96.2-24.a.1.20,,24,96,2,0,True,False,-1,[],
24.96.2-24.a.1.21,,24,96,2,0,True,False,-1,[],
24.96.2-24.a.1.22,,24,96,2,0,True,False,-1,[],
24.96.2-24.a.1.23,,24,96,2,0,True,False,-1,[],
24.96.2-24.a.1.24,,24,96,2,0,True,False,-1,[],
24.96.2-24.a.1.3,,24,96,2,0,True,False,-1,[],
24.96.2-24.a.1.4,,24,96,2,0,True,False,-1,[],
24.96.2-24.a.1.5,,24,96,2,0,True,False,-1,[],
24.96.2-24.a.1.6,,24,96,2,0,True,False,-1,[],
24.96.2-24.a.1.7,,24,96,2,0,True,False,-1,[],
24.96.2-24.a.1.8,,24,96,2,0,True,False,-1,[],
24.96.2-24.a.1.9,,24,96,2,0,True,False,-1,[],
24.96.2-24.b.1.1,,24,96,2,0,True,False,-1,[],
24.96.2-24.b.1.10,,24,96,2,0,True,False,-1,[],
24.96.2-24.b.1.11,,24,96,2,0,True,False,-1,[],
24.96.2-24.b.1.12,,24,96,2,0,True,False,-1,[],
24.96.2-24.b.1.13,,24,96,2,0,True,False,-1,[],
24.96.2-24.b.1.14,,24,96,2,0,True,False,-1,[],
24.96.2-24.b.1.15,,24,96,2,0,True,False,-1,[],
24.96.2-24.b.1.16,,24,96,2,0,True,False,-1,[],
24.96.2-24.b.1.2,,24,96,2,0,True,False,-1,[],
24.96.2-24.b.1.3,,24,96,2,0,True,False,-1,[],
24.96.2-24.b.1.4,,24,96,2,0,True,False,-1,[],
24.96.2-24.b.1.5,,24,96,2,0,True,False,-1,[],
24.96.2-24.b.1.6,,24,96,2,0,True,False,-1,[],
24.96.2-24.b.1.7,,24,96,2,0,True,False,-1,[],
24.96.2-24.b.1.8,,24,96,2,0,True,False,-1,[],
24.96.2-24.b.1.9,,24,96,2,0,True,False,-1,[],
24.96.2-24.b.2.1,,24,96,2,0,True,False,-1,[],
24.96.2-24.b.2.10,,24,96,2,0,True,False,-1,[],
24.96.2-24.b.2.11,,24,96,2,0,True,False,-1,[],
24.96.2-24.b.2.12,,24,96,2,0,True,False,-1,[],
24.96.2-24.b.2.13,,24,96,2,0,True,False,-1,[],
24.96.2-24.b.2.14,,24,96,2,0,True,False,-1,[],
24.96.2-24.b.2.15,,24,96,2,0,True,False,-1,[],
24.96.2-24.b.2.16,,24,96,2,0,True,False,-1,[],
24.96.2-24.b.2.2,,24,96,2,0,True,False,-1,[],
24.96.2-24.b.2.3,,24,96,2,0,True,False,-1,[],
24.96.2-24.b.2.4,,24,96,2,0,True,False,-1,[],
24.96.2-24.b.2.5,,24,96,2,0,True,False,-1,[],
24.96.2-24.b.2.6,,24,96,2,0,True,False,-1,[],
24.96.2-24.b.2.7,,24,96,2,0,True,False,-1,[],
24.96.2-24.b.2.8,,24,96,2,0,True,False,-1,[],
24.96.2-24.b.2.9,,24,96,2,0,True,False,-1,[],
24.96.2-24.c.1.1,,24,96,2,0,True,False,-1,[],
24.96.2-24.c.1.10,,24,96,2,0,True,False,-1,[],
24.96.2-24.c.1.11,,24,96,2,0,True,False,-1,[],
24.96.2-24.c.1.12,,24,96,2,0,True,False,-1,[],
24.96.2-24.c.1.13,,24,96,2,0,True,False,-1,[],
24.96.2-24.c.1.14,,24,96,2,0,True,False,-1,[],
24.96.2-24.c.1.15,,24,96,2,0,True,False,-1,[],
24.96.2-24.c.1.16,,24,96,2,0,True,False,-1,[],
24.96.2-24.c.1.2,,24,96,2,0,True,False,-1,[],
24.96.2-24.c.1.3,,24,96,2,0,True,False,-1,[],
24.96.2-24.c.1.4,,24,96,2,0,True,False,-1,[],
24.96.2-24.c.1.5,,24,96,2,0,True,False,-1,[],
24.96.2-24.c.1.6,,24,96,2,0,True,False,-1,[],
24.96.2-24.c.1.7,,24,96,2,0,True,False,-1,[],
24.96.2-24.c.1.8,,24,96,2,0,True,False,-1,[],
24.96.2-24.c.1.9,,24,96,2,0,True,False,-1,[],
24.96.2-24.c.2.1,,24,96,2,0,True,False,-1,[],
24.96.2-24.c.2.10,,24,96,2,0,True,False,-1,[],
24.96.2-24.c.2.11,,24,96,2,0,True,False,-1,[],
24.96.2-24.c.2.12,,24,96,2,0,True,False,-1,[],
24.96.2-24.c.2.13,,24,96,2,0,True,False,-1,[],
24.96.2-24.c.2.14,,24,96,2,0,True,False,-1,[],
24.96.2-24.c.2.15,,24,96,2,0,True,False,-1,[],
24.96.2-24.c.2.16,,24,96,2,0,True,False,-1,[],
24.96.2-24.c.2.2,,24,96,2,0,True,False,-1,[],
24.96.2-24.c.2.3,,24,96,2,0,True,False,-1,[],
24.96.2-24.c.2.4,,24,96,2,0,True,False,-1,[],
24.96.2-24.c.2.5,,24,96,2,0,True,False,-1,[],
24.96.2-24.c.2.6,,24,96,2,0,True,False,-1,[],
24.96.2-24.c.2.7,,24,96,2,0,True,False,-1,[],
24.96.2-24.c.2.8,,24,96,2,0,True,False,-1,[],
24.96.2-24.c.2.9,,24,96,2,0,True,False,-1,[],
24.96.2-24.d.1.1,,24,96,2,0,True,False,-1,[],
24.96.2-24.d.1.10,,24,96,2,0,True,False,-1,[],
24.96.2-24.d.1.11,,24,96,2,0,True,False,-1,[],
24.96.2-24.d.1.12,,24,96,2,0,True,False,-1,[],
24.96.2-24.d.1.13,,24,96,2,0,True,False,-1,[],
24.96.2-24.d.1.14,,24,96,2,0,True,False,-1,[],
24.96.2-24.d.1.15,,24,96,2,0,True,False,-1,[],
24.96.2-24.d.1.16,,24,96,2,0,True,False,-1,[],
24.96.2-24.d.1.2,,24,96,2,0,True,False,-1,[],
24.96.2-24.d.1.3,,24,96,2,0,True,False,-1,[],
24.96.2-24.d.1.4,,24,96,2,0,True,False,-1,[],
24.96.2-24.d.1.5,,24,96,2,0,True,False,-1,[],
24.96.2-24.d.1.6,,24,96,2,0,True,False,-1,[],
24.96.2-24.d.1.7,,24,96,2,0,True,False,-1,[],
24.96.2-24.d.1.8,,24,96,2,0,True,False,-1,[],
24.96.2-24.d.1.9,,24,96,2,0,True,False,-1,[],
24.96.2-24.d.2.1,,24,96,2,0,True,False,-1,[],
24.96.2-24.d.2.10,,24,96,2,0,True,False,-1,[],
24.96.2-24.d.2.11,,24,96,2,0,True,False,-1,[],
24.96.2-24.d.2.12,,24,96,2,0,True,False,-1,[],
24.96.2-24.d.2.13,,24,96,2,0,True,False,-1,[],
24.96.2-24.d.2.14,,24,96,2,0,True,False,-1,[],
24.96.2-24.d.2.15,,24,96,2,0,True,False,-1,[],
24.96.2-24.d.2.16,,24,96,2,0,True,False,-1,[],
24.96.2-24.d.2.2,,24,96,2,0,True,False,-1,[],
24.96.2-24.d.2.3,,24,96,2,0,True,False,-1,[],
24.96.2-24.d.2.4,,24,96,2,0,True,False,-1,[],
24.96.2-24.d.2.5,,24,96,2,0,True,False,-1,[],
24.96.2-24.d.2.6,,24,96,2,0,True,False,-1,[],
24.96.2-24.d.2.7,,24,96,2,0,True,False,-1,[],
24.96.2-24.d.2.8,,24,96,2,0,True,False,-1,[],
24.96.2-24.d.2.9,,24,96,2,0,True,False,-1,[],
24.96.2-24.e.1.1,,24,96,2,0,True,False,-1,[],
24.96.2-24.e.1.10,,24,96,2,0,True,False,-1,[],
24.96.2-24.e.1.11,,24,96,2,0,True,False,-1,[],
24.96.2-24.e.1.12,,24,96,2,0,True,False,-1,[],
24.96.2-24.e.1.13,,24,96,2,0,True,False,-1,[],
24.96.2-24.e.1.14,,24,96,2,0,True,False,-1,[],
24.96.2-24.e.1.15,,24,96,2,0,True,False,-1,[],
24.96.2-24.e.1.16,,24,96,2,0,True,False,-1,[],
24.96.2-24.e.1.2,,24,96,2,0,True,False,-1,[],
24.96.2-24.e.1.3,,24,96,2,0,True,False,-1,[],
24.96.2-24.e.1.4,,24,96,2,0,True,False,-1,[],
24.96.2-24.e.1.5,,24,96,2,0,True,False,-1,[],
24.96.2-24.e.1.6,,24,96,2,0,True,False,-1,[],
24.96.2-24.e.1.7,,24,96,2,0,True,False,-1,[],
24.96.2-24.e.1.8,,24,96,2,0,True,False,-1,[],
24.96.2-24.e.1.9,,24,96,2,0,True,False,-1,[],
24.96.2-24.e.2.1,,24,96,2,0,True,False,-1,[],
24.96.2-24.e.2.10,,24,96,2,0,True,False,-1,[],
24.96.2-24.e.2.11,,24,96,2,0,True,False,-1,[],
24.96.2-24.e.2.12,,24,96,2,0,True,False,-1,[],
24.96.2-24.e.2.13,,24,96,2,0,True,False,-1,[],
24.96.2-24.e.2.14,,24,96,2,0,True,False,-1,[],
24.96.2-24.e.2.15,,24,96,2,0,True,False,-1,[],
24.96.2-24.e.2.16,,24,96,2,0,True,False,-1,[],
24.96.2-24.e.2.2,,24,96,2,0,True,False,-1,[],
24.96.2-24.e.2.3,,24,96,2,0,True,False,-1,[],
24.96.2-24.e.2.4,,24,96,2,0,True,False,-1,[],
24.96.2-24.e.2.5,,24,96,2,0,True,False,-1,[],
24.96.2-24.e.2.6,,24,96,2,0,True,False,-1,[],
24.96.2-24.e.2.7,,24,96,2,0,True,False,-1,[],
24.96.2-24.e.2.8,,24,96,2,0,True,False,-1,[],
24.96.2-24.e.2.9,,24,96,2,0,True,False,-1,[],
24.96.2-24.f.1.1,,24,96,2,0,True,False,-1,[],
24.96.2-24.f.1.10,,24,96,2,0,True,False,-1,[],
24.96.2-24.f.1.11,,24,96,2,0,True,False,-1,[],
24.96.2-24.f.1.12,,24,96,2,0,True,False,-1,[],
24.96.2-24.f.1.13,,24,96,2,0,True,False,-1,[],
24.96.2-24.f.1.14,,24,96,2,0,True,False,-1,[],
24.96.2-24.f.1.15,,24,96,2,0,True,False,-1,[],
24.96.2-24.f.1.16,,24,96,2,0,True,False,-1,[],
24.96.2-24.f.1.17,,24,96,2,0,True,False,-1,[],
24.96.2-24.f.1.18,,24,96,2,0,True,False,-1,[],
24.96.2-24.f.1.19,,24,96,2,0,True,False,-1,[],
24.96.2-24.f.1.2,,24,96,2,0,True,False,-1,[],
24.96.2-24.f.1.20,,24,96,2,0,True,False,-1,[],
24.96.2-24.f.1.21,,24,96,2,0,True,False,-1,[],
24.96.2-24.f.1.22,,24,96,2,0,True,False,-1,[],
24.96.2-24.f.1.23,,24,96,2,0,True,False,-1,[],
24.96.2-24.f.1.24,,24,96,2,0,True,False,-1,[],
24.96.2-24.f.1.25,,24,96,2,0,True,False,-1,[],
24.96.2-24.f.1.26,,24,96,2,0,True,False,-1,[],
24.96.2-24.f.1.27,,24,96,2,0,True,False,-1,[],
24.96.2-24.f.1.28,,24,96,2,0,True,False,-1,[],
24.96.2-24.f.1.29,,24,96,2,0,True,False,-1,[],
24.96.2-24.f.1.3,,24,96,2,0,True,False,-1,[],
24.96.2-24.f.1.30,,24,96,2,0,True,False,-1,[],
24.96.2-24.f.1.31,,24,96,2,0,True,False,-1,[],
24.96.2-24.f.1.32,,24,96,2,0,True,False,-1,[],
24.96.2-24.f.1.4,,24,96,2,0,True,False,-1,[],
24.96.2-24.f.1.5,,24,96,2,0,True,False,-1,[],
24.96.2-24.f.1.6,,24,96,2,0,True,False,-1,[],
24.96.2-24.f.1.7,,24,96,2,0,True,False,-1,[],
24.96.2-24.f.1.8,,24,96,2,0,True,False,-1,[],
24.96.2-24.f.1.9,,24,96,2,0,True,False,-1,[],
24.96.2-24.f.2.1,,24,96,2,0,True,False,-1,[],
24.96.2-24.f.2.10,,24,96,2,0,True,False,-1,[],
24.96.2-24.f.2.11,,24,96,2,0,True,False,-1,[],
24.96.2-24.f.2.12,,24,96,2,0,True,False,-1,[],
24.96.2-24.f.2.13,,24,96,2,0,True,False,-1,[],
24.96.2-24.f.2.14,,24,96,2,0,True,False,-1,[],
24.96.2-24.f.2.15,,24,96,2,0,True,False,-1,[],
24.96.2-24.f.2.16,,24,96,2,0,True,False,-1,[],
24.96.2-24.f.2.17,,24,96,2,0,True,False,-1,[],
24.96.2-24.f.2.18,,24,96,2,0,True,False,-1,[],
24.96.2-24.f.2.19,,24,96,2,0,True,False,-1,[],
24.96.2-24.f.2.2,,24,96,2,0,True,False,-1,[],
24.96.2-24.f.2.20,,24,96,2,0,True,False,-1,[],
24.96.2-24.f.2.21,,24,96,2,0,True,False,-1,[],
24.96.2-24.f.2.22,,24,96,2,0,True,False,-1,[],
24.96.2-24.f.2.23,,24,96,2,0,True,False,-1,[],
24.96.2-24.f.2.24,,24,96,2,0,True,False,-1,[],
24.96.2-24.f.2.25,,24,96,2,0,True,False,-1,[],
24.96.2-24.f.2.26,,24,96,2,0,True,False,-1,[],
24.96.2-24.f.2.27,,24,96,2,0,True,False,-1,[],
24.96.2-24.f.2.28,,24,96,2,0,True,False,-1,[],
24.96.2-24.f.2.29,,24,96,2,0,True,False,-1,[],
24.96.2-24.f.2.3,,24,96,2,0,True,False,-1,[],
24.96.2-24.f.2.30,,24,96,2,0,True,False,-1,[],
24.96.2-24.f.2.31,,24,96,2,0,True,False,-1,[],
24.96.2-24.f.2.32,,24,96,2,0,True,False,-1,[],
24.96.2-24.f.2.4,,24,96,2,0,True,False,-1,[],
24.96.2-24.f.2.5,,24,96,2,0,True,False,-1,[],
24.96.2-24.f.2.6,,24,96,2,0,True,False,-1,[],
24.96.2-24.f.2.7,,24,96,2,0,True,False,-1,[],
24.96.2-24.f.2.8,,24,96,2,0,True,False,-1,[],
24.96.2-24.f.2.9,,24,96,2,0,True,False,-1,[],
24.96.2-24.g.1.1,,24,96,2,0,True,False,-1,[],
24.96.2-24.g.1.10,,24,96,2,0,True,False,-1,[],
24.96.2-24.g.1.11,,24,96,2,0,True,False,-1,[],
24.96.2-24.g.1.12,,24,96,2,0,True,False,-1,[],
24.96.2-24.g.1.13,,24,96,2,0,True,False,-1,[],
24.96.2-24.g.1.14,,24,96,2,0,True,False,-1,[],
24.96.2-24.g.1.15,,24,96,2,0,True,False,-1,[],
24.96.2-24.g.1.16,,24,96,2,0,True,False,-1,[],
24.96.2-24.g.1.17,,24,96,2,0,True,False,-1,[],
24.96.2-24.g.1.18,,24,96,2,0,True,False,-1,[],
24.96.2-24.g.1.19,,24,96,2,0,True,False,-1,[],
24.96.2-24.g.1.2,,24,96,2,0,True,False,-1,[],
24.96.2-24.g.1.20,,24,96,2,0,True,False,-1,[],
24.96.2-24.g.1.21,,24,96,2,0,True,False,-1,[],
24.96.2-24.g.1.22,,24,96,2,0,True,False,-1,[],
24.96.2-24.g.1.23,,24,96,2,0,True,False,-1,[],
24.96.2-24.g.1.24,,24,96,2,0,True,False,-1,[],
24.96.2-24.g.1.25,,24,96,2,0,True,False,-1,[],
24.96.2-24.g.1.26,,24,96,2,0,True,False,-1,[],
24.96.2-24.g.1.27,,24,96,2,0,True,False,-1,[],
24.96.2-24.g.1.28,,24,96,2,0,True,False,-1,[],
24.96.2-24.g.1.29,,24,96,2,0,True,False,-1,[],
24.96.2-24.g.1.3,,24,96,2,0,True,False,-1,[],
24.96.2-24.g.1.30,,24,96,2,0,True,False,-1,[],
24.96.2-24.g.1.31,,24,96,2,0,True,False,-1,[],
24.96.2-24.g.1.32,,24,96,2,0,True,False,-1,[],
24.96.2-24.g.1.4,,24,96,2,0,True,False,-1,[],
24.96.2-24.g.1.5,,24,96,2,0,True,False,-1,[],
24.96.2-24.g.1.6,,24,96,2,0,True,False,-1,[],
24.96.2-24.g.1.7,,24,96,2,0,True,False,-1,[],
24.96.2-24.g.1.8,,24,96,2,0,True,False,-1,[],
24.96.2-24.g.1.9,,24,96,2,0,True,False,-1,[],
24.96.2-24.g.2.1,,24,96,2,0,True,False,-1,[],
24.96.2-24.g.2.10,,24,96,2,0,True,False,-1,[],
24.96.2-24.g.2.11,,24,96,2,0,True,False,-1,[],
24.96.2-24.g.2.12,,24,96,2,0,True,False,-1,[],
24.96.2-24.g.2.13,,24,96,2,0,True,False,-1,[],
24.96.2-24.g.2.14,,24,96,2,0,True,False,-1,[],
24.96.2-24.g.2.15,,24,96,2,0,True,False,-1,[],
24.96.2-24.g.2.16,,24,96,2,0,True,False,-1,[],
24.96.2-24.g.2.17,,24,96,2,0,True,False,-1,[],
24.96.2-24.g.2.18,,24,96,2,0,True,False,-1,[],
24.96.2-24.g.2.19,,24,96,2,0,True,False,-1,[],
24.96.2-24.g.2.2,,24,96,2,0,True,False,-1,[],
24.96.2-24.g.2.20,,24,96,2,0,True,False,-1,[],
24.96.2-24.g.2.21,,24,96,2,0,True,False,-1,[],
24.96.2-24.g.2.22,,24,96,2,0,True,False,-1,[],
24.96.2-24.g.2.23,,24,96,2,0,True,False,-1,[],
24.96.2-24.g.2.24,,24,96,2,0,True,False,-1,[],
24.96.2-24.g.2.25,,24,96,2,0,True,False,-1,[],
24.96.2-24.g.2.26,,24,96,2,0,True,False,-1,[],
24.96.2-24.g.2.27,,24,96,2,0,True,False,-1,[],
24.96.2-24.g.2.28,,24,96,2,0,True,False,-1,[],
24.96.2-24.g.2.29,,24,96,2,0,True,False,-1,[],
24.96.2-24.g.2.3,,24,96,2,0,True,False,-1,[],
24.96.2-24.g.2.30,,24,96,2,0,True,False,-1,[],
24.96.2-24.g.2.31,,24,96,2,0,True,False,-1,[],
24.96.2-24.g.2.32,,24,96,2,0,True,False,-1,[],
24.96.2-24.g.2.4,,24,96,2,0,True,False,-1,[],
24.96.2-24.g.2.5,,24,96,2,0,True,False,-1,[],
24.96.2-24.g.2.6,,24,96,2,0,True,False,-1,[],
24.96.2-24.g.2.7,,24,96,2,0,True,False,-1,[],
24.96.2-24.g.2.8,,24,96,2,0,True,False,-1,[],
24.96.2-24.g.2.9,,24,96,2,0,True,False,-1,[],
24.96.2-24.h.1.1,,24,96,2,0,False,False,-1,[],
24.96.2-24.h.1.10,,24,96,2,0,False,False,-1,[],
24.96.2-24.h.1.11,,24,96,2,0,False,False,-1,[],
24.96.2-24.h.1.12,,24,96,2,0,False,False,-1,[],
24.96.2-24.h.1.13,,24,96,2,0,False,False,-1,[],
24.96.2-24.h.1.14,,24,96,2,0,False,False,-1,[],
24.96.2-24.h.1.15,,24,96,2,0,False,False,-1,[],
24.96.2-24.h.1.16,,24,96,2,0,False,False,-1,[],
24.96.2-24.h.1.17,,24,96,2,0,False,False,-1,[],
24.96.2-24.h.1.18,,24,96,2,0,False,False,-1,[],
24.96.2-24.h.1.19,,24,96,2,0,False,False,-1,[],
24.96.2-24.h.1.2,,24,96,2,0,False,False,-1,[],
24.96.2-24.h.1.20,,24,96,2,0,False,False,-1,[],
24.96.2-24.h.1.21,,24,96,2,0,False,False,-1,[],
24.96.2-24.h.1.22,,24,96,2,0,False,False,-1,[],
24.96.2-24.h.1.23,,24,96,2,0,False,False,-1,[],
24.96.2-24.h.1.24,,24,96,2,0,False,False,-1,[],
24.96.2-24.h.1.25,,24,96,2,0,False,False,-1,[],
24.96.2-24.h.1.26,,24,96,2,0,False,False,-1,[],
24.96.2-24.h.1.27,,24,96,2,0,False,False,-1,[],
24.96.2-24.h.1.28,,24,96,2,0,False,False,-1,[],
24.96.2-24.h.1.29,,24,96,2,0,False,False,-1,[],
24.96.2-24.h.1.3,,24,96,2,0,False,False,-1,[],
24.96.2-24.h.1.30,,24,96,2,0,False,False,-1,[],
24.96.2-24.h.1.31,,24,96,2,0,False,False,-1,[],
24.96.2-24.h.1.32,,24,96,2,0,False,False,-1,[],
24.96.2-24.h.1.4,,24,96,2,0,False,False,-1,[],
24.96.2-24.h.1.5,,24,96,2,0,False,False,-1,[],
24.96.2-24.h.1.6,,24,96,2,0,False,False,-1,[],
24.96.2-24.h.1.7,,24,96,2,0,False,False,-1,[],
24.96.2-24.h.1.8,,24,96,2,0,False,False,-1,[],
24.96.2-24.h.1.9,,24,96,2,0,False,False,-1,[],
24.96.2-24.i.1.1,,24,96,2,0,False,False,-1,[],
24.96.2-24.i.1.10,,24,96,2,0,False,False,-1,[],
24.96.2-24.i.1.11,,24,96,2,0,False,False,-1,[],
24.96.2-24.i.1.12,,24,96,2,0,False,False,-1,[],
24.96.2-24.i.1.13,,24,96,2,0,False,False,-1,[],
24.96.2-24.i.1.14,,24,96,2,0,False,False,-1,[],
24.96.2-24.i.1.15,,24,96,2,0,False,False,-1,[],
24.96.2-24.i.1.16,,24,96,2,0,False,False,-1,[],
24.96.2-24.i.1.17,,24,96,2,0,False,False,-1,[],
24.96.2-24.i.1.18,,24,96,2,0,False,False,-1,[],
24.96.2-24.i.1.19,,24,96,2,0,False,False,-1,[],
24.96.2-24.i.1.2,,24,96,2,0,False,False,-1,[],
24.96.2-24.i.1.20,,24,96,2,0,False,False,-1,[],
24.96.2-24.i.1.21,,24,96,2,0,False,False,-1,[],
24.96.2-24.i.1.22,,24,96,2,0,False,False,-1,[],
24.96.2-24.i.1.23,,24,96,2,0,False,False,-1,[],
24.96.2-24.i.1.24,,24,96,2,0,False,False,-1,[],
24.96.2-24.i.1.25,,24,96,2,0,False,False,-1,[],
24.96.2-24.i.1.26,,24,96,2,0,False,False,-1,[],
24.96.2-24.i.1.27,,24,96,2,0,False,False,-1,[],
24.96.2-24.i.1.28,,24,96,2,0,False,False,-1,[],
24.96.2-24.i.1.29,,24,96,2,0,False,False,-1,[],
24.96.2-24.i.1.3,,24,96,2,0,False,False,-1,[],
24.96.2-24.i.1.30,,24,96,2,0,False,False,-1,[],
24.96.2-24.i.1.31,,24,96,2,0,False,False,-1,[],
24.96.2-24.i.1.32,,24,96,2,0,False,False,-1,[],
24.96.2-24.i.1.4,,24,96,2,0,False,False,-1,[],
24.96.2-24.i.1.5,,24,96,2,0,False,False,-1,[],
24.96.2-24.i.1.6,,24,96,2,0,False,False,-1,[],
24.96.2-24.i.1.7,,24,96,2,0,False,False,-1,[],
24.96.2-24.i.1.8,,24,96,2,0,False,False,-1,[],
24.96.2-24.i.1.9,,24,96,2,0,False,False,-1,[],
24.96.2-24.k.1.1,,24,96,2,0,False,False,-1,[],
24.96.2-24.k.1.10,,24,96,2,0,False,False,-1,[],
24.96.2-24.k.1.11,,24,96,2,0,False,False,-1,[],
24.96.2-24.k.1.12,,24,96,2,0,False,False,-1,[],
24.96.2-24.k.1.13,,24,96,2,0,False,False,-1,[],
24.96.2-24.k.1.14,,24,96,2,0,False,False,-1,[],
24.96.2-24.k.1.15,,24,96,2,0,False,False,-1,[],
24.96.2-24.k.1.16,,24,96,2,0,False,False,-1,[],
24.96.2-24.k.1.17,,24,96,2,0,False,False,-1,[],
24.96.2-24.k.1.18,,24,96,2,0,False,False,-1,[],
24.96.2-24.k.1.19,,24,96,2,0,False,False,-1,[],
24.96.2-24.k.1.2,,24,96,2,0,False,False,-1,[],
24.96.2-24.k.1.20,,24,96,2,0,False,False,-1,[],
24.96.2-24.k.1.21,,24,96,2,0,False,False,-1,[],
24.96.2-24.k.1.22,,24,96,2,0,False,False,-1,[],
24.96.2-24.k.1.23,,24,96,2,0,False,False,-1,[],
24.96.2-24.k.1.24,,24,96,2,0,False,False,-1,[],
24.96.2-24.k.1.25,,24,96,2,0,False,False,-1,[],
24.96.2-24.k.1.26,,24,96,2,0,False,False,-1,[],
24.96.2-24.k.1.27,,24,96,2,0,False,False,-1,[],
24.96.2-24.k.1.28,,24,96,2,0,False,False,-1,[],
24.96.2-24.k.1.29,,24,96,2,0,False,False,-1,[],
24.96.2-24.k.1.3,,24,96,2,0,False,False,-1,[],
24.96.2-24.k.1.30,,24,96,2,0,False,False,-1,[],
24.96.2-24.k.1.31,,24,96,2,0,False,False,-1,[],
24.96.2-24.k.1.32,,24,96,2,0,False,False,-1,[],
24.96.2-24.k.1.4,,24,96,2,0,False,False,-1,[],
24.96.2-24.k.1.5,,24,96,2,0,False,False,-1,[],
24.96.2-24.k.1.6,,24,96,2,0,False,False,-1,[],
24.96.2-24.k.1.7,,24,96,2,0,False,False,-1,[],
24.96.2-24.k.1.8,,24,96,2,0,False,False,-1,[],
24.96.2-24.k.1.9,,24,96,2,0,False,False,-1,[],
24.96.2-24.l.1.1,,24,96,2,0,False,False,-1,[],
24.96.2-24.l.1.10,,24,96,2,0,False,False,-1,[],
24.96.2-24.l.1.11,,24,96,2,0,False,False,-1,[],
24.96.2-24.l.1.12,,24,96,2,0,False,False,-1,[],
24.96.2-24.l.1.13,,24,96,2,0,False,False,-1,[],
24.96.2-24.l.1.14,,24,96,2,0,False,False,-1,[],
24.96.2-24.l.1.15,,24,96,2,0,False,False,-1,[],
24.96.2-24.l.1.16,,24,96,2,0,False,False,-1,[],
24.96.2-24.l.1.17,,24,96,2,0,False,False,-1,[],
24.96.2-24.l.1.18,,24,96,2,0,False,False,-1,[],
24.96.2-24.l.1.19,,24,96,2,0,False,False,-1,[],
24.96.2-24.l.1.2,,24,96,2,0,False,False,-1,[],
24.96.2-24.l.1.20,,24,96,2,0,False,False,-1,[],
24.96.2-24.l.1.21,,24,96,2,0,False,False,-1,[],
24.96.2-24.l.1.22,,24,96,2,0,False,False,-1,[],
24.96.2-24.l.1.23,,24,96,2,0,False,False,-1,[],
24.96.2-24.l.1.24,,24,96,2,0,False,False,-1,[],
24.96.2-24.l.1.25,,24,96,2,0,False,False,-1,[],
24.96.2-24.l.1.26,,24,96,2,0,False,False,-1,[],
24.96.2-24.l.1.27,,24,96,2,0,False,False,-1,[],
24.96.2-24.l.1.28,,24,96,2,0,False,False,-1,[],
24.96.2-24.l.1.29,,24,96,2,0,False,False,-1,[],
24.96.2-24.l.1.3,,24,96,2,0,False,False,-1,[],
24.96.2-24.l.1.30,,24,96,2,0,False,False,-1,[],
24.96.2-24.l.1.31,,24,96,2,0,False,False,-1,[],
24.96.2-24.l.1.32,,24,96,2,0,False,False,-1,[],
24.96.2-24.l.1.4,,24,96,2,0,False,False,-1,[],
24.96.2-24.l.1.5,,24,96,2,0,False,False,-1,[],
24.96.2-24.l.1.6,,24,96,2,0,False,False,-1,[],
24.96.2-24.l.1.7,,24,96,2,0,False,False,-1,[],
24.96.2-24.l.1.8,,24,96,2,0,False,False,-1,[],
24.96.2-24.l.1.9,,24,96,2,0,False,False,-1,[],
24.96.2-24.m.1.1,,24,96,2,0,False,False,-1,[],
24.96.2-24.m.1.10,,24,96,2,0,False,False,-1,[],
24.96.2-24.m.1.11,,24,96,2,0,False,False,-1,[],
24.96.2-24.m.1.12,,24,96,2,0,False,False,-1,[],
24.96.2-24.m.1.13,,24,96,2,0,False,False,-1,[],
24.96.2-24.m.1.14,,24,96,2,0,False,False,-1,[],
24.96.2-24.m.1.15,,24,96,2,0,False,False,-1,[],
24.96.2-24.m.1.16,,24,96,2,0,False,False,-1,[],
24.96.2-24.m.1.17,,24,96,2,0,False,False,-1,[],
24.96.2-24.m.1.18,,24,96,2,0,False,False,-1,[],
24.96.2-24.m.1.19,,24,96,2,0,False,False,-1,[],
24.96.2-24.m.1.2,,24,96,2,0,False,False,-1,[],
24.96.2-24.m.1.20,,24,96,2,0,False,False,-1,[],
24.96.2-24.m.1.21,,24,96,2,0,False,False,-1,[],
24.96.2-24.m.1.22,,24,96,2,0,False,False,-1,[],
24.96.2-24.m.1.23,,24,96,2,0,False,False,-1,[],
24.96.2-24.m.1.24,,24,96,2,0,False,False,-1,[],
24.96.2-24.m.1.25,,24,96,2,0,False,False,-1,[],
24.96.2-24.m.1.26,,24,96,2,0,False,False,-1,[],
24.96.2-24.m.1.27,,24,96,2,0,False,False,-1,[],
24.96.2-24.m.1.28,,24,96,2,0,False,False,-1,[],
24.96.2-24.m.1.29,,24,96,2,0,False,False,-1,[],
24.96.2-24.m.1.3,,24,96,2,0,False,False,-1,[],
24.96.2-24.m.1.30,,24,96,2,0,False,False,-1,[],
24.96.2-24.m.1.31,,24,96,2,0,False,False,-1,[],
24.96.2-24.m.1.32,,24,96,2,0,False,False,-1,[],
24.96.2-24.m.1.4,,24,96,2,0,False,False,-1,[],
24.96.2-24.m.1.5,,24,96,2,0,False,False,-1,[],
24.96.2-24.m.1.6,,24,96,2,0,False,False,-1,[],
24.96.2-24.m.1.7,,24,96,2,0,False,False,-1,[],
24.96.2-24.m.1.8,,24,96,2,0,False,False,-1,[],
24.96.2-24.m.1.9,,24,96,2,0,False,False,-1,[],
24.96.2-24.n.1.1,,24,96,2,0,False,False,-1,[],
24.96.2-24.n.1.10,,24,96,2,0,False,False,-1,[],
24.96.2-24.n.1.11,,24,96,2,0,False,False,-1,[],
24.96.2-24.n.1.12,,24,96,2,0,False,False,-1,[],
24.96.2-24.n.1.13,,24,96,2,0,False,False,-1,[],
24.96.2-24.n.1.14,,24,96,2,0,False,False,-1,[],
24.96.2-24.n.1.15,,24,96,2,0,False,False,-1,[],
24.96.2-24.n.1.16,,24,96,2,0,False,False,-1,[],
24.96.2-24.n.1.17,,24,96,2,0,False,False,-1,[],
24.96.2-24.n.1.18,,24,96,2,0,False,False,-1,[],
24.96.2-24.n.1.19,,24,96,2,0,False,False,-1,[],
24.96.2-24.n.1.2,,24,96,2,0,False,False,-1,[],
24.96.2-24.n.1.20,,24,96,2,0,False,False,-1,[],
24.96.2-24.n.1.21,,24,96,2,0,False,False,-1,[],
24.96.2-24.n.1.22,,24,96,2,0,False,False,-1,[],
24.96.2-24.n.1.23,,24,96,2,0,False,False,-1,[],
24.96.2-24.n.1.24,,24,96,2,0,False,False,-1,[],
24.96.2-24.n.1.25,,24,96,2,0,False,False,-1,[],
24.96.2-24.n.1.26,,24,96,2,0,False,False,-1,[],
24.96.2-24.n.1.27,,24,96,2,0,False,False,-1,[],
24.96.2-24.n.1.28,,24,96,2,0,False,False,-1,[],
24.96.2-24.n.1.29,,24,96,2,0,False,False,-1,[],
24.96.2-24.n.1.3,,24,96,2,0,False,False,-1,[],
24.96.2-24.n.1.30,,24,96,2,0,False,False,-1,[],
24.96.2-24.n.1.31,,24,96,2,0,False,False,-1,[],
24.96.2-24.n.1.32,,24,96,2,0,False,False,-1,[],
24.96.2-24.n.1.4,,24,96,2,0,False,False,-1,[],
24.96.2-24.n.1.5,,24,96,2,0,False,False,-1,[],
24.96.2-24.n.1.6,,24,96,2,0,False,False,-1,[],
24.96.2-24.n.1.7,,24,96,2,0,False,False,-1,[],
24.96.2-24.n.1.8,,24,96,2,0,False,False,-1,[],
24.96.2-24.n.1.9,,24,96,2,0,False,False,-1,[],
24.96.2-24.p.1.1,,24,96,2,0,False,False,-1,[],
24.96.2-24.p.1.10,,24,96,2,0,False,False,-1,[],
24.96.2-24.p.1.11,,24,96,2,0,False,False,-1,[],
24.96.2-24.p.1.12,,24,96,2,0,False,False,-1,[],
24.96.2-24.p.1.13,,24,96,2,0,False,False,-1,[],
24.96.2-24.p.1.14,,24,96,2,0,False,False,-1,[],
24.96.2-24.p.1.15,,24,96,2,0,False,False,-1,[],
24.96.2-24.p.1.16,,24,96,2,0,False,False,-1,[],
24.96.2-24.p.1.17,,24,96,2,0,False,False,-1,[],
24.96.2-24.p.1.18,,24,96,2,0,False,False,-1,[],
24.96.2-24.p.1.19,,24,96,2,0,False,False,-1,[],
24.96.2-24.p.1.2,,24,96,2,0,False,False,-1,[],
24.96.2-24.p.1.20,,24,96,2,0,False,False,-1,[],
24.96.2-24.p.1.21,,24,96,2,0,False,False,-1,[],
24.96.2-24.p.1.22,,24,96,2,0,False,False,-1,[],
24.96.2-24.p.1.23,,24,96,2,0,False,False,-1,[],
24.96.2-24.p.1.24,,24,96,2,0,False,False,-1,[],
24.96.2-24.p.1.25,,24,96,2,0,False,False,-1,[],
24.96.2-24.p.1.26,,24,96,2,0,False,False,-1,[],
24.96.2-24.p.1.27,,24,96,2,0,False,False,-1,[],
24.96.2-24.p.1.28,,24,96,2,0,False,False,-1,[],
24.96.2-24.p.1.29,,24,96,2,0,False,False,-1,[],
24.96.2-24.p.1.3,,24,96,2,0,False,False,-1,[],
24.96.2-24.p.1.30,,24,96,2,0,False,False,-1,[],
24.96.2-24.p.1.31,,24,96,2,0,False,False,-1,[],
24.96.2-24.p.1.32,,24,96,2,0,False,False,-1,[],
24.96.2-24.p.1.4,,24,96,2,0,False,False,-1,[],
24.96.2-24.p.1.5,,24,96,2,0,False,False,-1,[],
24.96.2-24.p.1.6,,24,96,2,0,False,False,-1,[],
24.96.2-24.p.1.7,,24,96,2,0,False,False,-1,[],
24.96.2-24.p.1.8,,24,96,2,0,False,False,-1,[],
24.96.2-24.p.1.9,,24,96,2,0,False,False,-1,[],
24.96.2-24.q.1.1,,24,96,2,0,False,False,-1,[],
24.96.2-24.q.1.10,,24,96,2,0,False,False,-1,[],
24.96.2-24.q.1.11,,24,96,2,0,False,False,-1,[],
24.96.2-24.q.1.12,,24,96,2,0,False,False,-1,[],
24.96.2-24.q.1.13,,24,96,2,0,False,False,-1,[],
24.96.2-24.q.1.14,,24,96,2,0,False,False,-1,[],
24.96.2-24.q.1.15,,24,96,2,0,False,False,-1,[],
24.96.2-24.q.1.16,,24,96,2,0,False,False,-1,[],
24.96.2-24.q.1.17,,24,96,2,0,False,False,-1,[],
24.96.2-24.q.1.18,,24,96,2,0,False,False,-1,[],
24.96.2-24.q.1.19,,24,96,2,0,False,False,-1,[],
24.96.2-24.q.1.2,,24,96,2,0,False,False,-1,[],
24.96.2-24.q.1.20,,24,96,2,0,False,False,-1,[],
24.96.2-24.q.1.21,,24,96,2,0,False,False,-1,[],
24.96.2-24.q.1.22,,24,96,2,0,False,False,-1,[],
24.96.2-24.q.1.23,,24,96,2,0,False,False,-1,[],
24.96.2-24.q.1.24,,24,96,2,0,False,False,-1,[],
24.96.2-24.q.1.25,,24,96,2,0,False,False,-1,[],
24.96.2-24.q.1.26,,24,96,2,0,False,False,-1,[],
24.96.2-24.q.1.27,,24,96,2,0,False,False,-1,[],
24.96.2-24.q.1.28,,24,96,2,0,False,False,-1,[],
24.96.2-24.q.1.29,,24,96,2,0,False,False,-1,[],
24.96.2-24.q.1.3,,24,96,2,0,False,False,-1,[],
24.96.2-24.q.1.30,,24,96,2,0,False,False,-1,[],
24.96.2-24.q.1.31,,24,96,2,0,False,False,-1,[],
24.96.2-24.q.1.32,,24,96,2,0,False,False,-1,[],
24.96.2-24.q.1.4,,24,96,2,0,False,False,-1,[],
24.96.2-24.q.1.5,,24,96,2,0,False,False,-1,[],
24.96.2-24.q.1.6,,24,96,2,0,False,False,-1,[],
24.96.2-24.q.1.7,,24,96,2,0,False,False,-1,[],
24.96.2-24.q.1.8,,24,96,2,0,False,False,-1,[],
24.96.2-24.q.1.9,,24,96,2,0,False,False,-1,[],
24.96.2-24.r.1.1,,24,96,2,0,False,False,-1,[],
24.96.2-24.r.1.10,,24,96,2,0,False,False,-1,[],
24.96.2-24.r.1.11,,24,96,2,0,False,False,-1,[],
24.96.2-24.r.1.12,,24,96,2,0,False,False,-1,[],
24.96.2-24.r.1.13,,24,96,2,0,False,False,-1,[],
24.96.2-24.r.1.14,,24,96,2,0,False,False,-1,[],
24.96.2-24.r.1.15,,24,96,2,0,False,False,-1,[],
24.96.2-24.r.1.16,,24,96,2,0,False,False,-1,[],
24.96.2-24.r.1.17,,24,96,2,0,False,False,-1,[],
24.96.2-24.r.1.18,,24,96,2,0,False,False,-1,[],
24.96.2-24.r.1.19,,24,96,2,0,False,False,-1,[],
24.96.2-24.r.1.2,,24,96,2,0,False,False,-1,[],
24.96.2-24.r.1.20,,24,96,2,0,False,False,-1,[],
24.96.2-24.r.1.21,,24,96,2,0,False,False,-1,[],
24.96.2-24.r.1.22,,24,96,2,0,False,False,-1,[],
24.96.2-24.r.1.23,,24,96,2,0,False,False,-1,[],
24.96.2-24.r.1.24,,24,96,2,0,False,False,-1,[],
24.96.2-24.r.1.25,,24,96,2,0,False,False,-1,[],
24.96.2-24.r.1.26,,24,96,2,0,False,False,-1,[],
24.96.2-24.r.1.27,,24,96,2,0,False,False,-1,[],
24.96.2-24.r.1.28,,24,96,2,0,False,False,-1,[],
24.96.2-24.r.1.29,,24,96,2,0,False,False,-1,[],
24.96.2-24.r.1.3,,24,96,2,0,False,False,-1,[],
24.96.2-24.r.1.30,,24,96,2,0,False,False,-1,[],
24.96.2-24.r.1.31,,24,96,2,0,False,False,-1,[],
24.96.2-24.r.1.32,,24,96,2,0,False,False,-1,[],
24.96.2-24.r.1.4,,24,96,2,0,False,False,-1,[],
24.96.2-24.r.1.5,,24,96,2,0,False,False,-1,[],
24.96.2-24.r.1.6,,24,96,2,0,False,False,-1,[],
24.96.2-24.r.1.7,,24,96,2,0,False,False,-1,[],
24.96.2-24.r.1.8,,24,96,2,0,False,False,-1,[],
24.96.2-24.r.1.9,,24,96,2,0,False,False,-1,[],
24.96.2-24.s.1.1,,24,96,2,0,False,False,-1,[],
24.96.2-24.s.1.10,,24,96,2,0,False,False,-1,[],
24.96.2-24.s.1.11,,24,96,2,0,False,False,-1,[],
24.96.2-24.s.1.12,,24,96,2,0,False,False,-1,[],
24.96.2-24.s.1.13,,24,96,2,0,False,False,-1,[],
24.96.2-24.s.1.14,,24,96,2,0,False,False,-1,[],
24.96.2-24.s.1.15,,24,96,2,0,False,False,-1,[],
24.96.2-24.s.1.16,,24,96,2,0,False,False,-1,[],
24.96.2-24.s.1.17,,24,96,2,0,False,False,-1,[],
24.96.2-24.s.1.18,,24,96,2,0,False,False,-1,[],
24.96.2-24.s.1.19,,24,96,2,0,False,False,-1,[],
24.96.2-24.s.1.2,,24,96,2,0,False,False,-1,[],
24.96.2-24.s.1.20,,24,96,2,0,False,False,-1,[],
24.96.2-24.s.1.21,,24,96,2,0,False,False,-1,[],
24.96.2-24.s.1.22,,24,96,2,0,False,False,-1,[],
24.96.2-24.s.1.23,,24,96,2,0,False,False,-1,[],
24.96.2-24.s.1.24,,24,96,2,0,False,False,-1,[],
24.96.2-24.s.1.25,,24,96,2,0,False,False,-1,[],
24.96.2-24.s.1.26,,24,96,2,0,False,False,-1,[],
24.96.2-24.s.1.27,,24,96,2,0,False,False,-1,[],
24.96.2-24.s.1.28,,24,96,2,0,False,False,-1,[],
24.96.2-24.s.1.29,,24,96,2,0,False,False,-1,[],
24.96.2-24.s.1.3,,24,96,2,0,False,False,-1,[],
24.96.2-24.s.1.30,,24,96,2,0,False,False,-1,[],
24.96.2-24.s.1.31,,24,96,2,0,False,False,-1,[],
24.96.2-24.s.1.32,,24,96,2,0,False,False,-1,[],
24.96.2-24.s.1.4,,24,96,2,0,False,False,-1,[],
24.96.2-24.s.1.5,,24,96,2,0,False,False,-1,[],
24.96.2-24.s.1.6,,24,96,2,0,False,False,-1,[],
24.96.2-24.s.1.7,,24,96,2,0,False,False,-1,[],
24.96.2-24.s.1.8,,24,96,2,0,False,False,-1,[],
24.96.2-24.s.1.9,,24,96,2,0,False,False,-1,[],
24.96.2-8.a.1.1,,24,96,2,0,True,False,-1,[],
24.96.2-8.a.1.10,,24,96,2,0,True,False,-1,[],
24.96.2-8.a.1.11,,24,96,2,0,True,False,-1,[],
24.96.2-8.a.1.12,,24,96,2,0,True,False,-1,[],
24.96.2-8.a.1.2,,24,96,2,0,True,False,-1,[],
24.96.2-8.a.1.3,,24,96,2,0,True,False,-1,[],
24.96.2-8.a.1.4,,24,96,2,0,True,False,-1,[],
24.96.2-8.a.1.5,,24,96,2,0,True,False,-1,[],
24.96.2-8.a.1.6,,24,96,2,0,True,False,-1,[],
24.96.2-8.a.1.7,,24,96,2,0,True,False,-1,[],
24.96.2-8.a.1.8,,24,96,2,0,True,False,-1,[],
24.96.2-8.a.1.9,,24,96,2,0,True,False,-1,[],
26.168.2-13.b.1.1,,26,168,2,0,True,False,-1,[],
26.168.2-13.b.1.2,,26,168,2,0,True,False,-1,[],
26.168.2-13.b.2.1,,26,168,2,0,True,False,-1,[],
26.168.2-13.b.2.2,,26,168,2,0,True,False,-1,[],
26.84.2.a.1,,26,84,2,0,True,False,-1,[],
26.84.2.a.2,,26,84,2,0,True,False,-1,[],
26.84.2.b.1,,26,84,2,0,True,False,-1,[],
26.84.2.b.2,,26,84,2,0,True,False,-1,[],
26.84.2.c.1,,26,84,2,0,True,,0,[],
26.84.2.c.2,,26,84,2,0,True,,0,[],
27.36.2.a.1,,27,36,2,0,True,False,-1,[],
27.36.2.b.1,,27,36,2,0,True,False,-1,[],
27.72.2-27.a.1.1,,27,72,2,0,True,False,-1,[],
27.72.2-27.a.1.2,,27,72,2,0,True,False,-1,[],
27.72.2-27.b.1.1,,27,72,2,0,True,False,-1,[],
27.72.2-27.b.1.2,,27,72,2,0,True,False,-1,[],
28.192.2-28.a.1.1,,28,192,2,0,True,False,-1,[],
28.192.2-28.a.1.2,,28,192,2,0,True,False,-1,[],
28.192.2-28.a.1.3,,28,192,2,0,True,False,-1,[],
28.192.2-28.a.1.4,,28,192,2,0,True,False,-1,[],
28.192.2-28.a.2.1,,28,192,2,0,True,False,-1,[],
28.192.2-28.a.2.2,,28,192,2,0,True,False,-1,[],
28.192.2-28.a.2.3,,28,192,2,0,True,False,-1,[],
28.192.2-28.a.2.4,,28,192,2,0,True,False,-1,[],
28.192.2-28.b.1.1,,28,192,2,0,True,False,-1,[],
28.192.2-28.b.1.2,,28,192,2,0,True,False,-1,[],
28.192.2-28.b.1.3,,28,192,2,0,True,False,-1,[],
28.192.2-28.b.1.4,,28,192,2,0,True,False,-1,[],
28.192.2-28.b.2.1,,28,192,2,0,True,False,-1,[],
28.192.2-28.b.2.2,,28,192,2,0,True,False,-1,[],
28.192.2-28.b.2.3,,28,192,2,0,True,False,-1,[],
28.192.2-28.b.2.4,,28,192,2,0,True,False,-1,[],
28.192.2-28.c.1.1,,28,192,2,0,True,False,-1,[],
28.192.2-28.c.1.2,,28,192,2,0,True,False,-1,[],
28.192.2-28.c.1.3,,28,192,2,0,True,False,-1,[],
28.192.2-28.c.1.4,,28,192,2,0,True,False,-1,[],
28.192.2-28.c.2.1,,28,192,2,0,True,False,-1,[],
28.192.2-28.c.2.2,,28,192,2,0,True,False,-1,[],
28.192.2-28.c.2.3,,28,192,2,0,True,False,-1,[],
28.192.2-28.c.2.4,,28,192,2,0,True,False,-1,[],
28.192.2-28.d.1.1,,28,192,2,0,True,False,-1,[],
28.192.2-28.d.1.2,,28,192,2,0,True,False,-1,[],
28.192.2-28.d.1.3,,28,192,2,0,True,False,-1,[],
28.192.2-28.d.1.4,,28,192,2,0,True,False,-1,[],
28.192.2-28.d.2.1,,28,192,2,0,True,False,-1,[],
28.192.2-28.d.2.2,,28,192,2,0,True,False,-1,[],
28.192.2-28.d.2.3,,28,192,2,0,True,False,-1,[],
28.192.2-28.d.2.4,,28,192,2,0,True,False,-1,[],
28.192.2-28.f.1.1,,28,192,2,0,True,,0,[],
28.192.2-28.f.1.2,,28,192,2,0,True,,0,[],
28.192.2-28.f.1.3,,28,192,2,0,True,,0,[],
28.192.2-28.f.1.4,,28,192,2,0,True,,0,[],
28.192.2-28.f.2.1,,28,192,2,0,True,,0,[],
28.192.2-28.f.2.2,,28,192,2,0,True,,0,[],
28.192.2-28.f.2.3,,28,192,2,0,True,,0,[],
28.192.2-28.f.2.4,,28,192,2,0,True,,0,[],
28.48.2.a.1,,28,48,2,0,False,False,-1,[],
28.48.2.b.1,,28,48,2,0,False,False,-1,[],
28.48.2.d.1,,28,48,2,0,True,False,-1,[],
28.48.2.d.2,,28,48,2,0,True,False,-1,[],
28.48.2.f.1,,28,48,2,0,True,False,-1,[],
28.48.2.f.2,,28,48,2,0,True,False,-1,[],
28.48.2.i.1,,28,48,2,0,False,False,-1,[],
28.96.2-14.a.1.1,,28,96,2,0,False,False,-1,[],
28.96.2-14.a.1.10,,28,96,2,0,False,False,-1,[],
28.96.2-14.a.1.2,,28,96,2,0,False,False,-1,[],
28.96.2-14.a.1.3,,28,96,2,0,False,False,-1,[],
28.96.2-14.a.1.4,,28,96,2,0,False,False,-1,[],
28.96.2-14.a.1.5,,28,96,2,0,False,False,-1,[],
28.96.2-14.a.1.6,,28,96,2,0,False,False,-1,[],
28.96.2-14.a.1.7,,28,96,2,0,False,False,-1,[],
28.96.2-14.a.1.8,,28,96,2,0,False,False,-1,[],
28.96.2-14.a.1.9,,28,96,2,0,False,False,-1,[],
28.96.2-14.b.1.1,,28,96,2,0,True,,0,[],
28.96.2-14.b.1.2,,28,96,2,0,True,,0,[],
28.96.2-14.b.1.3,,28,96,2,0,True,,0,[],
28.96.2-14.b.1.4,,28,96,2,0,True,,0,[],
28.96.2-14.b.1.5,,28,96,2,0,True,,0,[],
28.96.2-14.b.1.6,,28,96,2,0,True,,0,[],
28.96.2-14.c.1.1,,28,96,2,0,True,False,-1,[],
28.96.2-14.c.1.2,,28,96,2,0,True,False,-1,[],
28.96.2-14.c.1.3,,28,96,2,0,True,False,-1,[],
28.96.2-14.c.1.4,,28,96,2,0,True,False,-1,[],
28.96.2-14.c.2.1,,28,96,2,0,True,False,-1,[],
28.96.2-14.c.2.2,,28,96,2,0,True,False,-1,[],
28.96.2-14.c.2.3,,28,96,2,0,True,False,-1,[],
28.96.2-14.c.2.4,,28,96,2,0,True,False,-1,[],
28.96.2-14.e.1.1,,28,96,2,0,True,False,-1,[],
28.96.2-14.e.1.2,,28,96,2,0,True,False,-1,[],
28.96.2-14.e.2.1,,28,96,2,0,True,False,-1,[],
28.96.2-14.e.2.2,,28,96,2,0,True,False,-1,[],
28.96.2-14.f.1.1,,28,96,2,0,False,False,-1,[],
28.96.2-14.f.1.2,,28,96,2,0,False,False,-1,[],
28.96.2-14.f.1.3,,28,96,2,0,False,False,-1,[],
28.96.2-14.f.1.4,,28,96,2,0,False,False,-1,[],
28.96.2-14.f.1.5,,28,96,2,0,False,False,-1,[],
28.96.2-14.f.1.6,,28,96,2,0,False,False,-1,[],
28.96.2-28.a.1.1,,28,96,2,0,False,False,-1,[],
28.96.2-28.a.1.10,,28,96,2,0,False,False,-1,[],
28.96.2-28.a.1.11,,28,96,2,0,False,False,-1,[],
28.96.2-28.a.1.12,,28,96,2,0,False,False,-1,[],
28.96.2-28.a.1.2,,28,96,2,0,False,False,-1,[],
28.96.2-28.a.1.3,,28,96,2,0,False,False,-1,[],
28.96.2-28.a.1.4,,28,96,2,0,False,False,-1,[],
28.96.2-28.a.1.5,,28,96,2,0,False,False,-1,[],
28.96.2-28.a.1.6,,28,96,2,0,False,False,-1,[],
28.96.2-28.a.1.7,,28,96,2,0,False,False,-1,[],
28.96.2-28.a.1.8,,28,96,2,0,False,False,-1,[],
28.96.2-28.a.1.9,,28,96,2,0,False,False,-1,[],
28.96.2-28.b.1.1,,28,96,2,0,False,False,-1,[],
28.96.2-28.b.1.2,,28,96,2,0,False,False,-1,[],
28.96.2-28.b.1.3,,28,96,2,0,False,False,-1,[],
28.96.2-28.b.1.4,,28,96,2,0,False,False,-1,[],
28.96.2-28.b.1.5,,28,96,2,0,False,False,-1,[],
28.96.2-28.b.1.6,,28,96,2,0,False,False,-1,[],
28.96.2-28.b.1.7,,28,96,2,0,False,False,-1,[],
28.96.2-28.b.1.8,,28,96,2,0,False,False,-1,[],
28.96.2-28.c.1.1,,28,96,2,0,False,False,-1,[],
28.96.2-28.c.1.10,,28,96,2,0,False,False,-1,[],
28.96.2-28.c.1.11,,28,96,2,0,False,False,-1,[],
28.96.2-28.c.1.12,,28,96,2,0,False,False,-1,[],
28.96.2-28.c.1.2,,28,96,2,0,False,False,-1,[],
28.96.2-28.c.1.3,,28,96,2,0,False,False,-1,[],
28.96.2-28.c.1.4,,28,96,2,0,False,False,-1,[],
28.96.2-28.c.1.5,,28,96,2,0,False,False,-1,[],
28.96.2-28.c.1.6,,28,96,2,0,False,False,-1,[],
28.96.2-28.c.1.7,,28,96,2,0,False,False,-1,[],
28.96.2-28.c.1.8,,28,96,2,0,False,False,-1,[],
28.96.2-28.c.1.9,,28,96,2,0,False,False,-1,[],
28.96.2-28.d.1.1,,28,96,2,0,True,False,-1,[],
28.96.2-28.d.1.2,,28,96,2,0,True,False,-1,[],
28.96.2-28.d.1.3,,28,96,2,0,True,False,-1,[],
28.96.2-28.d.1.4,,28,96,2,0,True,False,-1,[],
28.96.2-28.d.1.5,,28,96,2,0,True,False,-1,[],
28.96.2-28.d.1.6,,28,96,2,0,True,False,-1,[],
28.96.2-28.d.2.1,,28,96,2,0,True,False,-1,[],
28.96.2-28.d.2.2,,28,96,2,0,True,False,-1,[],
28.96.2-28.d.2.3,,28,96,2,0,True,False,-1,[],
28.96.2-28.d.2.4,,28,96,2,0,True,False,-1,[],
28.96.2-28.d.2.5,,28,96,2,0,True,False,-1,[],
28.96.2-28.d.2.6,,28,96,2,0,True,False,-1,[],
28.96.2-28.f.1.1,,28,96,2,0,True,False,-1,[],
28.96.2-28.f.1.2,,28,96,2,0,True,False,-1,[],
28.96.2-28.f.1.3,,28,96,2,0,True,False,-1,[],
28.96.2-28.f.1.4,,28,96,2,0,True,False,-1,[],
28.96.2-28.f.2.1,,28,96,2,0,True,False,-1,[],
28.96.2-28.f.2.2,,28,96,2,0,True,False,-1,[],
28.96.2-28.f.2.3,,28,96,2,0,True,False,-1,[],
28.96.2-28.f.2.4,,28,96,2,0,True,False,-1,[],
28.96.2-28.i.1.1,,28,96,2,0,False,False,-1,[],
28.96.2-28.i.1.2,,28,96,2,0,False,False,-1,[],
28.96.2-28.i.1.3,,28,96,2,0,False,False,-1,[],
28.96.2-28.i.1.4,,28,96,2,0,False,False,-1,[],
28.96.2-28.i.1.5,,28,96,2,0,False,False,-1,[],
28.96.2-28.i.1.6,,28,96,2,0,False,False,-1,[],
28.96.2-28.i.1.7,,28,96,2,0,False,False,-1,[],
28.96.2-28.i.1.8,,28,96,2,0,False,False,-1,[],
28.96.2.a.1,,28,96,2,0,True,False,-1,[],
28.96.2.a.2,,28,96,2,0,True,False,-1,[],
28.96.2.b.1,,28,96,2,0,True,False,-1,[],
28.96.2.b.2,,28,96,2,0,True,False,-1,[],
28.96.2.c.1,,28,96,2,0,True,False,-1,[],
28.96.2.c.2,,28,96,2,0,True,False,-1,[],
28.96.2.d.1,,28,96,2,0,True,False,-1,[],
28.96.2.d.2,,28,96,2,0,True,False,-1,[],
28.96.2.f.1,,28,96,2,0,True,,0,[],
28.96.2.f.2,,28,96,2,0,True,,0,[],
30.30.2.a.1,,30,30,2,0,False,False,-1,[],
30.30.2.c.1,,30,30,2,0,False,False,-1,[],
30.36.2.a.1,,30,36,2,0,True,False,-1,[],
30.36.2.a.2,,30,36,2,0,True,False,-1,[],
30.36.2.b.1,,30,36,2,0,True,False,-1,[],
30.36.2.b.2,,30,36,2,0,True,False,-1,[],
30.40.2.a.1,,30,40,2,0,False,False,-1,[],
30.40.2.c.1,,30,40,2,0,False,False,-1,[],
30.40.2.d.1,,30,40,2,0,False,False,-1,[],
30.54.2.a.1,,30,54,2,0,False,False,-1,[],
30.60.2.a.1,,30,60,2,0,False,False,-1,[],
30.60.2.b.1,,30,60,2,0,False,,0,[],
30.60.2.c.1,,30,60,2,0,True,False,-1,[],
30.60.2.d.1,,30,60,2,0,False,,0,[],
30.60.2.f.1,,30,60,2,0,False,,0,[],
30.72.2-15.a.1.1,,30,72,2,0,True,False,-1,[],
30.72.2-15.a.1.2,,30,72,2,0,True,False,-1,[],
30.72.2-15.a.1.3,,30,72,2,0,True,False,-1,[],
30.72.2-15.a.1.4,,30,72,2,0,True,False,-1,[],
30.72.2-15.a.1.5,,30,72,2,0,True,False,-1,[],
30.72.2-15.a.1.6,,30,72,2,0,True,False,-1,[],
30.72.2-15.a.1.7,,30,72,2,0,True,False,-1,[],
30.72.2-15.a.1.8,,30,72,2,0,True,False,-1,[],
30.72.2-15.a.2.1,,30,72,2,0,True,False,-1,[],
30.72.2-15.a.2.2,,30,72,2,0,True,False,-1,[],
30.72.2-15.a.2.3,,30,72,2,0,True,False,-1,[],
30.72.2-15.a.2.4,,30,72,2,0,True,False,-1,[],
30.72.2-15.a.2.5,,30,72,2,0,True,False,-1,[],
30.72.2-15.a.2.6,,30,72,2,0,True,False,-1,[],
30.72.2-15.a.2.7,,30,72,2,0,True,False,-1,[],
30.72.2-15.a.2.8,,30,72,2,0,True,False,-1,[],
30.80.2-15.a.1.1,,30,80,2,0,False,False,-1,[],
30.80.2-15.a.1.2,,30,80,2,0,False,False,-1,[],
30.80.2-15.a.1.3,,30,80,2,0,False,False,-1,[],
30.80.2-15.a.1.4,,30,80,2,0,False,False,-1,[],
30.80.2-15.a.1.5,,30,80,2,0,False,False,-1,[],
30.80.2-15.a.1.6,,30,80,2,0,False,False,-1,[],
30.80.2-15.a.1.7,,30,80,2,0,False,False,-1,[],
30.80.2-15.a.1.8,,30,80,2,0,False,False,-1,[],
30.80.2-30.a.1.1,,30,80,2,0,False,False,-1,[],
30.80.2-30.a.1.2,,30,80,2,0,False,False,-1,[],
30.80.2-30.a.1.3,,30,80,2,0,False,False,-1,[],
30.80.2-30.a.1.4,,30,80,2,0,False,False,-1,[],
30.80.2-30.c.1.1,,30,80,2,0,False,False,-1,[],
30.80.2-30.c.1.2,,30,80,2,0,False,False,-1,[],
30.80.2-30.c.1.3,,30,80,2,0,False,False,-1,[],
30.80.2-30.c.1.4,,30,80,2,0,False,False,-1,[],
30.80.2-30.d.1.1,,30,80,2,0,False,False,-1,[],
30.80.2-30.d.1.2,,30,80,2,0,False,False,-1,[],
30.80.2-30.d.1.3,,30,80,2,0,False,False,-1,[],
30.80.2-30.d.1.4,,30,80,2,0,False,False,-1,[],
30.90.2.a.1,,30,90,2,0,False,,0,[],
30.90.2.b.1,,30,90,2,0,False,,0,[],
31.64.2-31.a.1.1,,31,64,2,0,True,False,-1,[],
31.64.2-31.a.1.2,,31,64,2,0,True,False,-1,[],
32.192.2-16.i.1.1,,32,192,2,0,True,False,-1,[],
32.192.2-16.i.1.2,,32,192,2,0,True,False,-1,[],
32.192.2-16.i.1.3,,32,192,2,0,True,False,-1,[],
32.192.2-16.i.1.4,,32,192,2,0,True,False,-1,[],
32.192.2-16.i.1.5,,32,192,2,0,True,False,-1,[],
32.192.2-16.i.1.6,,32,192,2,0,True,False,-1,[],
32.192.2-16.i.1.7,,32,192,2,0,True,False,-1,[],
32.192.2-16.i.1.8,,32,192,2,0,True,False,-1,[],
32.192.2-16.i.2.1,,32,192,2,0,True,False,-1,[],
32.192.2-16.i.2.2,,32,192,2,0,True,False,-1,[],
32.192.2-16.i.2.3,,32,192,2,0,True,False,-1,[],
32.192.2-16.i.2.4,,32,192,2,0,True,False,-1,[],
32.192.2-16.i.2.5,,32,192,2,0,True,False,-1,[],
32.192.2-16.i.2.6,,32,192,2,0,True,False,-1,[],
32.192.2-16.i.2.7,,32,192,2,0,True,False,-1,[],
32.192.2-16.i.2.8,,32,192,2,0,True,False,-1,[],
32.192.2-16.j.1.1,,32,192,2,0,True,False,-1,[],
32.192.2-16.j.1.2,,32,192,2,0,True,False,-1,[],
32.192.2-16.j.1.3,,32,192,2,0,True,False,-1,[],
32.192.2-16.j.1.4,,32,192,2,0,True,False,-1,[],
32.192.2-16.j.1.5,,32,192,2,0,True,False,-1,[],
32.192.2-16.j.1.6,,32,192,2,0,True,False,-1,[],
32.192.2-16.j.1.7,,32,192,2,0,True,False,-1,[],
32.192.2-16.j.1.8,,32,192,2,0,True,False,-1,[],
32.192.2-16.j.2.1,,32,192,2,0,True,False,-1,[],
32.192.2-16.j.2.2,,32,192,2,0,True,False,-1,[],
32.192.2-16.j.2.3,,32,192,2,0,True,False,-1,[],
32.192.2-16.j.2.4,,32,192,2,0,True,False,-1,[],
32.192.2-16.j.2.5,,32,192,2,0,True,False,-1,[],
32.192.2-16.j.2.6,,32,192,2,0,True,False,-1,[],
32.192.2-16.j.2.7,,32,192,2,0,True,False,-1,[],
32.192.2-16.j.2.8,,32,192,2,0,True,False,-1,[],
32.192.2-16.k.1.1,,32,192,2,0,True,False,-1,[],
32.192.2-16.k.1.2,,32,192,2,0,True,False,-1,[],
32.192.2-16.k.1.3,,32,192,2,0,True,False,-1,[],
32.192.2-16.k.1.4,,32,192,2,0,True,False,-1,[],
32.192.2-16.k.1.5,,32,192,2,0,True,False,-1,[],
32.192.2-16.k.1.6,,32,192,2,0,True,False,-1,[],
32.192.2-16.k.1.7,,32,192,2,0,True,False,-1,[],
32.192.2-16.k.1.8,,32,192,2,0,True,False,-1,[],
32.192.2-16.k.2.1,,32,192,2,0,True,False,-1,[],
32.192.2-16.k.2.2,,32,192,2,0,True,False,-1,[],
32.192.2-16.k.2.3,,32,192,2,0,True,False,-1,[],
32.192.2-16.k.2.4,,32,192,2,0,True,False,-1,[],
32.192.2-16.k.2.5,,32,192,2,0,True,False,-1,[],
32.192.2-16.k.2.6,,32,192,2,0,True,False,-1,[],
32.192.2-16.k.2.7,,32,192,2,0,True,False,-1,[],
32.192.2-16.k.2.8,,32,192,2,0,True,False,-1,[],
32.192.2-16.l.1.1,,32,192,2,0,True,False,-1,[],
32.192.2-16.l.1.2,,32,192,2,0,True,False,-1,[],
32.192.2-16.l.1.3,,32,192,2,0,True,False,-1,[],
32.192.2-16.l.1.4,,32,192,2,0,True,False,-1,[],
32.192.2-16.l.1.5,,32,192,2,0,True,False,-1,[],
32.192.2-16.l.1.6,,32,192,2,0,True,False,-1,[],
32.192.2-16.l.1.7,,32,192,2,0,True,False,-1,[],
32.192.2-16.l.1.8,,32,192,2,0,True,False,-1,[],
32.192.2-16.l.2.1,,32,192,2,0,True,False,-1,[],
32.192.2-16.l.2.2,,32,192,2,0,True,False,-1,[],
32.192.2-16.l.2.3,,32,192,2,0,True,False,-1,[],
32.192.2-16.l.2.4,,32,192,2,0,True,False,-1,[],
32.192.2-16.l.2.5,,32,192,2,0,True,False,-1,[],
32.192.2-16.l.2.6,,32,192,2,0,True,False,-1,[],
32.192.2-16.l.2.7,,32,192,2,0,True,False,-1,[],
32.192.2-16.l.2.8,,32,192,2,0,True,False,-1,[],
32.192.2-32.c.1.1,,32,192,2,0,True,False,-1,[],
32.192.2-32.c.1.10,,32,192,2,0,True,False,-1,[],
32.192.2-32.c.1.11,,32,192,2,0,True,False,-1,[],
32.192.2-32.c.1.12,,32,192,2,0,True,False,-1,[],
32.192.2-32.c.1.13,,32,192,2,0,True,False,-1,[],
32.192.2-32.c.1.14,,32,192,2,0,True,False,-1,[],
32.192.2-32.c.1.15,,32,192,2,0,True,False,-1,[],
32.192.2-32.c.1.16,,32,192,2,0,True,False,-1,[],
32.192.2-32.c.1.2,,32,192,2,0,True,False,-1,[],
32.192.2-32.c.1.3,,32,192,2,0,True,False,-1,[],
32.192.2-32.c.1.4,,32,192,2,0,True,False,-1,[],
32.192.2-32.c.1.5,,32,192,2,0,True,False,-1,[],
32.192.2-32.c.1.6,,32,192,2,0,True,False,-1,[],
32.192.2-32.c.1.7,,32,192,2,0,True,False,-1,[],
32.192.2-32.c.1.8,,32,192,2,0,True,False,-1,[],
32.192.2-32.c.1.9,,32,192,2,0,True,False,-1,[],
32.192.2-32.d.1.1,,32,192,2,0,True,False,-1,[],
32.192.2-32.d.1.10,,32,192,2,0,True,False,-1,[],
32.192.2-32.d.1.11,,32,192,2,0,True,False,-1,[],
32.192.2-32.d.1.12,,32,192,2,0,True,False,-1,[],
32.192.2-32.d.1.13,,32,192,2,0,True,False,-1,[],
32.192.2-32.d.1.14,,32,192,2,0,True,False,-1,[],
32.192.2-32.d.1.15,,32,192,2,0,True,False,-1,[],
32.192.2-32.d.1.16,,32,192,2,0,True,False,-1,[],
32.192.2-32.d.1.2,,32,192,2,0,True,False,-1,[],
32.192.2-32.d.1.3,,32,192,2,0,True,False,-1,[],
32.192.2-32.d.1.4,,32,192,2,0,True,False,-1,[],
32.192.2-32.d.1.5,,32,192,2,0,True,False,-1,[],
32.192.2-32.d.1.6,,32,192,2,0,True,False,-1,[],
32.192.2-32.d.1.7,,32,192,2,0,True,False,-1,[],
32.192.2-32.d.1.8,,32,192,2,0,True,False,-1,[],
32.192.2-32.d.1.9,,32,192,2,0,True,False,-1,[],
32.192.2-32.e.1.1,,32,192,2,0,True,False,-1,[],
32.192.2-32.e.1.10,,32,192,2,0,True,False,-1,[],
32.192.2-32.e.1.11,,32,192,2,0,True,False,-1,[],
32.192.2-32.e.1.12,,32,192,2,0,True,False,-1,[],
32.192.2-32.e.1.13,,32,192,2,0,True,False,-1,[],
32.192.2-32.e.1.14,,32,192,2,0,True,False,-1,[],
32.192.2-32.e.1.15,,32,192,2,0,True,False,-1,[],
32.192.2-32.e.1.16,,32,192,2,0,True,False,-1,[],
32.192.2-32.e.1.2,,32,192,2,0,True,False,-1,[],
32.192.2-32.e.1.3,,32,192,2,0,True,False,-1,[],
32.192.2-32.e.1.4,,32,192,2,0,True,False,-1,[],
32.192.2-32.e.1.5,,32,192,2,0,True,False,-1,[],
32.192.2-32.e.1.6,,32,192,2,0,True,False,-1,[],
32.192.2-32.e.1.7,,32,192,2,0,True,False,-1,[],
32.192.2-32.e.1.8,,32,192,2,0,True,False,-1,[],
32.192.2-32.e.1.9,,32,192,2,0,True,False,-1,[],
32.192.2-32.f.1.1,,32,192,2,0,True,False,-1,[],
32.192.2-32.f.1.10,,32,192,2,0,True,False,-1,[],
32.192.2-32.f.1.11,,32,192,2,0,True,False,-1,[],
32.192.2-32.f.1.12,,32,192,2,0,True,False,-1,[],
32.192.2-32.f.1.13,,32,192,2,0,True,False,-1,[],
32.192.2-32.f.1.14,,32,192,2,0,True,False,-1,[],
32.192.2-32.f.1.15,,32,192,2,0,True,False,-1,[],
32.192.2-32.f.1.16,,32,192,2,0,True,False,-1,[],
32.192.2-32.f.1.2,,32,192,2,0,True,False,-1,[],
32.192.2-32.f.1.3,,32,192,2,0,True,False,-1,[],
32.192.2-32.f.1.4,,32,192,2,0,True,False,-1,[],
32.192.2-32.f.1.5,,32,192,2,0,True,False,-1,[],
32.192.2-32.f.1.6,,32,192,2,0,True,False,-1,[],
32.192.2-32.f.1.7,,32,192,2,0,True,False,-1,[],
32.192.2-32.f.1.8,,32,192,2,0,True,False,-1,[],
32.192.2-32.f.1.9,,32,192,2,0,True,False,-1,[],
32.192.2-32.i.1.1,,32,192,2,0,True,False,-1,[],
32.192.2-32.i.1.10,,32,192,2,0,True,False,-1,[],
32.192.2-32.i.1.11,,32,192,2,0,True,False,-1,[],
32.192.2-32.i.1.12,,32,192,2,0,True,False,-1,[],
32.192.2-32.i.1.13,,32,192,2,0,True,False,-1,[],
32.192.2-32.i.1.14,,32,192,2,0,True,False,-1,[],
32.192.2-32.i.1.15,,32,192,2,0,True,False,-1,[],
32.192.2-32.i.1.16,,32,192,2,0,True,False,-1,[],
32.192.2-32.i.1.2,,32,192,2,0,True,False,-1,[],
32.192.2-32.i.1.3,,32,192,2,0,True,False,-1,[],
32.192.2-32.i.1.4,,32,192,2,0,True,False,-1,[],
32.192.2-32.i.1.5,,32,192,2,0,True,False,-1,[],
32.192.2-32.i.1.6,,32,192,2,0,True,False,-1,[],
32.192.2-32.i.1.7,,32,192,2,0,True,False,-1,[],
32.192.2-32.i.1.8,,32,192,2,0,True,False,-1,[],
32.192.2-32.i.1.9,,32,192,2,0,True,False,-1,[],
32.192.2-32.i.2.1,,32,192,2,0,True,False,-1,[],
32.192.2-32.i.2.10,,32,192,2,0,True,False,-1,[],
32.192.2-32.i.2.11,,32,192,2,0,True,False,-1,[],
32.192.2-32.i.2.12,,32,192,2,0,True,False,-1,[],
32.192.2-32.i.2.13,,32,192,2,0,True,False,-1,[],
32.192.2-32.i.2.14,,32,192,2,0,True,False,-1,[],
32.192.2-32.i.2.15,,32,192,2,0,True,False,-1,[],
32.192.2-32.i.2.16,,32,192,2,0,True,False,-1,[],
32.192.2-32.i.2.2,,32,192,2,0,True,False,-1,[],
32.192.2-32.i.2.3,,32,192,2,0,True,False,-1,[],
32.192.2-32.i.2.4,,32,192,2,0,True,False,-1,[],
32.192.2-32.i.2.5,,32,192,2,0,True,False,-1,[],
32.192.2-32.i.2.6,,32,192,2,0,True,False,-1,[],
32.192.2-32.i.2.7,,32,192,2,0,True,False,-1,[],
32.192.2-32.i.2.8,,32,192,2,0,True,False,-1,[],
32.192.2-32.i.2.9,,32,192,2,0,True,False,-1,[],
32.192.2-32.j.1.1,,32,192,2,0,True,False,-1,[],
32.192.2-32.j.1.10,,32,192,2,0,True,False,-1,[],
32.192.2-32.j.1.11,,32,192,2,0,True,False,-1,[],
32.192.2-32.j.1.12,,32,192,2,0,True,False,-1,[],
32.192.2-32.j.1.13,,32,192,2,0,True,False,-1,[],
32.192.2-32.j.1.14,,32,192,2,0,True,False,-1,[],
32.192.2-32.j.1.15,,32,192,2,0,True,False,-1,[],
32.192.2-32.j.1.16,,32,192,2,0,True,False,-1,[],
32.192.2-32.j.1.2,,32,192,2,0,True,False,-1,[],
32.192.2-32.j.1.3,,32,192,2,0,True,False,-1,[],
32.192.2-32.j.1.4,,32,192,2,0,True,False,-1,[],
32.192.2-32.j.1.5,,32,192,2,0,True,False,-1,[],
32.192.2-32.j.1.6,,32,192,2,0,True,False,-1,[],
32.192.2-32.j.1.7,,32,192,2,0,True,False,-1,[],
32.192.2-32.j.1.8,,32,192,2,0,True,False,-1,[],
32.192.2-32.j.1.9,,32,192,2,0,True,False,-1,[],
32.192.2-32.j.2.1,,32,192,2,0,True,False,-1,[],
32.192.2-32.j.2.10,,32,192,2,0,True,False,-1,[],
32.192.2-32.j.2.11,,32,192,2,0,True,False,-1,[],
32.192.2-32.j.2.12,,32,192,2,0,True,False,-1,[],
32.192.2-32.j.2.13,,32,192,2,0,True,False,-1,[],
32.192.2-32.j.2.14,,32,192,2,0,True,False,-1,[],
32.192.2-32.j.2.15,,32,192,2,0,True,False,-1,[],
32.192.2-32.j.2.16,,32,192,2,0,True,False,-1,[],
32.192.2-32.j.2.2,,32,192,2,0,True,False,-1,[],
32.192.2-32.j.2.3,,32,192,2,0,True,False,-1,[],
32.192.2-32.j.2.4,,32,192,2,0,True,False,-1,[],
32.192.2-32.j.2.5,,32,192,2,0,True,False,-1,[],
32.192.2-32.j.2.6,,32,192,2,0,True,False,-1,[],
32.192.2-32.j.2.7,,32,192,2,0,True,False,-1,[],
32.192.2-32.j.2.8,,32,192,2,0,True,False,-1,[],
32.192.2-32.j.2.9,,32,192,2,0,True,False,-1,[],
32.192.2-32.k.1.1,,32,192,2,0,True,False,-1,[],
32.192.2-32.k.1.10,,32,192,2,0,True,False,-1,[],
32.192.2-32.k.1.11,,32,192,2,0,True,False,-1,[],
32.192.2-32.k.1.12,,32,192,2,0,True,False,-1,[],
32.192.2-32.k.1.13,,32,192,2,0,True,False,-1,[],
32.192.2-32.k.1.14,,32,192,2,0,True,False,-1,[],
32.192.2-32.k.1.15,,32,192,2,0,True,False,-1,[],
32.192.2-32.k.1.16,,32,192,2,0,True,False,-1,[],
32.192.2-32.k.1.2,,32,192,2,0,True,False,-1,[],
32.192.2-32.k.1.3,,32,192,2,0,True,False,-1,[],
32.192.2-32.k.1.4,,32,192,2,0,True,False,-1,[],
32.192.2-32.k.1.5,,32,192,2,0,True,False,-1,[],
32.192.2-32.k.1.6,,32,192,2,0,True,False,-1,[],
32.192.2-32.k.1.7,,32,192,2,0,True,False,-1,[],
32.192.2-32.k.1.8,,32,192,2,0,True,False,-1,[],
32.192.2-32.k.1.9,,32,192,2,0,True,False,-1,[],
32.192.2-32.k.2.1,,32,192,2,0,True,False,-1,[],
32.192.2-32.k.2.10,,32,192,2,0,True,False,-1,[],
32.192.2-32.k.2.11,,32,192,2,0,True,False,-1,[],
32.192.2-32.k.2.12,,32,192,2,0,True,False,-1,[],
32.192.2-32.k.2.13,,32,192,2,0,True,False,-1,[],
32.192.2-32.k.2.14,,32,192,2,0,True,False,-1,[],
32.192.2-32.k.2.15,,32,192,2,0,True,False,-1,[],
32.192.2-32.k.2.16,,32,192,2,0,True,False,-1,[],
32.192.2-32.k.2.2,,32,192,2,0,True,False,-1,[],
32.192.2-32.k.2.3,,32,192,2,0,True,False,-1,[],
32.192.2-32.k.2.4,,32,192,2,0,True,False,-1,[],
32.192.2-32.k.2.5,,32,192,2,0,True,False,-1,[],
32.192.2-32.k.2.6,,32,192,2,0,True,False,-1,[],
32.192.2-32.k.2.7,,32,192,2,0,True,False,-1,[],
32.192.2-32.k.2.8,,32,192,2,0,True,False,-1,[],
32.192.2-32.k.2.9,,32,192,2,0,True,False,-1,[],
32.192.2-32.l.1.1,,32,192,2,0,True,False,-1,[],
32.192.2-32.l.1.10,,32,192,2,0,True,False,-1,[],
32.192.2-32.l.1.11,,32,192,2,0,True,False,-1,[],
32.192.2-32.l.1.12,,32,192,2,0,True,False,-1,[],
32.192.2-32.l.1.13,,32,192,2,0,True,False,-1,[],
32.192.2-32.l.1.14,,32,192,2,0,True,False,-1,[],
32.192.2-32.l.1.15,,32,192,2,0,True,False,-1,[],
32.192.2-32.l.1.16,,32,192,2,0,True,False,-1,[],
32.192.2-32.l.1.2,,32,192,2,0,True,False,-1,[],
32.192.2-32.l.1.3,,32,192,2,0,True,False,-1,[],
32.192.2-32.l.1.4,,32,192,2,0,True,False,-1,[],
32.192.2-32.l.1.5,,32,192,2,0,True,False,-1,[],
32.192.2-32.l.1.6,,32,192,2,0,True,False,-1,[],
32.192.2-32.l.1.7,,32,192,2,0,True,False,-1,[],
32.192.2-32.l.1.8,,32,192,2,0,True,False,-1,[],
32.192.2-32.l.1.9,,32,192,2,0,True,False,-1,[],
32.192.2-32.l.2.1,,32,192,2,0,True,False,-1,[],
32.192.2-32.l.2.10,,32,192,2,0,True,False,-1,[],
32.192.2-32.l.2.11,,32,192,2,0,True,False,-1,[],
32.192.2-32.l.2.12,,32,192,2,0,True,False,-1,[],
32.192.2-32.l.2.13,,32,192,2,0,True,False,-1,[],
32.192.2-32.l.2.14,,32,192,2,0,True,False,-1,[],
32.192.2-32.l.2.15,,32,192,2,0,True,False,-1,[],
32.192.2-32.l.2.16,,32,192,2,0,True,False,-1,[],
32.192.2-32.l.2.2,,32,192,2,0,True,False,-1,[],
32.192.2-32.l.2.3,,32,192,2,0,True,False,-1,[],
32.192.2-32.l.2.4,,32,192,2,0,True,False,-1,[],
32.192.2-32.l.2.5,,32,192,2,0,True,False,-1,[],
32.192.2-32.l.2.6,,32,192,2,0,True,False,-1,[],
32.192.2-32.l.2.7,,32,192,2,0,True,False,-1,[],
32.192.2-32.l.2.8,,32,192,2,0,True,False,-1,[],
32.192.2-32.l.2.9,,32,192,2,0,True,False,-1,[],
32.48.2.a.1,,32,48,2,0,True,False,-1,[],
32.48.2.a.2,,32,48,2,0,True,False,-1,[],
32.96.2-16.bd.1.1,,32,96,2,0,False,,0,[],
32.96.2-16.bd.1.2,,32,96,2,0,False,,0,[],
32.96.2-16.t.1.1,,32,96,2,0,False,False,-1,[],
32.96.2-16.t.1.2,,32,96,2,0,False,False,-1,[],
32.96.2-16.x.1.1,,32,96,2,0,False,,0,[],
32.96.2-16.x.1.2,,32,96,2,0,False,,0,[],
32.96.2-16.z.1.1,,32,96,2,0,False,False,-1,[],
32.96.2-16.z.1.2,,32,96,2,0,False,False,-1,[],
32.96.2-32.a.1.1,,32,96,2,0,True,False,-1,[],
32.96.2-32.a.1.10,,32,96,2,0,True,False,-1,[],
32.96.2-32.a.1.11,,32,96,2,0,True,False,-1,[],
32.96.2-32.a.1.12,,32,96,2,0,True,False,-1,[],
32.96.2-32.a.1.13,,32,96,2,0,True,False,-1,[],
32.96.2-32.a.1.14,,32,96,2,0,True,False,-1,[],
32.96.2-32.a.1.15,,32,96,2,0,True,False,-1,[],
32.96.2-32.a.1.16,,32,96,2,0,True,False,-1,[],
32.96.2-32.a.1.2,,32,96,2,0,True,False,-1,[],
32.96.2-32.a.1.3,,32,96,2,0,True,False,-1,[],
32.96.2-32.a.1.4,,32,96,2,0,True,False,-1,[],
32.96.2-32.a.1.5,,32,96,2,0,True,False,-1,[],
32.96.2-32.a.1.6,,32,96,2,0,True,False,-1,[],
32.96.2-32.a.1.7,,32,96,2,0,True,False,-1,[],
32.96.2-32.a.1.8,,32,96,2,0,True,False,-1,[],
32.96.2-32.a.1.9,,32,96,2,0,True,False,-1,[],
32.96.2-32.a.2.1,,32,96,2,0,True,False,-1,[],
32.96.2-32.a.2.10,,32,96,2,0,True,False,-1,[],
32.96.2-32.a.2.11,,32,96,2,0,True,False,-1,[],
32.96.2-32.a.2.12,,32,96,2,0,True,False,-1,[],
32.96.2-32.a.2.13,,32,96,2,0,True,False,-1,[],
32.96.2-32.a.2.14,,32,96,2,0,True,False,-1,[],
32.96.2-32.a.2.15,,32,96,2,0,True,False,-1,[],
32.96.2-32.a.2.16,,32,96,2,0,True,False,-1,[],
32.96.2-32.a.2.2,,32,96,2,0,True,False,-1,[],
32.96.2-32.a.2.3,,32,96,2,0,True,False,-1,[],
32.96.2-32.a.2.4,,32,96,2,0,True,False,-1,[],
32.96.2-32.a.2.5,,32,96,2,0,True,False,-1,[],
32.96.2-32.a.2.6,,32,96,2,0,True,False,-1,[],
32.96.2-32.a.2.7,,32,96,2,0,True,False,-1,[],
32.96.2-32.a.2.8,,32,96,2,0,True,False,-1,[],
32.96.2-32.a.2.9,,32,96,2,0,True,False,-1,[],
32.96.2.a.1,,32,96,2,0,True,,0,[],
32.96.2.c.1,,32,96,2,0,True,False,-1,[],
32.96.2.d.1,,32,96,2,0,True,False,-1,[],
32.96.2.e.1,,32,96,2,0,True,False,-1,[],
32.96.2.f.1,,32,96,2,0,True,False,-1,[],
32.96.2.h.1,,32,96,2,0,True,,0,[],
32.96.2.i.1,,32,96,2,0,True,False,-1,[],
32.96.2.i.2,,32,96,2,0,True,False,-1,[],
32.96.2.j.1,,32,96,2,0,True,False,-1,[],
32.96.2.j.2,,32,96,2,0,True,False,-1,[],
32.96.2.k.1,,32,96,2,0,True,False,-1,[],
32.96.2.k.2,,32,96,2,0,True,False,-1,[],
32.96.2.l.1,,32,96,2,0,True,False,-1,[],
32.96.2.l.2,,32,96,2,0,True,False,-1,[],
35.40.2.a.1,,35,40,2,0,True,False,-1,[],
35.80.2-35.a.1.1,,35,80,2,0,True,False,-1,[],
35.80.2-35.a.1.2,,35,80,2,0,True,False,-1,[],
35.80.2-35.a.1.3,,35,80,2,0,True,False,-1,[],
35.80.2-35.a.1.4,,35,80,2,0,True,False,-1,[],
36.108.2-18.a.1.1,,36,108,2,0,False,,0,[],
36.108.2-18.a.1.2,,36,108,2,0,False,,0,[],
36.108.2-36.a.1.1,,36,108,2,0,False,,0,[],
36.108.2-36.a.1.2,,36,108,2,0,False,,0,[],
36.108.2.b.1,,36,108,2,0,False,,0,[],
36.144.2-18.a.1.1,,36,144,2,0,False,,0,[],
36.144.2-18.a.1.2,,36,144,2,0,False,,0,[],
36.144.2-18.a.1.3,,36,144,2,0,False,,0,[],
36.144.2-18.a.1.4,,36,144,2,0,False,,0,[],
36.144.2-18.a.1.5,,36,144,2,0,False,,0,[],
36.144.2-18.a.1.6,,36,144,2,0,False,,0,[],
36.144.2-18.b.1.1,,36,144,2,0,True,False,-1,[],
36.144.2-18.b.1.2,,36,144,2,0,True,False,-1,[],
36.144.2-18.b.1.3,,36,144,2,0,True,False,-1,[],
36.144.2-18.b.1.4,,36,144,2,0,True,False,-1,[],
36.144.2-18.b.2.1,,36,144,2,0,True,False,-1,[],
36.144.2-18.b.2.2,,36,144,2,0,True,False,-1,[],
36.144.2-18.b.2.3,,36,144,2,0,True,False,-1,[],
36.144.2-18.b.2.4,,36,144,2,0,True,False,-1,[],
36.144.2-18.c.1.1,,36,144,2,0,True,False,-1,[],
36.144.2-18.c.1.2,,36,144,2,0,True,False,-1,[],
36.144.2-18.c.1.3,,36,144,2,0,True,False,-1,[],
36.144.2-18.c.1.4,,36,144,2,0,True,False,-1,[],
36.144.2-18.c.1.5,,36,144,2,0,True,False,-1,[],
36.144.2-18.c.1.6,,36,144,2,0,True,False,-1,[],
36.144.2-18.c.2.1,,36,144,2,0,True,False,-1,[],
36.144.2-18.c.2.2,,36,144,2,0,True,False,-1,[],
36.144.2-18.c.2.3,,36,144,2,0,True,False,-1,[],
36.144.2-18.c.2.4,,36,144,2,0,True,False,-1,[],
36.144.2-18.c.2.5,,36,144,2,0,True,False,-1,[],
36.144.2-18.c.2.6,,36,144,2,0,True,False,-1,[],
36.144.2-18.e.1.1,,36,144,2,0,True,False,-1,[],
36.144.2-18.e.1.2,,36,144,2,0,True,False,-1,[],
36.144.2-18.e.2.1,,36,144,2,0,True,False,-1,[],
36.144.2-18.e.2.2,,36,144,2,0,True,False,-1,[],
36.144.2-36.a.1.1,,36,144,2,0,True,False,-1,[],
36.144.2-36.a.1.2,,36,144,2,0,True,False,-1,[],
36.144.2-36.a.1.3,,36,144,2,0,True,False,-1,[],
36.144.2-36.a.1.4,,36,144,2,0,True,False,-1,[],
36.144.2-36.a.1.5,,36,144,2,0,True,False,-1,[],
36.144.2-36.a.1.6,,36,144,2,0,True,False,-1,[],
36.144.2-36.a.2.1,,36,144,2,0,True,False,-1,[],
36.144.2-36.a.2.2,,36,144,2,0,True,False,-1,[],
36.144.2-36.a.2.3,,36,144,2,0,True,False,-1,[],
36.144.2-36.a.2.4,,36,144,2,0,True,False,-1,[],
36.144.2-36.a.2.5,,36,144,2,0,True,False,-1,[],
36.144.2-36.a.2.6,,36,144,2,0,True,False,-1,[],
36.144.2-36.c.1.1,,36,144,2,0,True,False,-1,[],
36.144.2-36.c.1.2,,36,144,2,0,True,False,-1,[],
36.144.2-36.c.1.3,,36,144,2,0,True,False,-1,[],
36.144.2-36.c.1.4,,36,144,2,0,True,False,-1,[],
36.144.2-36.c.2.1,,36,144,2,0,True,False,-1,[],
36.144.2-36.c.2.2,,36,144,2,0,True,False,-1,[],
36.144.2-36.c.2.3,,36,144,2,0,True,False,-1,[],
36.144.2-36.c.2.4,,36,144,2,0,True,False,-1,[],
36.18.2.a.1,,36,18,2,0,False,False,-1,[],
36.18.2.b.1,,36,18,2,0,False,False,-1,[],
36.216.2-18.a.1.1,,36,216,2,0,True,False,-1,[],
36.216.2-18.a.1.10,,36,216,2,0,True,False,-1,[],
36.216.2-18.a.1.11,,36,216,2,0,True,False,-1,[],
36.216.2-18.a.1.12,,36,216,2,0,True,False,-1,[],
36.216.2-18.a.1.2,,36,216,2,0,True,False,-1,[],
36.216.2-18.a.1.3,,36,216,2,0,True,False,-1,[],
36.216.2-18.a.1.4,,36,216,2,0,True,False,-1,[],
36.216.2-18.a.1.5,,36,216,2,0,True,False,-1,[],
36.216.2-18.a.1.6,,36,216,2,0,True,False,-1,[],
36.216.2-18.a.1.7,,36,216,2,0,True,False,-1,[],
36.216.2-18.a.1.8,,36,216,2,0,True,False,-1,[],
36.216.2-18.a.1.9,,36,216,2,0,True,False,-1,[],
36.216.2-18.b.1.1,,36,216,2,0,False,False,-1,[],
36.216.2-18.b.1.2,,36,216,2,0,False,False,-1,[],
36.216.2-18.b.1.3,,36,216,2,0,False,False,-1,[],
36.216.2-18.b.1.4,,36,216,2,0,False,False,-1,[],
36.216.2-18.b.1.5,,36,216,2,0,False,False,-1,[],
36.216.2-18.b.1.6,,36,216,2,0,False,False,-1,[],
36.216.2-18.c.1.1,,36,216,2,0,False,,0,[],
36.216.2-18.c.1.2,,36,216,2,0,False,,0,[],
36.216.2-18.c.1.3,,36,216,2,0,False,,0,[],
36.216.2-18.c.1.4,,36,216,2,0,False,,0,[],
36.216.2-18.c.1.5,,36,216,2,0,False,,0,[],
36.216.2-18.c.1.6,,36,216,2,0,False,,0,[],
36.216.2-18.d.1.1,,36,216,2,0,True,False,-1,[],
36.216.2-18.d.1.10,,36,216,2,0,True,False,-1,[],
36.216.2-18.d.1.11,,36,216,2,0,True,False,-1,[],
36.216.2-18.d.1.12,,36,216,2,0,True,False,-1,[],
36.216.2-18.d.1.2,,36,216,2,0,True,False,-1,[],
36.216.2-18.d.1.3,,36,216,2,0,True,False,-1,[],
36.216.2-18.d.1.4,,36,216,2,0,True,False,-1,[],
36.216.2-18.d.1.5,,36,216,2,0,True,False,-1,[],
36.216.2-18.d.1.6,,36,216,2,0,True,False,-1,[],
36.216.2-18.d.1.7,,36,216,2,0,True,False,-1,[],
36.216.2-18.d.1.8,,36,216,2,0,True,False,-1,[],
36.216.2-18.d.1.9,,36,216,2,0,True,False,-1,[],
36.216.2-18.d.2.1,,36,216,2,0,True,False,-1,[],
36.216.2-18.d.2.10,,36,216,2,0,True,False,-1,[],
36.216.2-18.d.2.11,,36,216,2,0,True,False,-1,[],
36.216.2-18.d.2.12,,36,216,2,0,True,False,-1,[],
36.216.2-18.d.2.2,,36,216,2,0,True,False,-1,[],
36.216.2-18.d.2.3,,36,216,2,0,True,False,-1,[],
36.216.2-18.d.2.4,,36,216,2,0,True,False,-1,[],
36.216.2-18.d.2.5,,36,216,2,0,True,False,-1,[],
36.216.2-18.d.2.6,,36,216,2,0,True,False,-1,[],
36.216.2-18.d.2.7,,36,216,2,0,True,False,-1,[],
36.216.2-18.d.2.8,,36,216,2,0,True,False,-1,[],
36.216.2-18.d.2.9,,36,216,2,0,True,False,-1,[],
36.216.2-18.e.1.1,,36,216,2,0,False,,0,[],
36.216.2-18.e.1.10,,36,216,2,0,False,,0,[],
36.216.2-18.e.1.11,,36,216,2,0,False,,0,[],
36.216.2-18.e.1.12,,36,216,2,0,False,,0,[],
36.216.2-18.e.1.2,,36,216,2,0,False,,0,[],
36.216.2-18.e.1.3,,36,216,2,0,False,,0,[],
36.216.2-18.e.1.4,,36,216,2,0,False,,0,[],
36.216.2-18.e.1.5,,36,216,2,0,False,,0,[],
36.216.2-18.e.1.6,,36,216,2,0,False,,0,[],
36.216.2-18.e.1.7,,36,216,2,0,False,,0,[],
36.216.2-18.e.1.8,,36,216,2,0,False,,0,[],
36.216.2-18.e.1.9,,36,216,2,0,False,,0,[],
36.36.2-18.a.1.1,,36,36,2,0,False,False,-1,[],
36.36.2-18.a.1.2,,36,36,2,0,False,False,-1,[],
36.36.2-18.a.1.3,,36,36,2,0,False,False,-1,[],
36.36.2-18.a.1.4,,36,36,2,0,False,False,-1,[],
36.36.2-36.a.1.1,,36,36,2,0,False,False,-1,[],
36.36.2-36.a.1.2,,36,36,2,0,False,False,-1,[],
36.36.2-36.a.1.3,,36,36,2,0,False,False,-1,[],
36.36.2-36.a.1.4,,36,36,2,0,False,False,-1,[],
36.36.2.a.1,,36,36,2,0,False,False,-1,[],
36.48.2-18.a.1.1,,36,48,2,0,False,False,-1,[],
36.48.2-18.a.1.2,,36,48,2,0,False,False,-1,[],
36.48.2-18.a.1.3,,36,48,2,0,False,False,-1,[],
36.48.2-18.a.1.4,,36,48,2,0,False,False,-1,[],
36.48.2-18.b.1.1,,36,48,2,0,False,False,-1,[],
36.48.2-18.b.1.2,,36,48,2,0,False,False,-1,[],
36.48.2-18.c.1.1,,36,48,2,0,False,False,-1,[],
36.48.2-18.c.1.2,,36,48,2,0,False,False,-1,[],
36.48.2.b.1,,36,48,2,0,True,,0,[],
36.48.2.b.2,,36,48,2,0,True,,0,[],
36.54.2.a.1,,36,54,2,0,False,,0,[],
36.54.2.g.1,,36,54,2,0,False,False,-1,[],
36.72.2-18.a.1.1,,36,72,2,0,False,False,-1,[],
36.72.2-18.a.1.2,,36,72,2,0,False,False,-1,[],
36.72.2-18.a.1.3,,36,72,2,0,False,False,-1,[],
36.72.2-18.a.1.4,,36,72,2,0,False,False,-1,[],
36.72.2-18.c.1.1,,36,72,2,0,False,False,-1,[],
36.72.2-18.c.1.10,,36,72,2,0,False,False,-1,[],
36.72.2-18.c.1.11,,36,72,2,0,False,False,-1,[],
36.72.2-18.c.1.12,,36,72,2,0,False,False,-1,[],
36.72.2-18.c.1.2,,36,72,2,0,False,False,-1,[],
36.72.2-18.c.1.3,,36,72,2,0,False,False,-1,[],
36.72.2-18.c.1.4,,36,72,2,0,False,False,-1,[],
36.72.2-18.c.1.5,,36,72,2,0,False,False,-1,[],
36.72.2-18.c.1.6,,36,72,2,0,False,False,-1,[],
36.72.2-18.c.1.7,,36,72,2,0,False,False,-1,[],
36.72.2-18.c.1.8,,36,72,2,0,False,False,-1,[],
36.72.2-18.c.1.9,,36,72,2,0,False,False,-1,[],
36.72.2-18.d.1.1,,36,72,2,0,False,False,-1,[],
36.72.2-18.d.1.10,,36,72,2,0,False,False,-1,[],
36.72.2-18.d.1.11,,36,72,2,0,False,False,-1,[],
36.72.2-18.d.1.12,,36,72,2,0,False,False,-1,[],
36.72.2-18.d.1.2,,36,72,2,0,False,False,-1,[],
36.72.2-18.d.1.3,,36,72,2,0,False,False,-1,[],
36.72.2-18.d.1.4,,36,72,2,0,False,False,-1,[],
36.72.2-18.d.1.5,,36,72,2,0,False,False,-1,[],
36.72.2-18.d.1.6,,36,72,2,0,False,False,-1,[],
36.72.2-18.d.1.7,,36,72,2,0,False,False,-1,[],
36.72.2-18.d.1.8,,36,72,2,0,False,False,-1,[],
36.72.2-18.d.1.9,,36,72,2,0,False,False,-1,[],
36.72.2-36.a.1.1,,36,72,2,0,False,False,-1,[],
36.72.2-36.a.1.2,,36,72,2,0,False,False,-1,[],
36.72.2-36.a.1.3,,36,72,2,0,False,False,-1,[],
36.72.2-36.a.1.4,,36,72,2,0,False,False,-1,[],
36.72.2-9.a.1.1,,36,72,2,0,True,False,-1,[],
36.72.2-9.a.1.2,,36,72,2,0,True,False,-1,[],
36.72.2.a.1,,36,72,2,0,True,False,-1,[],
36.72.2.a.2,,36,72,2,0,True,False,-1,[],
36.72.2.c.1,,36,72,2,0,True,False,-1,[],
36.72.2.c.2,,36,72,2,0,True,False,-1,[],
36.96.2-36.b.1.1,,36,96,2,0,True,,0,[],
36.96.2-36.b.1.2,,36,96,2,0,True,,0,[],
36.96.2-36.b.1.3,,36,96,2,0,True,,0,[],
36.96.2-36.b.1.4,,36,96,2,0,True,,0,[],
36.96.2-36.b.2.1,,36,96,2,0,True,,0,[],
36.96.2-36.b.2.2,,36,96,2,0,True,,0,[],
36.96.2-36.b.2.3,,36,96,2,0,True,,0,[],
36.96.2-36.b.2.4,,36,96,2,0,True,,0,[],
38.40.2.a.1,,38,40,2,0,False,False,-1,[],
38.80.2-38.a.1.1,,38,80,2,0,False,False,-1,[],
38.80.2-38.a.1.2,,38,80,2,0,False,False,-1,[],
39.168.2-13.b.1.1,,39,168,2,0,True,False,-1,[],
39.168.2-13.b.1.2,,39,168,2,0,True,False,-1,[],
39.168.2-13.b.2.1,,39,168,2,0,True,False,-1,[],
39.168.2-13.b.2.2,,39,168,2,0,True,False,-1,[],
39.42.2.a.1,,39,42,2,0,True,False,-1,[],
40.30.2.a.1,,40,30,2,0,False,False,-1,[],
40.30.2.d.1,,40,30,2,0,False,False,-1,[],
40.30.2.h.1,,40,30,2,0,False,False,-1,[],
40.30.2.i.1,,40,30,2,0,False,False,-1,[],
40.30.2.n.1,,40,30,2,0,False,False,-1,[],
40.30.2.o.1,,40,30,2,0,False,False,-1,[],
40.36.2.a.1,,40,36,2,0,True,False,-1,[],
40.36.2.a.2,,40,36,2,0,True,False,-1,[],
40.36.2.b.1,,40,36,2,0,True,False,-1,[],
40.36.2.b.2,,40,36,2,0,True,False,-1,[],
40.48.2.a.1,,40,48,2,0,True,False,-1,[],
40.60.2-10.a.1.1,,40,60,2,0,False,False,-1,[],
40.60.2-10.a.1.2,,40,60,2,0,False,False,-1,[],
40.60.2-10.a.1.3,,40,60,2,0,False,False,-1,[],
40.60.2-10.a.1.4,,40,60,2,0,False,False,-1,[],
40.60.2-10.b.1.1,,40,60,2,0,False,False,-1,[],
40.60.2-10.b.1.2,,40,60,2,0,False,False,-1,[],
40.60.2-10.b.1.3,,40,60,2,0,False,False,-1,[],
40.60.2-10.b.1.4,,40,60,2,0,False,False,-1,[],
40.60.2-20.a.1.1,,40,60,2,0,False,False,-1,[],
40.60.2-20.a.1.2,,40,60,2,0,False,False,-1,[],
40.60.2-20.a.1.3,,40,60,2,0,False,False,-1,[],
40.60.2-20.a.1.4,,40,60,2,0,False,False,-1,[],
40.60.2-20.b.1.1,,40,60,2,0,False,False,-1,[],
40.60.2-20.b.1.2,,40,60,2,0,False,False,-1,[],
40.60.2-20.b.1.3,,40,60,2,0,False,False,-1,[],
40.60.2-20.b.1.4,,40,60,2,0,False,False,-1,[],
40.60.2-20.b.1.5,,40,60,2,0,False,False,-1,[],
40.60.2-20.b.1.6,,40,60,2,0,False,False,-1,[],
40.60.2-20.b.1.7,,40,60,2,0,False,False,-1,[],
40.60.2-20.b.1.8,,40,60,2,0,False,False,-1,[],
40.60.2-20.c.1.1,,40,60,2,0,False,False,-1,[],
40.60.2-20.c.1.10,,40,60,2,0,False,False,-1,[],
40.60.2-20.c.1.11,,40,60,2,0,False,False,-1,[],
40.60.2-20.c.1.12,,40,60,2,0,False,False,-1,[],
40.60.2-20.c.1.2,,40,60,2,0,False,False,-1,[],
40.60.2-20.c.1.3,,40,60,2,0,False,False,-1,[],
40.60.2-20.c.1.4,,40,60,2,0,False,False,-1,[],
40.60.2-20.c.1.5,,40,60,2,0,False,False,-1,[],
40.60.2-20.c.1.6,,40,60,2,0,False,False,-1,[],
40.60.2-20.c.1.7,,40,60,2,0,False,False,-1,[],
40.60.2-20.c.1.8,,40,60,2,0,False,False,-1,[],
40.60.2-20.c.1.9,,40,60,2,0,False,False,-1,[],
40.60.2-20.d.1.1,,40,60,2,0,False,False,-1,[],
40.60.2-20.d.1.2,,40,60,2,0,False,False,-1,[],
40.60.2-20.d.1.3,,40,60,2,0,False,False,-1,[],
40.60.2-20.d.1.4,,40,60,2,0,False,False,-1,[],
40.60.2.c.1,,40,60,2,0,False,,0,[],
40.60.2.e.1,,40,60,2,0,True,False,-1,[],
40.60.2.f.1,,40,60,2,0,True,False,-1,[],
40.60.2.g.1,,40,60,2,0,False,,0,[],
40.60.2.j.1,,40,60,2,0,False,,0,[],
40.60.2.l.1,,40,60,2,0,False,,0,[],
40.60.2.m.1,,40,60,2,0,False,,0,[],
40.90.2.b.1,,40,90,2,0,False,,0,[],
40.90.2.c.1,,40,90,2,0,False,,0,[],
40.96.2-40.a.1.1,,40,96,2,0,True,False,-1,[],
40.96.2-40.a.1.10,,40,96,2,0,True,False,-1,[],
40.96.2-40.a.1.11,,40,96,2,0,True,False,-1,[],
40.96.2-40.a.1.12,,40,96,2,0,True,False,-1,[],
40.96.2-40.a.1.13,,40,96,2,0,True,False,-1,[],
40.96.2-40.a.1.14,,40,96,2,0,True,False,-1,[],
40.96.2-40.a.1.15,,40,96,2,0,True,False,-1,[],
40.96.2-40.a.1.16,,40,96,2,0,True,False,-1,[],
40.96.2-40.a.1.17,,40,96,2,0,True,False,-1,[],
40.96.2-40.a.1.18,,40,96,2,0,True,False,-1,[],
40.96.2-40.a.1.19,,40,96,2,0,True,False,-1,[],
40.96.2-40.a.1.2,,40,96,2,0,True,False,-1,[],
40.96.2-40.a.1.20,,40,96,2,0,True,False,-1,[],
40.96.2-40.a.1.21,,40,96,2,0,True,False,-1,[],
40.96.2-40.a.1.22,,40,96,2,0,True,False,-1,[],
40.96.2-40.a.1.23,,40,96,2,0,True,False,-1,[],
40.96.2-40.a.1.24,,40,96,2,0,True,False,-1,[],
40.96.2-40.a.1.3,,40,96,2,0,True,False,-1,[],
40.96.2-40.a.1.4,,40,96,2,0,True,False,-1,[],
40.96.2-40.a.1.5,,40,96,2,0,True,False,-1,[],
40.96.2-40.a.1.6,,40,96,2,0,True,False,-1,[],
40.96.2-40.a.1.7,,40,96,2,0,True,False,-1,[],
40.96.2-40.a.1.8,,40,96,2,0,True,False,-1,[],
40.96.2-40.a.1.9,,40,96,2,0,True,False,-1,[],
40.96.2-8.a.1.1,,40,96,2,0,True,False,-1,[],
40.96.2-8.a.1.10,,40,96,2,0,True,False,-1,[],
40.96.2-8.a.1.11,,40,96,2,0,True,False,-1,[],
40.96.2-8.a.1.12,,40,96,2,0,True,False,-1,[],
40.96.2-8.a.1.2,,40,96,2,0,True,False,-1,[],
40.96.2-8.a.1.3,,40,96,2,0,True,False,-1,[],
40.96.2-8.a.1.4,,40,96,2,0,True,False,-1,[],
40.96.2-8.a.1.5,,40,96,2,0,True,False,-1,[],
40.96.2-8.a.1.6,,40,96,2,0,True,False,-1,[],
40.96.2-8.a.1.7,,40,96,2,0,True,False,-1,[],
40.96.2-8.a.1.8,,40,96,2,0,True,False,-1,[],
40.96.2-8.a.1.9,,40,96,2,0,True,False,-1,[],
42.48.2-21.a.1.1,,42,48,2,0,True,False,-1,[],
42.48.2-21.a.1.2,,42,48,2,0,True,False,-1,[],
42.48.2-21.a.1.3,,42,48,2,0,True,False,-1,[],
42.48.2-21.a.1.4,,42,48,2,0,True,False,-1,[],
42.48.2-21.a.1.5,,42,48,2,0,True,False,-1,[],
42.48.2-21.a.1.6,,42,48,2,0,True,False,-1,[],
42.48.2-21.a.1.7,,42,48,2,0,True,False,-1,[],
42.48.2-21.a.1.8,,42,48,2,0,True,False,-1,[],
42.48.2.a.1,,42,48,2,0,True,False,-1,[],
42.48.2.a.2,,42,48,2,0,True,False,-1,[],
42.48.2.c.1,,42,48,2,0,False,False,-1,[],
42.48.2.d.1,,42,48,2,0,True,False,-1,[],
42.48.2.e.1,,42,48,2,0,True,False,-1,[],
42.48.2.e.2,,42,48,2,0,True,False,-1,[],
42.48.2.f.1,,42,48,2,0,False,False,-1,[],
42.96.2-14.a.1.1,,42,96,2,0,False,False,-1,[],
42.96.2-14.a.1.2,,42,96,2,0,False,False,-1,[],
42.96.2-14.b.1.1,,42,96,2,0,True,,0,[],
42.96.2-14.b.1.2,,42,96,2,0,True,,0,[],
42.96.2-14.c.1.1,,42,96,2,0,True,False,-1,[],
42.96.2-14.c.1.2,,42,96,2,0,True,False,-1,[],
42.96.2-14.c.2.1,,42,96,2,0,True,False,-1,[],
42.96.2-14.c.2.2,,42,96,2,0,True,False,-1,[],
42.96.2-14.e.1.1,,42,96,2,0,True,False,-1,[],
42.96.2-14.e.1.2,,42,96,2,0,True,False,-1,[],
42.96.2-14.e.2.1,,42,96,2,0,True,False,-1,[],
42.96.2-14.e.2.2,,42,96,2,0,True,False,-1,[],
42.96.2-14.f.1.1,,42,96,2,0,False,False,-1,[],
42.96.2-14.f.1.2,,42,96,2,0,False,False,-1,[],
42.96.2-42.a.1.1,,42,96,2,0,True,False,-1,[],
42.96.2-42.a.1.2,,42,96,2,0,True,False,-1,[],
42.96.2-42.a.1.3,,42,96,2,0,True,False,-1,[],
42.96.2-42.a.1.4,,42,96,2,0,True,False,-1,[],
42.96.2-42.a.2.1,,42,96,2,0,True,False,-1,[],
42.96.2-42.a.2.2,,42,96,2,0,True,False,-1,[],
42.96.2-42.a.2.3,,42,96,2,0,True,False,-1,[],
42.96.2-42.a.2.4,,42,96,2,0,True,False,-1,[],
42.96.2-42.c.1.1,,42,96,2,0,False,False,-1,[],
42.96.2-42.c.1.2,,42,96,2,0,False,False,-1,[],
42.96.2-42.c.1.3,,42,96,2,0,False,False,-1,[],
42.96.2-42.c.1.4,,42,96,2,0,False,False,-1,[],
42.96.2-42.d.1.1,,42,96,2,0,True,False,-1,[],
42.96.2-42.d.1.2,,42,96,2,0,True,False,-1,[],
42.96.2-42.d.1.3,,42,96,2,0,True,False,-1,[],
42.96.2-42.d.1.4,,42,96,2,0,True,False,-1,[],
42.96.2-42.e.1.1,,42,96,2,0,True,False,-1,[],
42.96.2-42.e.1.2,,42,96,2,0,True,False,-1,[],
42.96.2-42.e.1.3,,42,96,2,0,True,False,-1,[],
42.96.2-42.e.1.4,,42,96,2,0,True,False,-1,[],
42.96.2-42.e.2.1,,42,96,2,0,True,False,-1,[],
42.96.2-42.e.2.2,,42,96,2,0,True,False,-1,[],
42.96.2-42.e.2.3,,42,96,2,0,True,False,-1,[],
42.96.2-42.e.2.4,,42,96,2,0,True,False,-1,[],
42.96.2-42.f.1.1,,42,96,2,0,False,False,-1,[],
42.96.2-42.f.1.2,,42,96,2,0,False,False,-1,[],
42.96.2-42.f.1.3,,42,96,2,0,False,False,-1,[],
42.96.2-42.f.1.4,,42,96,2,0,False,False,-1,[],
44.48.2-22.a.1.1,,44,48,2,0,False,False,-1,[],
44.48.2-22.a.1.2,,44,48,2,0,False,False,-1,[],
44.48.2-22.a.1.3,,44,48,2,0,False,False,-1,[],
44.48.2-22.a.1.4,,44,48,2,0,False,False,-1,[],
44.72.2-22.a.1.1,,44,72,2,0,False,False,-1,[],
44.72.2-22.a.1.10,,44,72,2,0,False,False,-1,[],
44.72.2-22.a.1.11,,44,72,2,0,False,False,-1,[],
44.72.2-22.a.1.12,,44,72,2,0,False,False,-1,[],
44.72.2-22.a.1.2,,44,72,2,0,False,False,-1,[],
44.72.2-22.a.1.3,,44,72,2,0,False,False,-1,[],
44.72.2-22.a.1.4,,44,72,2,0,False,False,-1,[],
44.72.2-22.a.1.5,,44,72,2,0,False,False,-1,[],
44.72.2-22.a.1.6,,44,72,2,0,False,False,-1,[],
44.72.2-22.a.1.7,,44,72,2,0,False,False,-1,[],
44.72.2-22.a.1.8,,44,72,2,0,False,False,-1,[],
44.72.2-22.a.1.9,,44,72,2,0,False,False,-1,[],
45.36.2.a.1,,45,36,2,0,True,,0,[],
45.54.2.b.1,,45,54,2,0,True,,0,[],
45.72.2-9.a.1.1,,45,72,2,0,True,False,-1,[],
46.48.2-23.a.1.1,,46,48,2,0,True,False,-1,[],
46.48.2-23.a.1.2,,46,48,2,0,True,False,-1,[],
48.192.2-16.a.1.1,,48,192,2,0,True,False,-1,[],
48.192.2-16.a.1.10,,48,192,2,0,True,False,-1,[],
48.192.2-16.a.1.11,,48,192,2,0,True,False,-1,[],
48.192.2-16.a.1.12,,48,192,2,0,True,False,-1,[],
48.192.2-16.a.1.13,,48,192,2,0,True,False,-1,[],
48.192.2-16.a.1.14,,48,192,2,0,True,False,-1,[],
48.192.2-16.a.1.15,,48,192,2,0,True,False,-1,[],
48.192.2-16.a.1.16,,48,192,2,0,True,False,-1,[],
48.192.2-16.a.1.2,,48,192,2,0,True,False,-1,[],
48.192.2-16.a.1.3,,48,192,2,0,True,False,-1,[],
48.192.2-16.a.1.4,,48,192,2,0,True,False,-1,[],
48.192.2-16.a.1.5,,48,192,2,0,True,False,-1,[],
48.192.2-16.a.1.6,,48,192,2,0,True,False,-1,[],
48.192.2-16.a.1.7,,48,192,2,0,True,False,-1,[],
48.192.2-16.a.1.8,,48,192,2,0,True,False,-1,[],
48.192.2-16.a.1.9,,48,192,2,0,True,False,-1,[],
48.192.2-16.b.1.1,,48,192,2,0,True,False,-1,[],
48.192.2-16.b.1.10,,48,192,2,0,True,False,-1,[],
48.192.2-16.b.1.11,,48,192,2,0,True,False,-1,[],
48.192.2-16.b.1.12,,48,192,2,0,True,False,-1,[],
48.192.2-16.b.1.13,,48,192,2,0,True,False,-1,[],
48.192.2-16.b.1.14,,48,192,2,0,True,False,-1,[],
48.192.2-16.b.1.15,,48,192,2,0,True,False,-1,[],
48.192.2-16.b.1.16,,48,192,2,0,True,False,-1,[],
48.192.2-16.b.1.2,,48,192,2,0,True,False,-1,[],
48.192.2-16.b.1.3,,48,192,2,0,True,False,-1,[],
48.192.2-16.b.1.4,,48,192,2,0,True,False,-1,[],
48.192.2-16.b.1.5,,48,192,2,0,True,False,-1,[],
48.192.2-16.b.1.6,,48,192,2,0,True,False,-1,[],
48.192.2-16.b.1.7,,48,192,2,0,True,False,-1,[],
48.192.2-16.b.1.8,,48,192,2,0,True,False,-1,[],
48.192.2-16.b.1.9,,48,192,2,0,True,False,-1,[],
48.192.2-16.c.1.1,,48,192,2,0,True,False,-1,[],
48.192.2-16.c.1.10,,48,192,2,0,True,False,-1,[],
48.192.2-16.c.1.11,,48,192,2,0,True,False,-1,[],
48.192.2-16.c.1.12,,48,192,2,0,True,False,-1,[],
48.192.2-16.c.1.13,,48,192,2,0,True,False,-1,[],
48.192.2-16.c.1.14,,48,192,2,0,True,False,-1,[],
48.192.2-16.c.1.15,,48,192,2,0,True,False,-1,[],
48.192.2-16.c.1.16,,48,192,2,0,True,False,-1,[],
48.192.2-16.c.1.2,,48,192,2,0,True,False,-1,[],
48.192.2-16.c.1.3,,48,192,2,0,True,False,-1,[],
48.192.2-16.c.1.4,,48,192,2,0,True,False,-1,[],
48.192.2-16.c.1.5,,48,192,2,0,True,False,-1,[],
48.192.2-16.c.1.6,,48,192,2,0,True,False,-1,[],
48.192.2-16.c.1.7,,48,192,2,0,True,False,-1,[],
48.192.2-16.c.1.8,,48,192,2,0,True,False,-1,[],
48.192.2-16.c.1.9,,48,192,2,0,True,False,-1,[],
48.192.2-16.d.1.1,,48,192,2,0,True,False,-1,[],
48.192.2-16.d.1.10,,48,192,2,0,True,False,-1,[],
48.192.2-16.d.1.11,,48,192,2,0,True,False,-1,[],
48.192.2-16.d.1.12,,48,192,2,0,True,False,-1,[],
48.192.2-16.d.1.13,,48,192,2,0,True,False,-1,[],
48.192.2-16.d.1.14,,48,192,2,0,True,False,-1,[],
48.192.2-16.d.1.15,,48,192,2,0,True,False,-1,[],
48.192.2-16.d.1.16,,48,192,2,0,True,False,-1,[],
48.192.2-16.d.1.2,,48,192,2,0,True,False,-1,[],
48.192.2-16.d.1.3,,48,192,2,0,True,False,-1,[],
48.192.2-16.d.1.4,,48,192,2,0,True,False,-1,[],
48.192.2-16.d.1.5,,48,192,2,0,True,False,-1,[],
48.192.2-16.d.1.6,,48,192,2,0,True,False,-1,[],
48.192.2-16.d.1.7,,48,192,2,0,True,False,-1,[],
48.192.2-16.d.1.8,,48,192,2,0,True,False,-1,[],
48.192.2-16.d.1.9,,48,192,2,0,True,False,-1,[],
48.192.2-16.e.1.1,,48,192,2,0,True,False,-1,[],
48.192.2-16.e.1.10,,48,192,2,0,True,False,-1,[],
48.192.2-16.e.1.11,,48,192,2,0,True,False,-1,[],
48.192.2-16.e.1.12,,48,192,2,0,True,False,-1,[],
48.192.2-16.e.1.13,,48,192,2,0,True,False,-1,[],
48.192.2-16.e.1.14,,48,192,2,0,True,False,-1,[],
48.192.2-16.e.1.15,,48,192,2,0,True,False,-1,[],
48.192.2-16.e.1.16,,48,192,2,0,True,False,-1,[],
48.192.2-16.e.1.2,,48,192,2,0,True,False,-1,[],
48.192.2-16.e.1.3,,48,192,2,0,True,False,-1,[],
48.192.2-16.e.1.4,,48,192,2,0,True,False,-1,[],
48.192.2-16.e.1.5,,48,192,2,0,True,False,-1,[],
48.192.2-16.e.1.6,,48,192,2,0,True,False,-1,[],
48.192.2-16.e.1.7,,48,192,2,0,True,False,-1,[],
48.192.2-16.e.1.8,,48,192,2,0,True,False,-1,[],
48.192.2-16.e.1.9,,48,192,2,0,True,False,-1,[],
48.192.2-16.e.2.1,,48,192,2,0,True,False,-1,[],
48.192.2-16.e.2.10,,48,192,2,0,True,False,-1,[],
48.192.2-16.e.2.11,,48,192,2,0,True,False,-1,[],
48.192.2-16.e.2.12,,48,192,2,0,True,False,-1,[],
48.192.2-16.e.2.13,,48,192,2,0,True,False,-1,[],
48.192.2-16.e.2.14,,48,192,2,0,True,False,-1,[],
48.192.2-16.e.2.15,,48,192,2,0,True,False,-1,[],
48.192.2-16.e.2.16,,48,192,2,0,True,False,-1,[],
48.192.2-16.e.2.2,,48,192,2,0,True,False,-1,[],
48.192.2-16.e.2.3,,48,192,2,0,True,False,-1,[],
48.192.2-16.e.2.4,,48,192,2,0,True,False,-1,[],
48.192.2-16.e.2.5,,48,192,2,0,True,False,-1,[],
48.192.2-16.e.2.6,,48,192,2,0,True,False,-1,[],
48.192.2-16.e.2.7,,48,192,2,0,True,False,-1,[],
48.192.2-16.e.2.8,,48,192,2,0,True,False,-1,[],
48.192.2-16.e.2.9,,48,192,2,0,True,False,-1,[],
48.192.2-16.f.1.1,,48,192,2,0,True,False,-1,[],
48.192.2-16.f.1.10,,48,192,2,0,True,False,-1,[],
48.192.2-16.f.1.11,,48,192,2,0,True,False,-1,[],
48.192.2-16.f.1.12,,48,192,2,0,True,False,-1,[],
48.192.2-16.f.1.13,,48,192,2,0,True,False,-1,[],
48.192.2-16.f.1.14,,48,192,2,0,True,False,-1,[],
48.192.2-16.f.1.15,,48,192,2,0,True,False,-1,[],
48.192.2-16.f.1.16,,48,192,2,0,True,False,-1,[],
48.192.2-16.f.1.2,,48,192,2,0,True,False,-1,[],
48.192.2-16.f.1.3,,48,192,2,0,True,False,-1,[],
48.192.2-16.f.1.4,,48,192,2,0,True,False,-1,[],
48.192.2-16.f.1.5,,48,192,2,0,True,False,-1,[],
48.192.2-16.f.1.6,,48,192,2,0,True,False,-1,[],
48.192.2-16.f.1.7,,48,192,2,0,True,False,-1,[],
48.192.2-16.f.1.8,,48,192,2,0,True,False,-1,[],
48.192.2-16.f.1.9,,48,192,2,0,True,False,-1,[],
48.192.2-16.f.2.1,,48,192,2,0,True,False,-1,[],
48.192.2-16.f.2.10,,48,192,2,0,True,False,-1,[],
48.192.2-16.f.2.11,,48,192,2,0,True,False,-1,[],
48.192.2-16.f.2.12,,48,192,2,0,True,False,-1,[],
48.192.2-16.f.2.13,,48,192,2,0,True,False,-1,[],
48.192.2-16.f.2.14,,48,192,2,0,True,False,-1,[],
48.192.2-16.f.2.15,,48,192,2,0,True,False,-1,[],
48.192.2-16.f.2.16,,48,192,2,0,True,False,-1,[],
48.192.2-16.f.2.2,,48,192,2,0,True,False,-1,[],
48.192.2-16.f.2.3,,48,192,2,0,True,False,-1,[],
48.192.2-16.f.2.4,,48,192,2,0,True,False,-1,[],
48.192.2-16.f.2.5,,48,192,2,0,True,False,-1,[],
48.192.2-16.f.2.6,,48,192,2,0,True,False,-1,[],
48.192.2-16.f.2.7,,48,192,2,0,True,False,-1,[],
48.192.2-16.f.2.8,,48,192,2,0,True,False,-1,[],
48.192.2-16.f.2.9,,48,192,2,0,True,False,-1,[],
48.192.2-16.g.1.1,,48,192,2,0,True,False,-1,[],
48.192.2-16.g.1.10,,48,192,2,0,True,False,-1,[],
48.192.2-16.g.1.11,,48,192,2,0,True,False,-1,[],
48.192.2-16.g.1.12,,48,192,2,0,True,False,-1,[],
48.192.2-16.g.1.13,,48,192,2,0,True,False,-1,[],
48.192.2-16.g.1.14,,48,192,2,0,True,False,-1,[],
48.192.2-16.g.1.15,,48,192,2,0,True,False,-1,[],
48.192.2-16.g.1.16,,48,192,2,0,True,False,-1,[],
48.192.2-16.g.1.2,,48,192,2,0,True,False,-1,[],
48.192.2-16.g.1.3,,48,192,2,0,True,False,-1,[],
48.192.2-16.g.1.4,,48,192,2,0,True,False,-1,[],
48.192.2-16.g.1.5,,48,192,2,0,True,False,-1,[],
48.192.2-16.g.1.6,,48,192,2,0,True,False,-1,[],
48.192.2-16.g.1.7,,48,192,2,0,True,False,-1,[],
48.192.2-16.g.1.8,,48,192,2,0,True,False,-1,[],
48.192.2-16.g.1.9,,48,192,2,0,True,False,-1,[],
48.192.2-16.g.2.1,,48,192,2,0,True,False,-1,[],
48.192.2-16.g.2.10,,48,192,2,0,True,False,-1,[],
48.192.2-16.g.2.11,,48,192,2,0,True,False,-1,[],
48.192.2-16.g.2.12,,48,192,2,0,True,False,-1,[],
48.192.2-16.g.2.13,,48,192,2,0,True,False,-1,[],
48.192.2-16.g.2.14,,48,192,2,0,True,False,-1,[],
48.192.2-16.g.2.15,,48,192,2,0,True,False,-1,[],
48.192.2-16.g.2.16,,48,192,2,0,True,False,-1,[],
48.192.2-16.g.2.2,,48,192,2,0,True,False,-1,[],
48.192.2-16.g.2.3,,48,192,2,0,True,False,-1,[],
48.192.2-16.g.2.4,,48,192,2,0,True,False,-1,[],
48.192.2-16.g.2.5,,48,192,2,0,True,False,-1,[],
48.192.2-16.g.2.6,,48,192,2,0,True,False,-1,[],
48.192.2-16.g.2.7,,48,192,2,0,True,False,-1,[],
48.192.2-16.g.2.8,,48,192,2,0,True,False,-1,[],
48.192.2-16.g.2.9,,48,192,2,0,True,False,-1,[],
48.192.2-16.h.1.1,,48,192,2,0,True,False,-1,[],
48.192.2-16.h.1.10,,48,192,2,0,True,False,-1,[],
48.192.2-16.h.1.11,,48,192,2,0,True,False,-1,[],
48.192.2-16.h.1.12,,48,192,2,0,True,False,-1,[],
48.192.2-16.h.1.13,,48,192,2,0,True,False,-1,[],
48.192.2-16.h.1.14,,48,192,2,0,True,False,-1,[],
48.192.2-16.h.1.15,,48,192,2,0,True,False,-1,[],
48.192.2-16.h.1.16,,48,192,2,0,True,False,-1,[],
48.192.2-16.h.1.2,,48,192,2,0,True,False,-1,[],
48.192.2-16.h.1.3,,48,192,2,0,True,False,-1,[],
48.192.2-16.h.1.4,,48,192,2,0,True,False,-1,[],
48.192.2-16.h.1.5,,48,192,2,0,True,False,-1,[],
48.192.2-16.h.1.6,,48,192,2,0,True,False,-1,[],
48.192.2-16.h.1.7,,48,192,2,0,True,False,-1,[],
48.192.2-16.h.1.8,,48,192,2,0,True,False,-1,[],
48.192.2-16.h.1.9,,48,192,2,0,True,False,-1,[],
48.192.2-16.h.2.1,,48,192,2,0,True,False,-1,[],
48.192.2-16.h.2.10,,48,192,2,0,True,False,-1,[],
48.192.2-16.h.2.11,,48,192,2,0,True,False,-1,[],
48.192.2-16.h.2.12,,48,192,2,0,True,False,-1,[],
48.192.2-16.h.2.13,,48,192,2,0,True,False,-1,[],
48.192.2-16.h.2.14,,48,192,2,0,True,False,-1,[],
48.192.2-16.h.2.15,,48,192,2,0,True,False,-1,[],
48.192.2-16.h.2.16,,48,192,2,0,True,False,-1,[],
48.192.2-16.h.2.2,,48,192,2,0,True,False,-1,[],
48.192.2-16.h.2.3,,48,192,2,0,True,False,-1,[],
48.192.2-16.h.2.4,,48,192,2,0,True,False,-1,[],
48.192.2-16.h.2.5,,48,192,2,0,True,False,-1,[],
48.192.2-16.h.2.6,,48,192,2,0,True,False,-1,[],
48.192.2-16.h.2.7,,48,192,2,0,True,False,-1,[],
48.192.2-16.h.2.8,,48,192,2,0,True,False,-1,[],
48.192.2-16.h.2.9,,48,192,2,0,True,False,-1,[],
48.192.2-16.i.1.1,,48,192,2,0,True,False,-1,[],
48.192.2-16.i.1.2,,48,192,2,0,True,False,-1,[],
48.192.2-16.i.1.3,,48,192,2,0,True,False,-1,[],
48.192.2-16.i.1.4,,48,192,2,0,True,False,-1,[],
48.192.2-16.i.1.5,,48,192,2,0,True,False,-1,[],
48.192.2-16.i.1.6,,48,192,2,0,True,False,-1,[],
48.192.2-16.i.1.7,,48,192,2,0,True,False,-1,[],
48.192.2-16.i.1.8,,48,192,2,0,True,False,-1,[],
48.192.2-16.i.2.1,,48,192,2,0,True,False,-1,[],
48.192.2-16.i.2.2,,48,192,2,0,True,False,-1,[],
48.192.2-16.i.2.3,,48,192,2,0,True,False,-1,[],
48.192.2-16.i.2.4,,48,192,2,0,True,False,-1,[],
48.192.2-16.i.2.5,,48,192,2,0,True,False,-1,[],
48.192.2-16.i.2.6,,48,192,2,0,True,False,-1,[],
48.192.2-16.i.2.7,,48,192,2,0,True,False,-1,[],
48.192.2-16.i.2.8,,48,192,2,0,True,False,-1,[],
48.192.2-16.j.1.1,,48,192,2,0,True,False,-1,[],
48.192.2-16.j.1.2,,48,192,2,0,True,False,-1,[],
48.192.2-16.j.1.3,,48,192,2,0,True,False,-1,[],
48.192.2-16.j.1.4,,48,192,2,0,True,False,-1,[],
48.192.2-16.j.1.5,,48,192,2,0,True,False,-1,[],
48.192.2-16.j.1.6,,48,192,2,0,True,False,-1,[],
48.192.2-16.j.1.7,,48,192,2,0,True,False,-1,[],
48.192.2-16.j.1.8,,48,192,2,0,True,False,-1,[],
48.192.2-16.j.2.1,,48,192,2,0,True,False,-1,[],
48.192.2-16.j.2.2,,48,192,2,0,True,False,-1,[],
48.192.2-16.j.2.3,,48,192,2,0,True,False,-1,[],
48.192.2-16.j.2.4,,48,192,2,0,True,False,-1,[],
48.192.2-16.j.2.5,,48,192,2,0,True,False,-1,[],
48.192.2-16.j.2.6,,48,192,2,0,True,False,-1,[],
48.192.2-16.j.2.7,,48,192,2,0,True,False,-1,[],
48.192.2-16.j.2.8,,48,192,2,0,True,False,-1,[],
48.192.2-16.k.1.1,,48,192,2,0,True,False,-1,[],
48.192.2-16.k.1.2,,48,192,2,0,True,False,-1,[],
48.192.2-16.k.1.3,,48,192,2,0,True,False,-1,[],
48.192.2-16.k.1.4,,48,192,2,0,True,False,-1,[],
48.192.2-16.k.1.5,,48,192,2,0,True,False,-1,[],
48.192.2-16.k.1.6,,48,192,2,0,True,False,-1,[],
48.192.2-16.k.1.7,,48,192,2,0,True,False,-1,[],
48.192.2-16.k.1.8,,48,192,2,0,True,False,-1,[],
48.192.2-16.k.2.1,,48,192,2,0,True,False,-1,[],
48.192.2-16.k.2.2,,48,192,2,0,True,False,-1,[],
48.192.2-16.k.2.3,,48,192,2,0,True,False,-1,[],
48.192.2-16.k.2.4,,48,192,2,0,True,False,-1,[],
48.192.2-16.k.2.5,,48,192,2,0,True,False,-1,[],
48.192.2-16.k.2.6,,48,192,2,0,True,False,-1,[],
48.192.2-16.k.2.7,,48,192,2,0,True,False,-1,[],
48.192.2-16.k.2.8,,48,192,2,0,True,False,-1,[],
48.192.2-16.l.1.1,,48,192,2,0,True,False,-1,[],
48.192.2-16.l.1.2,,48,192,2,0,True,False,-1,[],
48.192.2-16.l.1.3,,48,192,2,0,True,False,-1,[],
48.192.2-16.l.1.4,,48,192,2,0,True,False,-1,[],
48.192.2-16.l.1.5,,48,192,2,0,True,False,-1,[],
48.192.2-16.l.1.6,,48,192,2,0,True,False,-1,[],
48.192.2-16.l.1.7,,48,192,2,0,True,False,-1,[],
48.192.2-16.l.1.8,,48,192,2,0,True,False,-1,[],
48.192.2-16.l.2.1,,48,192,2,0,True,False,-1,[],
48.192.2-16.l.2.2,,48,192,2,0,True,False,-1,[],
48.192.2-16.l.2.3,,48,192,2,0,True,False,-1,[],
48.192.2-16.l.2.4,,48,192,2,0,True,False,-1,[],
48.192.2-16.l.2.5,,48,192,2,0,True,False,-1,[],
48.192.2-16.l.2.6,,48,192,2,0,True,False,-1,[],
48.192.2-16.l.2.7,,48,192,2,0,True,False,-1,[],
48.192.2-16.l.2.8,,48,192,2,0,True,False,-1,[],
48.192.2-48.a.1.1,,48,192,2,0,True,False,-1,[],
48.192.2-48.a.1.10,,48,192,2,0,True,False,-1,[],
48.192.2-48.a.1.11,,48,192,2,0,True,False,-1,[],
48.192.2-48.a.1.12,,48,192,2,0,True,False,-1,[],
48.192.2-48.a.1.13,,48,192,2,0,True,False,-1,[],
48.192.2-48.a.1.14,,48,192,2,0,True,False,-1,[],
48.192.2-48.a.1.15,,48,192,2,0,True,False,-1,[],
48.192.2-48.a.1.16,,48,192,2,0,True,False,-1,[],
48.192.2-48.a.1.17,,48,192,2,0,True,False,-1,[],
48.192.2-48.a.1.18,,48,192,2,0,True,False,-1,[],
48.192.2-48.a.1.19,,48,192,2,0,True,False,-1,[],
48.192.2-48.a.1.2,,48,192,2,0,True,False,-1,[],
48.192.2-48.a.1.20,,48,192,2,0,True,False,-1,[],
48.192.2-48.a.1.21,,48,192,2,0,True,False,-1,[],
48.192.2-48.a.1.22,,48,192,2,0,True,False,-1,[],
48.192.2-48.a.1.23,,48,192,2,0,True,False,-1,[],
48.192.2-48.a.1.24,,48,192,2,0,True,False,-1,[],
48.192.2-48.a.1.25,,48,192,2,0,True,False,-1,[],
48.192.2-48.a.1.26,,48,192,2,0,True,False,-1,[],
48.192.2-48.a.1.27,,48,192,2,0,True,False,-1,[],
48.192.2-48.a.1.28,,48,192,2,0,True,False,-1,[],
48.192.2-48.a.1.29,,48,192,2,0,True,False,-1,[],
48.192.2-48.a.1.3,,48,192,2,0,True,False,-1,[],
48.192.2-48.a.1.30,,48,192,2,0,True,False,-1,[],
48.192.2-48.a.1.31,,48,192,2,0,True,False,-1,[],
48.192.2-48.a.1.32,,48,192,2,0,True,False,-1,[],
48.192.2-48.a.1.4,,48,192,2,0,True,False,-1,[],
48.192.2-48.a.1.5,,48,192,2,0,True,False,-1,[],
48.192.2-48.a.1.6,,48,192,2,0,True,False,-1,[],
48.192.2-48.a.1.7,,48,192,2,0,True,False,-1,[],
48.192.2-48.a.1.8,,48,192,2,0,True,False,-1,[],
48.192.2-48.a.1.9,,48,192,2,0,True,False,-1,[],
48.192.2-48.b.1.1,,48,192,2,0,True,False,-1,[],
48.192.2-48.b.1.10,,48,192,2,0,True,False,-1,[],
48.192.2-48.b.1.11,,48,192,2,0,True,False,-1,[],
48.192.2-48.b.1.12,,48,192,2,0,True,False,-1,[],
48.192.2-48.b.1.13,,48,192,2,0,True,False,-1,[],
48.192.2-48.b.1.14,,48,192,2,0,True,False,-1,[],
48.192.2-48.b.1.15,,48,192,2,0,True,False,-1,[],
48.192.2-48.b.1.16,,48,192,2,0,True,False,-1,[],
48.192.2-48.b.1.17,,48,192,2,0,True,False,-1,[],
48.192.2-48.b.1.18,,48,192,2,0,True,False,-1,[],
48.192.2-48.b.1.19,,48,192,2,0,True,False,-1,[],
48.192.2-48.b.1.2,,48,192,2,0,True,False,-1,[],
48.192.2-48.b.1.20,,48,192,2,0,True,False,-1,[],
48.192.2-48.b.1.21,,48,192,2,0,True,False,-1,[],
48.192.2-48.b.1.22,,48,192,2,0,True,False,-1,[],
48.192.2-48.b.1.23,,48,192,2,0,True,False,-1,[],
48.192.2-48.b.1.24,,48,192,2,0,True,False,-1,[],
48.192.2-48.b.1.25,,48,192,2,0,True,False,-1,[],
48.192.2-48.b.1.26,,48,192,2,0,True,False,-1,[],
48.192.2-48.b.1.27,,48,192,2,0,True,False,-1,[],
48.192.2-48.b.1.28,,48,192,2,0,True,False,-1,[],
48.192.2-48.b.1.29,,48,192,2,0,True,False,-1,[],
48.192.2-48.b.1.3,,48,192,2,0,True,False,-1,[],
48.192.2-48.b.1.30,,48,192,2,0,True,False,-1,[],
48.192.2-48.b.1.31,,48,192,2,0,True,False,-1,[],
48.192.2-48.b.1.32,,48,192,2,0,True,False,-1,[],
48.192.2-48.b.1.4,,48,192,2,0,True,False,-1,[],
48.192.2-48.b.1.5,,48,192,2,0,True,False,-1,[],
48.192.2-48.b.1.6,,48,192,2,0,True,False,-1,[],
48.192.2-48.b.1.7,,48,192,2,0,True,False,-1,[],
48.192.2-48.b.1.8,,48,192,2,0,True,False,-1,[],
48.192.2-48.b.1.9,,48,192,2,0,True,False,-1,[],
48.192.2-48.c.1.1,,48,192,2,0,True,False,-1,[],
48.192.2-48.c.1.10,,48,192,2,0,True,False,-1,[],
48.192.2-48.c.1.11,,48,192,2,0,True,False,-1,[],
48.192.2-48.c.1.12,,48,192,2,0,True,False,-1,[],
48.192.2-48.c.1.13,,48,192,2,0,True,False,-1,[],
48.192.2-48.c.1.14,,48,192,2,0,True,False,-1,[],
48.192.2-48.c.1.15,,48,192,2,0,True,False,-1,[],
48.192.2-48.c.1.16,,48,192,2,0,True,False,-1,[],
48.192.2-48.c.1.17,,48,192,2,0,True,False,-1,[],
48.192.2-48.c.1.18,,48,192,2,0,True,False,-1,[],
48.192.2-48.c.1.19,,48,192,2,0,True,False,-1,[],
48.192.2-48.c.1.2,,48,192,2,0,True,False,-1,[],
48.192.2-48.c.1.20,,48,192,2,0,True,False,-1,[],
48.192.2-48.c.1.21,,48,192,2,0,True,False,-1,[],
48.192.2-48.c.1.22,,48,192,2,0,True,False,-1,[],
48.192.2-48.c.1.23,,48,192,2,0,True,False,-1,[],
48.192.2-48.c.1.24,,48,192,2,0,True,False,-1,[],
48.192.2-48.c.1.25,,48,192,2,0,True,False,-1,[],
48.192.2-48.c.1.26,,48,192,2,0,True,False,-1,[],
48.192.2-48.c.1.27,,48,192,2,0,True,False,-1,[],
48.192.2-48.c.1.28,,48,192,2,0,True,False,-1,[],
48.192.2-48.c.1.29,,48,192,2,0,True,False,-1,[],
48.192.2-48.c.1.3,,48,192,2,0,True,False,-1,[],
48.192.2-48.c.1.30,,48,192,2,0,True,False,-1,[],
48.192.2-48.c.1.31,,48,192,2,0,True,False,-1,[],
48.192.2-48.c.1.32,,48,192,2,0,True,False,-1,[],
48.192.2-48.c.1.4,,48,192,2,0,True,False,-1,[],
48.192.2-48.c.1.5,,48,192,2,0,True,False,-1,[],
48.192.2-48.c.1.6,,48,192,2,0,True,False,-1,[],
48.192.2-48.c.1.7,,48,192,2,0,True,False,-1,[],
48.192.2-48.c.1.8,,48,192,2,0,True,False,-1,[],
48.192.2-48.c.1.9,,48,192,2,0,True,False,-1,[],
48.192.2-48.d.1.1,,48,192,2,0,True,False,-1,[],
48.192.2-48.d.1.10,,48,192,2,0,True,False,-1,[],
48.192.2-48.d.1.11,,48,192,2,0,True,False,-1,[],
48.192.2-48.d.1.12,,48,192,2,0,True,False,-1,[],
48.192.2-48.d.1.13,,48,192,2,0,True,False,-1,[],
48.192.2-48.d.1.14,,48,192,2,0,True,False,-1,[],
48.192.2-48.d.1.15,,48,192,2,0,True,False,-1,[],
48.192.2-48.d.1.16,,48,192,2,0,True,False,-1,[],
48.192.2-48.d.1.17,,48,192,2,0,True,False,-1,[],
48.192.2-48.d.1.18,,48,192,2,0,True,False,-1,[],
48.192.2-48.d.1.19,,48,192,2,0,True,False,-1,[],
48.192.2-48.d.1.2,,48,192,2,0,True,False,-1,[],
48.192.2-48.d.1.20,,48,192,2,0,True,False,-1,[],
48.192.2-48.d.1.21,,48,192,2,0,True,False,-1,[],
48.192.2-48.d.1.22,,48,192,2,0,True,False,-1,[],
48.192.2-48.d.1.23,,48,192,2,0,True,False,-1,[],
48.192.2-48.d.1.24,,48,192,2,0,True,False,-1,[],
48.192.2-48.d.1.25,,48,192,2,0,True,False,-1,[],
48.192.2-48.d.1.26,,48,192,2,0,True,False,-1,[],
48.192.2-48.d.1.27,,48,192,2,0,True,False,-1,[],
48.192.2-48.d.1.28,,48,192,2,0,True,False,-1,[],
48.192.2-48.d.1.29,,48,192,2,0,True,False,-1,[],
48.192.2-48.d.1.3,,48,192,2,0,True,False,-1,[],
48.192.2-48.d.1.30,,48,192,2,0,True,False,-1,[],
48.192.2-48.d.1.31,,48,192,2,0,True,False,-1,[],
48.192.2-48.d.1.32,,48,192,2,0,True,False,-1,[],
48.192.2-48.d.1.4,,48,192,2,0,True,False,-1,[],
48.192.2-48.d.1.5,,48,192,2,0,True,False,-1,[],
48.192.2-48.d.1.6,,48,192,2,0,True,False,-1,[],
48.192.2-48.d.1.7,,48,192,2,0,True,False,-1,[],
48.192.2-48.d.1.8,,48,192,2,0,True,False,-1,[],
48.192.2-48.d.1.9,,48,192,2,0,True,False,-1,[],
48.192.2-48.e.1.1,,48,192,2,0,True,False,-1,[],
48.192.2-48.e.1.10,,48,192,2,0,True,False,-1,[],
48.192.2-48.e.1.11,,48,192,2,0,True,False,-1,[],
48.192.2-48.e.1.12,,48,192,2,0,True,False,-1,[],
48.192.2-48.e.1.13,,48,192,2,0,True,False,-1,[],
48.192.2-48.e.1.14,,48,192,2,0,True,False,-1,[],
48.192.2-48.e.1.15,,48,192,2,0,True,False,-1,[],
48.192.2-48.e.1.16,,48,192,2,0,True,False,-1,[],
48.192.2-48.e.1.17,,48,192,2,0,True,False,-1,[],
48.192.2-48.e.1.18,,48,192,2,0,True,False,-1,[],
48.192.2-48.e.1.19,,48,192,2,0,True,False,-1,[],
48.192.2-48.e.1.2,,48,192,2,0,True,False,-1,[],
48.192.2-48.e.1.20,,48,192,2,0,True,False,-1,[],
48.192.2-48.e.1.21,,48,192,2,0,True,False,-1,[],
48.192.2-48.e.1.22,,48,192,2,0,True,False,-1,[],
48.192.2-48.e.1.23,,48,192,2,0,True,False,-1,[],
48.192.2-48.e.1.24,,48,192,2,0,True,False,-1,[],
48.192.2-48.e.1.25,,48,192,2,0,True,False,-1,[],
48.192.2-48.e.1.26,,48,192,2,0,True,False,-1,[],
48.192.2-48.e.1.27,,48,192,2,0,True,False,-1,[],
48.192.2-48.e.1.28,,48,192,2,0,True,False,-1,[],
48.192.2-48.e.1.29,,48,192,2,0,True,False,-1,[],
48.192.2-48.e.1.3,,48,192,2,0,True,False,-1,[],
48.192.2-48.e.1.30,,48,192,2,0,True,False,-1,[],
48.192.2-48.e.1.31,,48,192,2,0,True,False,-1,[],
48.192.2-48.e.1.32,,48,192,2,0,True,False,-1,[],
48.192.2-48.e.1.4,,48,192,2,0,True,False,-1,[],
48.192.2-48.e.1.5,,48,192,2,0,True,False,-1,[],
48.192.2-48.e.1.6,,48,192,2,0,True,False,-1,[],
48.192.2-48.e.1.7,,48,192,2,0,True,False,-1,[],
48.192.2-48.e.1.8,,48,192,2,0,True,False,-1,[],
48.192.2-48.e.1.9,,48,192,2,0,True,False,-1,[],
48.192.2-48.e.2.1,,48,192,2,0,True,False,-1,[],
48.192.2-48.e.2.10,,48,192,2,0,True,False,-1,[],
48.192.2-48.e.2.11,,48,192,2,0,True,False,-1,[],
48.192.2-48.e.2.12,,48,192,2,0,True,False,-1,[],
48.192.2-48.e.2.13,,48,192,2,0,True,False,-1,[],
48.192.2-48.e.2.14,,48,192,2,0,True,False,-1,[],
48.192.2-48.e.2.15,,48,192,2,0,True,False,-1,[],
48.192.2-48.e.2.16,,48,192,2,0,True,False,-1,[],
48.192.2-48.e.2.17,,48,192,2,0,True,False,-1,[],
48.192.2-48.e.2.18,,48,192,2,0,True,False,-1,[],
48.192.2-48.e.2.19,,48,192,2,0,True,False,-1,[],
48.192.2-48.e.2.2,,48,192,2,0,True,False,-1,[],
48.192.2-48.e.2.20,,48,192,2,0,True,False,-1,[],
48.192.2-48.e.2.21,,48,192,2,0,True,False,-1,[],
48.192.2-48.e.2.22,,48,192,2,0,True,False,-1,[],
48.192.2-48.e.2.23,,48,192,2,0,True,False,-1,[],
48.192.2-48.e.2.24,,48,192,2,0,True,False,-1,[],
48.192.2-48.e.2.25,,48,192,2,0,True,False,-1,[],
48.192.2-48.e.2.26,,48,192,2,0,True,False,-1,[],
48.192.2-48.e.2.27,,48,192,2,0,True,False,-1,[],
48.192.2-48.e.2.28,,48,192,2,0,True,False,-1,[],
48.192.2-48.e.2.29,,48,192,2,0,True,False,-1,[],
48.192.2-48.e.2.3,,48,192,2,0,True,False,-1,[],
48.192.2-48.e.2.30,,48,192,2,0,True,False,-1,[],
48.192.2-48.e.2.31,,48,192,2,0,True,False,-1,[],
48.192.2-48.e.2.32,,48,192,2,0,True,False,-1,[],
48.192.2-48.e.2.4,,48,192,2,0,True,False,-1,[],
48.192.2-48.e.2.5,,48,192,2,0,True,False,-1,[],
48.192.2-48.e.2.6,,48,192,2,0,True,False,-1,[],
48.192.2-48.e.2.7,,48,192,2,0,True,False,-1,[],
48.192.2-48.e.2.8,,48,192,2,0,True,False,-1,[],
48.192.2-48.e.2.9,,48,192,2,0,True,False,-1,[],
48.192.2-48.f.1.1,,48,192,2,0,True,False,-1,[],
48.192.2-48.f.1.10,,48,192,2,0,True,False,-1,[],
48.192.2-48.f.1.11,,48,192,2,0,True,False,-1,[],
48.192.2-48.f.1.12,,48,192,2,0,True,False,-1,[],
48.192.2-48.f.1.13,,48,192,2,0,True,False,-1,[],
48.192.2-48.f.1.14,,48,192,2,0,True,False,-1,[],
48.192.2-48.f.1.15,,48,192,2,0,True,False,-1,[],
48.192.2-48.f.1.16,,48,192,2,0,True,False,-1,[],
48.192.2-48.f.1.17,,48,192,2,0,True,False,-1,[],
48.192.2-48.f.1.18,,48,192,2,0,True,False,-1,[],
48.192.2-48.f.1.19,,48,192,2,0,True,False,-1,[],
48.192.2-48.f.1.2,,48,192,2,0,True,False,-1,[],
48.192.2-48.f.1.20,,48,192,2,0,True,False,-1,[],
48.192.2-48.f.1.21,,48,192,2,0,True,False,-1,[],
48.192.2-48.f.1.22,,48,192,2,0,True,False,-1,[],
48.192.2-48.f.1.23,,48,192,2,0,True,False,-1,[],
48.192.2-48.f.1.24,,48,192,2,0,True,False,-1,[],
48.192.2-48.f.1.25,,48,192,2,0,True,False,-1,[],
48.192.2-48.f.1.26,,48,192,2,0,True,False,-1,[],
48.192.2-48.f.1.27,,48,192,2,0,True,False,-1,[],
48.192.2-48.f.1.28,,48,192,2,0,True,False,-1,[],
48.192.2-48.f.1.29,,48,192,2,0,True,False,-1,[],
48.192.2-48.f.1.3,,48,192,2,0,True,False,-1,[],
48.192.2-48.f.1.30,,48,192,2,0,True,False,-1,[],
48.192.2-48.f.1.31,,48,192,2,0,True,False,-1,[],
48.192.2-48.f.1.32,,48,192,2,0,True,False,-1,[],
48.192.2-48.f.1.4,,48,192,2,0,True,False,-1,[],
48.192.2-48.f.1.5,,48,192,2,0,True,False,-1,[],
48.192.2-48.f.1.6,,48,192,2,0,True,False,-1,[],
48.192.2-48.f.1.7,,48,192,2,0,True,False,-1,[],
48.192.2-48.f.1.8,,48,192,2,0,True,False,-1,[],
48.192.2-48.f.1.9,,48,192,2,0,True,False,-1,[],
48.192.2-48.f.2.1,,48,192,2,0,True,False,-1,[],
48.192.2-48.f.2.10,,48,192,2,0,True,False,-1,[],
48.192.2-48.f.2.11,,48,192,2,0,True,False,-1,[],
48.192.2-48.f.2.12,,48,192,2,0,True,False,-1,[],
48.192.2-48.f.2.13,,48,192,2,0,True,False,-1,[],
48.192.2-48.f.2.14,,48,192,2,0,True,False,-1,[],
48.192.2-48.f.2.15,,48,192,2,0,True,False,-1,[],
48.192.2-48.f.2.16,,48,192,2,0,True,False,-1,[],
48.192.2-48.f.2.17,,48,192,2,0,True,False,-1,[],
48.192.2-48.f.2.18,,48,192,2,0,True,False,-1,[],
48.192.2-48.f.2.19,,48,192,2,0,True,False,-1,[],
48.192.2-48.f.2.2,,48,192,2,0,True,False,-1,[],
48.192.2-48.f.2.20,,48,192,2,0,True,False,-1,[],
48.192.2-48.f.2.21,,48,192,2,0,True,False,-1,[],
48.192.2-48.f.2.22,,48,192,2,0,True,False,-1,[],
48.192.2-48.f.2.23,,48,192,2,0,True,False,-1,[],
48.192.2-48.f.2.24,,48,192,2,0,True,False,-1,[],
48.192.2-48.f.2.25,,48,192,2,0,True,False,-1,[],
48.192.2-48.f.2.26,,48,192,2,0,True,False,-1,[],
48.192.2-48.f.2.27,,48,192,2,0,True,False,-1,[],
48.192.2-48.f.2.28,,48,192,2,0,True,False,-1,[],
48.192.2-48.f.2.29,,48,192,2,0,True,False,-1,[],
48.192.2-48.f.2.3,,48,192,2,0,True,False,-1,[],
48.192.2-48.f.2.30,,48,192,2,0,True,False,-1,[],
48.192.2-48.f.2.31,,48,192,2,0,True,False,-1,[],
48.192.2-48.f.2.32,,48,192,2,0,True,False,-1,[],
48.192.2-48.f.2.4,,48,192,2,0,True,False,-1,[],
48.192.2-48.f.2.5,,48,192,2,0,True,False,-1,[],
48.192.2-48.f.2.6,,48,192,2,0,True,False,-1,[],
48.192.2-48.f.2.7,,48,192,2,0,True,False,-1,[],
48.192.2-48.f.2.8,,48,192,2,0,True,False,-1,[],
48.192.2-48.f.2.9,,48,192,2,0,True,False,-1,[],
48.192.2-48.g.1.1,,48,192,2,0,True,False,-1,[],
48.192.2-48.g.1.10,,48,192,2,0,True,False,-1,[],
48.192.2-48.g.1.11,,48,192,2,0,True,False,-1,[],
48.192.2-48.g.1.12,,48,192,2,0,True,False,-1,[],
48.192.2-48.g.1.13,,48,192,2,0,True,False,-1,[],
48.192.2-48.g.1.14,,48,192,2,0,True,False,-1,[],
48.192.2-48.g.1.15,,48,192,2,0,True,False,-1,[],
48.192.2-48.g.1.16,,48,192,2,0,True,False,-1,[],
48.192.2-48.g.1.17,,48,192,2,0,True,False,-1,[],
48.192.2-48.g.1.18,,48,192,2,0,True,False,-1,[],
48.192.2-48.g.1.19,,48,192,2,0,True,False,-1,[],
48.192.2-48.g.1.2,,48,192,2,0,True,False,-1,[],
48.192.2-48.g.1.20,,48,192,2,0,True,False,-1,[],
48.192.2-48.g.1.21,,48,192,2,0,True,False,-1,[],
48.192.2-48.g.1.22,,48,192,2,0,True,False,-1,[],
48.192.2-48.g.1.23,,48,192,2,0,True,False,-1,[],
48.192.2-48.g.1.24,,48,192,2,0,True,False,-1,[],
48.192.2-48.g.1.25,,48,192,2,0,True,False,-1,[],
48.192.2-48.g.1.26,,48,192,2,0,True,False,-1,[],
48.192.2-48.g.1.27,,48,192,2,0,True,False,-1,[],
48.192.2-48.g.1.28,,48,192,2,0,True,False,-1,[],
48.192.2-48.g.1.29,,48,192,2,0,True,False,-1,[],
48.192.2-48.g.1.3,,48,192,2,0,True,False,-1,[],
48.192.2-48.g.1.30,,48,192,2,0,True,False,-1,[],
48.192.2-48.g.1.31,,48,192,2,0,True,False,-1,[],
48.192.2-48.g.1.32,,48,192,2,0,True,False,-1,[],
48.192.2-48.g.1.4,,48,192,2,0,True,False,-1,[],
48.192.2-48.g.1.5,,48,192,2,0,True,False,-1,[],
48.192.2-48.g.1.6,,48,192,2,0,True,False,-1,[],
48.192.2-48.g.1.7,,48,192,2,0,True,False,-1,[],
48.192.2-48.g.1.8,,48,192,2,0,True,False,-1,[],
48.192.2-48.g.1.9,,48,192,2,0,True,False,-1,[],
48.192.2-48.g.2.1,,48,192,2,0,True,False,-1,[],
48.192.2-48.g.2.10,,48,192,2,0,True,False,-1,[],
48.192.2-48.g.2.11,,48,192,2,0,True,False,-1,[],
48.192.2-48.g.2.12,,48,192,2,0,True,False,-1,[],
48.192.2-48.g.2.13,,48,192,2,0,True,False,-1,[],
48.192.2-48.g.2.14,,48,192,2,0,True,False,-1,[],
48.192.2-48.g.2.15,,48,192,2,0,True,False,-1,[],
48.192.2-48.g.2.16,,48,192,2,0,True,False,-1,[],
48.192.2-48.g.2.17,,48,192,2,0,True,False,-1,[],
48.192.2-48.g.2.18,,48,192,2,0,True,False,-1,[],
48.192.2-48.g.2.19,,48,192,2,0,True,False,-1,[],
48.192.2-48.g.2.2,,48,192,2,0,True,False,-1,[],
48.192.2-48.g.2.20,,48,192,2,0,True,False,-1,[],
48.192.2-48.g.2.21,,48,192,2,0,True,False,-1,[],
48.192.2-48.g.2.22,,48,192,2,0,True,False,-1,[],
48.192.2-48.g.2.23,,48,192,2,0,True,False,-1,[],
48.192.2-48.g.2.24,,48,192,2,0,True,False,-1,[],
48.192.2-48.g.2.25,,48,192,2,0,True,False,-1,[],
48.192.2-48.g.2.26,,48,192,2,0,True,False,-1,[],
48.192.2-48.g.2.27,,48,192,2,0,True,False,-1,[],
48.192.2-48.g.2.28,,48,192,2,0,True,False,-1,[],
48.192.2-48.g.2.29,,48,192,2,0,True,False,-1,[],
48.192.2-48.g.2.3,,48,192,2,0,True,False,-1,[],
48.192.2-48.g.2.30,,48,192,2,0,True,False,-1,[],
48.192.2-48.g.2.31,,48,192,2,0,True,False,-1,[],
48.192.2-48.g.2.32,,48,192,2,0,True,False,-1,[],
48.192.2-48.g.2.4,,48,192,2,0,True,False,-1,[],
48.192.2-48.g.2.5,,48,192,2,0,True,False,-1,[],
48.192.2-48.g.2.6,,48,192,2,0,True,False,-1,[],
48.192.2-48.g.2.7,,48,192,2,0,True,False,-1,[],
48.192.2-48.g.2.8,,48,192,2,0,True,False,-1,[],
48.192.2-48.g.2.9,,48,192,2,0,True,False,-1,[],
48.192.2-48.h.1.1,,48,192,2,0,True,False,-1,[],
48.192.2-48.h.1.10,,48,192,2,0,True,False,-1,[],
48.192.2-48.h.1.11,,48,192,2,0,True,False,-1,[],
48.192.2-48.h.1.12,,48,192,2,0,True,False,-1,[],
48.192.2-48.h.1.13,,48,192,2,0,True,False,-1,[],
48.192.2-48.h.1.14,,48,192,2,0,True,False,-1,[],
48.192.2-48.h.1.15,,48,192,2,0,True,False,-1,[],
48.192.2-48.h.1.16,,48,192,2,0,True,False,-1,[],
48.192.2-48.h.1.17,,48,192,2,0,True,False,-1,[],
48.192.2-48.h.1.18,,48,192,2,0,True,False,-1,[],
48.192.2-48.h.1.19,,48,192,2,0,True,False,-1,[],
48.192.2-48.h.1.2,,48,192,2,0,True,False,-1,[],
48.192.2-48.h.1.20,,48,192,2,0,True,False,-1,[],
48.192.2-48.h.1.21,,48,192,2,0,True,False,-1,[],
48.192.2-48.h.1.22,,48,192,2,0,True,False,-1,[],
48.192.2-48.h.1.23,,48,192,2,0,True,False,-1,[],
48.192.2-48.h.1.24,,48,192,2,0,True,False,-1,[],
48.192.2-48.h.1.25,,48,192,2,0,True,False,-1,[],
48.192.2-48.h.1.26,,48,192,2,0,True,False,-1,[],
48.192.2-48.h.1.27,,48,192,2,0,True,False,-1,[],
48.192.2-48.h.1.28,,48,192,2,0,True,False,-1,[],
48.192.2-48.h.1.29,,48,192,2,0,True,False,-1,[],
48.192.2-48.h.1.3,,48,192,2,0,True,False,-1,[],
48.192.2-48.h.1.30,,48,192,2,0,True,False,-1,[],
48.192.2-48.h.1.31,,48,192,2,0,True,False,-1,[],
48.192.2-48.h.1.32,,48,192,2,0,True,False,-1,[],
48.192.2-48.h.1.4,,48,192,2,0,True,False,-1,[],
48.192.2-48.h.1.5,,48,192,2,0,True,False,-1,[],
48.192.2-48.h.1.6,,48,192,2,0,True,False,-1,[],
48.192.2-48.h.1.7,,48,192,2,0,True,False,-1,[],
48.192.2-48.h.1.8,,48,192,2,0,True,False,-1,[],
48.192.2-48.h.1.9,,48,192,2,0,True,False,-1,[],
48.192.2-48.h.2.1,,48,192,2,0,True,False,-1,[],
48.192.2-48.h.2.10,,48,192,2,0,True,False,-1,[],
48.192.2-48.h.2.11,,48,192,2,0,True,False,-1,[],
48.192.2-48.h.2.12,,48,192,2,0,True,False,-1,[],
48.192.2-48.h.2.13,,48,192,2,0,True,False,-1,[],
48.192.2-48.h.2.14,,48,192,2,0,True,False,-1,[],
48.192.2-48.h.2.15,,48,192,2,0,True,False,-1,[],
48.192.2-48.h.2.16,,48,192,2,0,True,False,-1,[],
48.192.2-48.h.2.17,,48,192,2,0,True,False,-1,[],
48.192.2-48.h.2.18,,48,192,2,0,True,False,-1,[],
48.192.2-48.h.2.19,,48,192,2,0,True,False,-1,[],
48.192.2-48.h.2.2,,48,192,2,0,True,False,-1,[],
48.192.2-48.h.2.20,,48,192,2,0,True,False,-1,[],
48.192.2-48.h.2.21,,48,192,2,0,True,False,-1,[],
48.192.2-48.h.2.22,,48,192,2,0,True,False,-1,[],
48.192.2-48.h.2.23,,48,192,2,0,True,False,-1,[],
48.192.2-48.h.2.24,,48,192,2,0,True,False,-1,[],
48.192.2-48.h.2.25,,48,192,2,0,True,False,-1,[],
48.192.2-48.h.2.26,,48,192,2,0,True,False,-1,[],
48.192.2-48.h.2.27,,48,192,2,0,True,False,-1,[],
48.192.2-48.h.2.28,,48,192,2,0,True,False,-1,[],
48.192.2-48.h.2.29,,48,192,2,0,True,False,-1,[],
48.192.2-48.h.2.3,,48,192,2,0,True,False,-1,[],
48.192.2-48.h.2.30,,48,192,2,0,True,False,-1,[],
48.192.2-48.h.2.31,,48,192,2,0,True,False,-1,[],
48.192.2-48.h.2.32,,48,192,2,0,True,False,-1,[],
48.192.2-48.h.2.4,,48,192,2,0,True,False,-1,[],
48.192.2-48.h.2.5,,48,192,2,0,True,False,-1,[],
48.192.2-48.h.2.6,,48,192,2,0,True,False,-1,[],
48.192.2-48.h.2.7,,48,192,2,0,True,False,-1,[],
48.192.2-48.h.2.8,,48,192,2,0,True,False,-1,[],
48.192.2-48.h.2.9,,48,192,2,0,True,False,-1,[],
48.192.2-48.i.1.1,,48,192,2,0,True,False,-1,[],
48.192.2-48.i.1.10,,48,192,2,0,True,False,-1,[],
48.192.2-48.i.1.11,,48,192,2,0,True,False,-1,[],
48.192.2-48.i.1.12,,48,192,2,0,True,False,-1,[],
48.192.2-48.i.1.13,,48,192,2,0,True,False,-1,[],
48.192.2-48.i.1.14,,48,192,2,0,True,False,-1,[],
48.192.2-48.i.1.15,,48,192,2,0,True,False,-1,[],
48.192.2-48.i.1.16,,48,192,2,0,True,False,-1,[],
48.192.2-48.i.1.2,,48,192,2,0,True,False,-1,[],
48.192.2-48.i.1.3,,48,192,2,0,True,False,-1,[],
48.192.2-48.i.1.4,,48,192,2,0,True,False,-1,[],
48.192.2-48.i.1.5,,48,192,2,0,True,False,-1,[],
48.192.2-48.i.1.6,,48,192,2,0,True,False,-1,[],
48.192.2-48.i.1.7,,48,192,2,0,True,False,-1,[],
48.192.2-48.i.1.8,,48,192,2,0,True,False,-1,[],
48.192.2-48.i.1.9,,48,192,2,0,True,False,-1,[],
48.192.2-48.i.2.1,,48,192,2,0,True,False,-1,[],
48.192.2-48.i.2.10,,48,192,2,0,True,False,-1,[],
48.192.2-48.i.2.11,,48,192,2,0,True,False,-1,[],
48.192.2-48.i.2.12,,48,192,2,0,True,False,-1,[],
48.192.2-48.i.2.13,,48,192,2,0,True,False,-1,[],
48.192.2-48.i.2.14,,48,192,2,0,True,False,-1,[],
48.192.2-48.i.2.15,,48,192,2,0,True,False,-1,[],
48.192.2-48.i.2.16,,48,192,2,0,True,False,-1,[],
48.192.2-48.i.2.2,,48,192,2,0,True,False,-1,[],
48.192.2-48.i.2.3,,48,192,2,0,True,False,-1,[],
48.192.2-48.i.2.4,,48,192,2,0,True,False,-1,[],
48.192.2-48.i.2.5,,48,192,2,0,True,False,-1,[],
48.192.2-48.i.2.6,,48,192,2,0,True,False,-1,[],
48.192.2-48.i.2.7,,48,192,2,0,True,False,-1,[],
48.192.2-48.i.2.8,,48,192,2,0,True,False,-1,[],
48.192.2-48.i.2.9,,48,192,2,0,True,False,-1,[],
48.192.2-48.j.1.1,,48,192,2,0,True,False,-1,[],
48.192.2-48.j.1.10,,48,192,2,0,True,False,-1,[],
48.192.2-48.j.1.11,,48,192,2,0,True,False,-1,[],
48.192.2-48.j.1.12,,48,192,2,0,True,False,-1,[],
48.192.2-48.j.1.13,,48,192,2,0,True,False,-1,[],
48.192.2-48.j.1.14,,48,192,2,0,True,False,-1,[],
48.192.2-48.j.1.15,,48,192,2,0,True,False,-1,[],
48.192.2-48.j.1.16,,48,192,2,0,True,False,-1,[],
48.192.2-48.j.1.2,,48,192,2,0,True,False,-1,[],
48.192.2-48.j.1.3,,48,192,2,0,True,False,-1,[],
48.192.2-48.j.1.4,,48,192,2,0,True,False,-1,[],
48.192.2-48.j.1.5,,48,192,2,0,True,False,-1,[],
48.192.2-48.j.1.6,,48,192,2,0,True,False,-1,[],
48.192.2-48.j.1.7,,48,192,2,0,True,False,-1,[],
48.192.2-48.j.1.8,,48,192,2,0,True,False,-1,[],
48.192.2-48.j.1.9,,48,192,2,0,True,False,-1,[],
48.192.2-48.j.2.1,,48,192,2,0,True,False,-1,[],
48.192.2-48.j.2.10,,48,192,2,0,True,False,-1,[],
48.192.2-48.j.2.11,,48,192,2,0,True,False,-1,[],
48.192.2-48.j.2.12,,48,192,2,0,True,False,-1,[],
48.192.2-48.j.2.13,,48,192,2,0,True,False,-1,[],
48.192.2-48.j.2.14,,48,192,2,0,True,False,-1,[],
48.192.2-48.j.2.15,,48,192,2,0,True,False,-1,[],
48.192.2-48.j.2.16,,48,192,2,0,True,False,-1,[],
48.192.2-48.j.2.2,,48,192,2,0,True,False,-1,[],
48.192.2-48.j.2.3,,48,192,2,0,True,False,-1,[],
48.192.2-48.j.2.4,,48,192,2,0,True,False,-1,[],
48.192.2-48.j.2.5,,48,192,2,0,True,False,-1,[],
48.192.2-48.j.2.6,,48,192,2,0,True,False,-1,[],
48.192.2-48.j.2.7,,48,192,2,0,True,False,-1,[],
48.192.2-48.j.2.8,,48,192,2,0,True,False,-1,[],
48.192.2-48.j.2.9,,48,192,2,0,True,False,-1,[],
48.192.2-48.k.1.1,,48,192,2,0,True,False,-1,[],
48.192.2-48.k.1.10,,48,192,2,0,True,False,-1,[],
48.192.2-48.k.1.11,,48,192,2,0,True,False,-1,[],
48.192.2-48.k.1.12,,48,192,2,0,True,False,-1,[],
48.192.2-48.k.1.13,,48,192,2,0,True,False,-1,[],
48.192.2-48.k.1.14,,48,192,2,0,True,False,-1,[],
48.192.2-48.k.1.15,,48,192,2,0,True,False,-1,[],
48.192.2-48.k.1.16,,48,192,2,0,True,False,-1,[],
48.192.2-48.k.1.2,,48,192,2,0,True,False,-1,[],
48.192.2-48.k.1.3,,48,192,2,0,True,False,-1,[],
48.192.2-48.k.1.4,,48,192,2,0,True,False,-1,[],
48.192.2-48.k.1.5,,48,192,2,0,True,False,-1,[],
48.192.2-48.k.1.6,,48,192,2,0,True,False,-1,[],
48.192.2-48.k.1.7,,48,192,2,0,True,False,-1,[],
48.192.2-48.k.1.8,,48,192,2,0,True,False,-1,[],
48.192.2-48.k.1.9,,48,192,2,0,True,False,-1,[],
48.192.2-48.k.2.1,,48,192,2,0,True,False,-1,[],
48.192.2-48.k.2.10,,48,192,2,0,True,False,-1,[],
48.192.2-48.k.2.11,,48,192,2,0,True,False,-1,[],
48.192.2-48.k.2.12,,48,192,2,0,True,False,-1,[],
48.192.2-48.k.2.13,,48,192,2,0,True,False,-1,[],
48.192.2-48.k.2.14,,48,192,2,0,True,False,-1,[],
48.192.2-48.k.2.15,,48,192,2,0,True,False,-1,[],
48.192.2-48.k.2.16,,48,192,2,0,True,False,-1,[],
48.192.2-48.k.2.2,,48,192,2,0,True,False,-1,[],
48.192.2-48.k.2.3,,48,192,2,0,True,False,-1,[],
48.192.2-48.k.2.4,,48,192,2,0,True,False,-1,[],
48.192.2-48.k.2.5,,48,192,2,0,True,False,-1,[],
48.192.2-48.k.2.6,,48,192,2,0,True,False,-1,[],
48.192.2-48.k.2.7,,48,192,2,0,True,False,-1,[],
48.192.2-48.k.2.8,,48,192,2,0,True,False,-1,[],
48.192.2-48.k.2.9,,48,192,2,0,True,False,-1,[],
48.192.2-48.l.1.1,,48,192,2,0,True,False,-1,[],
48.192.2-48.l.1.10,,48,192,2,0,True,False,-1,[],
48.192.2-48.l.1.11,,48,192,2,0,True,False,-1,[],
48.192.2-48.l.1.12,,48,192,2,0,True,False,-1,[],
48.192.2-48.l.1.13,,48,192,2,0,True,False,-1,[],
48.192.2-48.l.1.14,,48,192,2,0,True,False,-1,[],
48.192.2-48.l.1.15,,48,192,2,0,True,False,-1,[],
48.192.2-48.l.1.16,,48,192,2,0,True,False,-1,[],
48.192.2-48.l.1.2,,48,192,2,0,True,False,-1,[],
48.192.2-48.l.1.3,,48,192,2,0,True,False,-1,[],
48.192.2-48.l.1.4,,48,192,2,0,True,False,-1,[],
48.192.2-48.l.1.5,,48,192,2,0,True,False,-1,[],
48.192.2-48.l.1.6,,48,192,2,0,True,False,-1,[],
48.192.2-48.l.1.7,,48,192,2,0,True,False,-1,[],
48.192.2-48.l.1.8,,48,192,2,0,True,False,-1,[],
48.192.2-48.l.1.9,,48,192,2,0,True,False,-1,[],
48.192.2-48.l.2.1,,48,192,2,0,True,False,-1,[],
48.192.2-48.l.2.10,,48,192,2,0,True,False,-1,[],
48.192.2-48.l.2.11,,48,192,2,0,True,False,-1,[],
48.192.2-48.l.2.12,,48,192,2,0,True,False,-1,[],
48.192.2-48.l.2.13,,48,192,2,0,True,False,-1,[],
48.192.2-48.l.2.14,,48,192,2,0,True,False,-1,[],
48.192.2-48.l.2.15,,48,192,2,0,True,False,-1,[],
48.192.2-48.l.2.16,,48,192,2,0,True,False,-1,[],
48.192.2-48.l.2.2,,48,192,2,0,True,False,-1,[],
48.192.2-48.l.2.3,,48,192,2,0,True,False,-1,[],
48.192.2-48.l.2.4,,48,192,2,0,True,False,-1,[],
48.192.2-48.l.2.5,,48,192,2,0,True,False,-1,[],
48.192.2-48.l.2.6,,48,192,2,0,True,False,-1,[],
48.192.2-48.l.2.7,,48,192,2,0,True,False,-1,[],
48.192.2-48.l.2.8,,48,192,2,0,True,False,-1,[],
48.192.2-48.l.2.9,,48,192,2,0,True,False,-1,[],
48.24.2.a.1,,48,24,2,0,False,False,-1,[],
48.24.2.b.1,,48,24,2,0,False,False,-1,[],
48.24.2.c.1,,48,24,2,0,False,False,-1,[],
48.24.2.e.1,,48,24,2,0,True,False,-1,[],
48.24.2.e.2,,48,24,2,0,True,False,-1,[],
48.48.2-16.c.1.1,,48,48,2,0,False,False,-1,[],
48.48.2-16.c.1.2,,48,48,2,0,False,False,-1,[],
48.48.2-16.c.1.3,,48,48,2,0,False,False,-1,[],
48.48.2-16.c.1.4,,48,48,2,0,False,False,-1,[],
48.48.2-16.c.1.5,,48,48,2,0,False,False,-1,[],
48.48.2-16.c.1.6,,48,48,2,0,False,False,-1,[],
48.48.2-16.c.1.7,,48,48,2,0,False,False,-1,[],
48.48.2-16.c.1.8,,48,48,2,0,False,False,-1,[],
48.48.2-16.d.1.1,,48,48,2,0,False,False,-1,[],
48.48.2-16.d.1.2,,48,48,2,0,False,False,-1,[],
48.48.2-16.d.1.3,,48,48,2,0,False,False,-1,[],
48.48.2-16.d.1.4,,48,48,2,0,False,False,-1,[],
48.48.2-16.d.1.5,,48,48,2,0,False,False,-1,[],
48.48.2-16.d.1.6,,48,48,2,0,False,False,-1,[],
48.48.2-16.d.1.7,,48,48,2,0,False,False,-1,[],
48.48.2-16.d.1.8,,48,48,2,0,False,False,-1,[],
48.48.2-16.e.1.1,,48,48,2,0,False,False,-1,[],
48.48.2-16.e.1.2,,48,48,2,0,False,False,-1,[],
48.48.2-16.e.1.3,,48,48,2,0,False,False,-1,[],
48.48.2-16.e.1.4,,48,48,2,0,False,False,-1,[],
48.48.2-16.e.1.5,,48,48,2,0,False,False,-1,[],
48.48.2-16.e.1.6,,48,48,2,0,False,False,-1,[],
48.48.2-16.e.1.7,,48,48,2,0,False,False,-1,[],
48.48.2-16.e.1.8,,48,48,2,0,False,False,-1,[],
48.48.2-48.a.1.1,,48,48,2,0,False,False,-1,[],
48.48.2-48.a.1.10,,48,48,2,0,False,False,-1,[],
48.48.2-48.a.1.11,,48,48,2,0,False,False,-1,[],
48.48.2-48.a.1.12,,48,48,2,0,False,False,-1,[],
48.48.2-48.a.1.13,,48,48,2,0,False,False,-1,[],
48.48.2-48.a.1.14,,48,48,2,0,False,False,-1,[],
48.48.2-48.a.1.15,,48,48,2,0,False,False,-1,[],
48.48.2-48.a.1.16,,48,48,2,0,False,False,-1,[],
48.48.2-48.a.1.2,,48,48,2,0,False,False,-1,[],
48.48.2-48.a.1.3,,48,48,2,0,False,False,-1,[],
48.48.2-48.a.1.4,,48,48,2,0,False,False,-1,[],
48.48.2-48.a.1.5,,48,48,2,0,False,False,-1,[],
48.48.2-48.a.1.6,,48,48,2,0,False,False,-1,[],
48.48.2-48.a.1.7,,48,48,2,0,False,False,-1,[],
48.48.2-48.a.1.8,,48,48,2,0,False,False,-1,[],
48.48.2-48.a.1.9,,48,48,2,0,False,False,-1,[],
48.48.2-48.b.1.1,,48,48,2,0,False,False,-1,[],
48.48.2-48.b.1.10,,48,48,2,0,False,False,-1,[],
48.48.2-48.b.1.11,,48,48,2,0,False,False,-1,[],
48.48.2-48.b.1.12,,48,48,2,0,False,False,-1,[],
48.48.2-48.b.1.13,,48,48,2,0,False,False,-1,[],
48.48.2-48.b.1.14,,48,48,2,0,False,False,-1,[],
48.48.2-48.b.1.15,,48,48,2,0,False,False,-1,[],
48.48.2-48.b.1.16,,48,48,2,0,False,False,-1,[],
48.48.2-48.b.1.2,,48,48,2,0,False,False,-1,[],
48.48.2-48.b.1.3,,48,48,2,0,False,False,-1,[],
48.48.2-48.b.1.4,,48,48,2,0,False,False,-1,[],
48.48.2-48.b.1.5,,48,48,2,0,False,False,-1,[],
48.48.2-48.b.1.6,,48,48,2,0,False,False,-1,[],
48.48.2-48.b.1.7,,48,48,2,0,False,False,-1,[],
48.48.2-48.b.1.8,,48,48,2,0,False,False,-1,[],
48.48.2-48.b.1.9,,48,48,2,0,False,False,-1,[],
48.48.2-48.c.1.1,,48,48,2,0,False,False,-1,[],
48.48.2-48.c.1.10,,48,48,2,0,False,False,-1,[],
48.48.2-48.c.1.11,,48,48,2,0,False,False,-1,[],
48.48.2-48.c.1.12,,48,48,2,0,False,False,-1,[],
48.48.2-48.c.1.13,,48,48,2,0,False,False,-1,[],
48.48.2-48.c.1.14,,48,48,2,0,False,False,-1,[],
48.48.2-48.c.1.15,,48,48,2,0,False,False,-1,[],
48.48.2-48.c.1.16,,48,48,2,0,False,False,-1,[],
48.48.2-48.c.1.2,,48,48,2,0,False,False,-1,[],
48.48.2-48.c.1.3,,48,48,2,0,False,False,-1,[],
48.48.2-48.c.1.4,,48,48,2,0,False,False,-1,[],
48.48.2-48.c.1.5,,48,48,2,0,False,False,-1,[],
48.48.2-48.c.1.6,,48,48,2,0,False,False,-1,[],
48.48.2-48.c.1.7,,48,48,2,0,False,False,-1,[],
48.48.2-48.c.1.8,,48,48,2,0,False,False,-1,[],
48.48.2-48.c.1.9,,48,48,2,0,False,False,-1,[],
48.48.2.bi.1,,48,48,2,0,False,,0,[],
48.48.2.bk.1,,48,48,2,0,False,,0,[],
48.48.2.bm.1,,48,48,2,0,False,,0,[],
48.48.2.bo.1,,48,48,2,0,False,,0,[],
48.48.2.bp.1,,48,48,2,0,False,False,-1,[],
48.48.2.br.1,,48,48,2,0,False,False,-1,[],
48.48.2.bs.1,,48,48,2,0,False,,0,[],
48.48.2.bt.1,,48,48,2,0,False,,0,[],
48.48.2.bu.1,,48,48,2,0,False,,0,[],
48.48.2.cq.1,,48,48,2,0,False,,0,[],
48.48.2.cr.1,,48,48,2,0,False,,0,[],
48.48.2.ct.1,,48,48,2,0,False,,0,[],
48.48.2.d.1,,48,48,2,0,True,False,-1,[],
48.48.2.d.2,,48,48,2,0,True,False,-1,[],
48.48.2.dc.1,,48,48,2,0,False,False,-1,[],
48.48.2.df.1,,48,48,2,0,False,,0,[],
48.48.2.dh.1,,48,48,2,0,False,,0,[],
48.48.2.di.1,,48,48,2,0,False,,0,[],
48.48.2.ea.1,,48,48,2,0,False,,0,[],
48.48.2.ef.1,,48,48,2,0,False,,0,[],
48.48.2.en.1,,48,48,2,0,False,,0,[],
48.48.2.eo.1,,48,48,2,0,False,,0,[],
48.48.2.ep.1,,48,48,2,0,False,False,-1,[],
48.48.2.ey.1,,48,48,2,0,False,False,-1,[],
48.48.2.h.1,,48,48,2,0,True,False,-1,[],
48.48.2.q.1,,48,48,2,0,False,False,-1,[],
48.48.2.s.1,,48,48,2,0,False,False,-1,[],
48.48.2.w.1,,48,48,2,0,False,,0,[],
48.72.2-24.cj.1.1,,48,72,2,0,False,False,-1,[],
48.72.2-24.cj.1.10,,48,72,2,0,False,False,-1,[],
48.72.2-24.cj.1.11,,48,72,2,0,False,False,-1,[],
48.72.2-24.cj.1.12,,48,72,2,0,False,False,-1,[],
48.72.2-24.cj.1.13,,48,72,2,0,False,False,-1,[],
48.72.2-24.cj.1.14,,48,72,2,0,False,False,-1,[],
48.72.2-24.cj.1.15,,48,72,2,0,False,False,-1,[],
48.72.2-24.cj.1.16,,48,72,2,0,False,False,-1,[],
48.72.2-24.cj.1.17,,48,72,2,0,False,False,-1,[],
48.72.2-24.cj.1.18,,48,72,2,0,False,False,-1,[],
48.72.2-24.cj.1.19,,48,72,2,0,False,False,-1,[],
48.72.2-24.cj.1.2,,48,72,2,0,False,False,-1,[],
48.72.2-24.cj.1.20,,48,72,2,0,False,False,-1,[],
48.72.2-24.cj.1.21,,48,72,2,0,False,False,-1,[],
48.72.2-24.cj.1.22,,48,72,2,0,False,False,-1,[],
48.72.2-24.cj.1.23,,48,72,2,0,False,False,-1,[],
48.72.2-24.cj.1.24,,48,72,2,0,False,False,-1,[],
48.72.2-24.cj.1.25,,48,72,2,0,False,False,-1,[],
48.72.2-24.cj.1.26,,48,72,2,0,False,False,-1,[],
48.72.2-24.cj.1.27,,48,72,2,0,False,False,-1,[],
48.72.2-24.cj.1.28,,48,72,2,0,False,False,-1,[],
48.72.2-24.cj.1.29,,48,72,2,0,False,False,-1,[],
48.72.2-24.cj.1.3,,48,72,2,0,False,False,-1,[],
48.72.2-24.cj.1.30,,48,72,2,0,False,False,-1,[],
48.72.2-24.cj.1.31,,48,72,2,0,False,False,-1,[],
48.72.2-24.cj.1.32,,48,72,2,0,False,False,-1,[],
48.72.2-24.cj.1.4,,48,72,2,0,False,False,-1,[],
48.72.2-24.cj.1.5,,48,72,2,0,False,False,-1,[],
48.72.2-24.cj.1.6,,48,72,2,0,False,False,-1,[],
48.72.2-24.cj.1.7,,48,72,2,0,False,False,-1,[],
48.72.2-24.cj.1.8,,48,72,2,0,False,False,-1,[],
48.72.2-24.cj.1.9,,48,72,2,0,False,False,-1,[],
48.72.2-24.cw.1.1,,48,72,2,0,False,False,-1,[],
48.72.2-24.cw.1.10,,48,72,2,0,False,False,-1,[],
48.72.2-24.cw.1.11,,48,72,2,0,False,False,-1,[],
48.72.2-24.cw.1.12,,48,72,2,0,False,False,-1,[],
48.72.2-24.cw.1.13,,48,72,2,0,False,False,-1,[],
48.72.2-24.cw.1.14,,48,72,2,0,False,False,-1,[],
48.72.2-24.cw.1.15,,48,72,2,0,False,False,-1,[],
48.72.2-24.cw.1.16,,48,72,2,0,False,False,-1,[],
48.72.2-24.cw.1.2,,48,72,2,0,False,False,-1,[],
48.72.2-24.cw.1.3,,48,72,2,0,False,False,-1,[],
48.72.2-24.cw.1.4,,48,72,2,0,False,False,-1,[],
48.72.2-24.cw.1.5,,48,72,2,0,False,False,-1,[],
48.72.2-24.cw.1.6,,48,72,2,0,False,False,-1,[],
48.72.2-24.cw.1.7,,48,72,2,0,False,False,-1,[],
48.72.2-24.cw.1.8,,48,72,2,0,False,False,-1,[],
48.72.2-24.cw.1.9,,48,72,2,0,False,False,-1,[],
48.72.2.a.1,,48,72,2,0,True,False,-1,[],
48.72.2.a.2,,48,72,2,0,True,False,-1,[],
48.72.2.b.1,,48,72,2,0,True,False,-1,[],
48.72.2.b.2,,48,72,2,0,True,False,-1,[],
48.72.2.c.1,,48,72,2,0,True,False,-1,[],
48.72.2.c.2,,48,72,2,0,True,False,-1,[],
48.96.2-16.bb.1.1,,48,96,2,0,False,False,-1,[],
48.96.2-16.bb.1.2,,48,96,2,0,False,False,-1,[],
48.96.2-16.bb.1.3,,48,96,2,0,False,False,-1,[],
48.96.2-16.bb.1.4,,48,96,2,0,False,False,-1,[],
48.96.2-16.bh.1.1,,48,96,2,0,False,False,-1,[],
48.96.2-16.bh.1.2,,48,96,2,0,False,False,-1,[],
48.96.2-16.bh.1.3,,48,96,2,0,False,False,-1,[],
48.96.2-16.bh.1.4,,48,96,2,0,False,False,-1,[],
48.96.2-16.d.1.1,,48,96,2,0,True,False,-1,[],
48.96.2-16.d.1.10,,48,96,2,0,True,False,-1,[],
48.96.2-16.d.1.11,,48,96,2,0,True,False,-1,[],
48.96.2-16.d.1.12,,48,96,2,0,True,False,-1,[],
48.96.2-16.d.1.2,,48,96,2,0,True,False,-1,[],
48.96.2-16.d.1.3,,48,96,2,0,True,False,-1,[],
48.96.2-16.d.1.4,,48,96,2,0,True,False,-1,[],
48.96.2-16.d.1.5,,48,96,2,0,True,False,-1,[],
48.96.2-16.d.1.6,,48,96,2,0,True,False,-1,[],
48.96.2-16.d.1.7,,48,96,2,0,True,False,-1,[],
48.96.2-16.d.1.8,,48,96,2,0,True,False,-1,[],
48.96.2-16.d.1.9,,48,96,2,0,True,False,-1,[],
48.96.2-16.d.2.1,,48,96,2,0,True,False,-1,[],
48.96.2-16.d.2.10,,48,96,2,0,True,False,-1,[],
48.96.2-16.d.2.11,,48,96,2,0,True,False,-1,[],
48.96.2-16.d.2.12,,48,96,2,0,True,False,-1,[],
48.96.2-16.d.2.2,,48,96,2,0,True,False,-1,[],
48.96.2-16.d.2.3,,48,96,2,0,True,False,-1,[],
48.96.2-16.d.2.4,,48,96,2,0,True,False,-1,[],
48.96.2-16.d.2.5,,48,96,2,0,True,False,-1,[],
48.96.2-16.d.2.6,,48,96,2,0,True,False,-1,[],
48.96.2-16.d.2.7,,48,96,2,0,True,False,-1,[],
48.96.2-16.d.2.8,,48,96,2,0,True,False,-1,[],
48.96.2-16.d.2.9,,48,96,2,0,True,False,-1,[],
48.96.2-16.k.1.1,,48,96,2,0,True,False,-1,[],
48.96.2-16.k.1.10,,48,96,2,0,True,False,-1,[],
48.96.2-16.k.1.11,,48,96,2,0,True,False,-1,[],
48.96.2-16.k.1.12,,48,96,2,0,True,False,-1,[],
48.96.2-16.k.1.2,,48,96,2,0,True,False,-1,[],
48.96.2-16.k.1.3,,48,96,2,0,True,False,-1,[],
48.96.2-16.k.1.4,,48,96,2,0,True,False,-1,[],
48.96.2-16.k.1.5,,48,96,2,0,True,False,-1,[],
48.96.2-16.k.1.6,,48,96,2,0,True,False,-1,[],
48.96.2-16.k.1.7,,48,96,2,0,True,False,-1,[],
48.96.2-16.k.1.8,,48,96,2,0,True,False,-1,[],
48.96.2-16.k.1.9,,48,96,2,0,True,False,-1,[],
48.96.2-16.r.1.1,,48,96,2,0,False,False,-1,[],
48.96.2-16.r.1.2,,48,96,2,0,False,False,-1,[],
48.96.2-16.r.1.3,,48,96,2,0,False,False,-1,[],
48.96.2-16.r.1.4,,48,96,2,0,False,False,-1,[],
48.96.2-16.s.1.1,,48,96,2,0,False,False,-1,[],
48.96.2-16.s.1.2,,48,96,2,0,False,False,-1,[],
48.96.2-16.s.1.3,,48,96,2,0,False,False,-1,[],
48.96.2-16.s.1.4,,48,96,2,0,False,False,-1,[],
48.96.2-16.t.1.1,,48,96,2,0,False,False,-1,[],
48.96.2-16.t.1.2,,48,96,2,0,False,False,-1,[],
48.96.2-16.t.1.3,,48,96,2,0,False,False,-1,[],
48.96.2-16.t.1.4,,48,96,2,0,False,False,-1,[],
48.96.2-16.z.1.1,,48,96,2,0,False,False,-1,[],
48.96.2-16.z.1.2,,48,96,2,0,False,False,-1,[],
48.96.2-16.z.1.3,,48,96,2,0,False,False,-1,[],
48.96.2-16.z.1.4,,48,96,2,0,False,False,-1,[],
48.96.2-24.l.1.1,,48,96,2,0,False,False,-1,[],
48.96.2-24.l.1.10,,48,96,2,0,False,False,-1,[],
48.96.2-24.l.1.11,,48,96,2,0,False,False,-1,[],
48.96.2-24.l.1.12,,48,96,2,0,False,False,-1,[],
48.96.2-24.l.1.13,,48,96,2,0,False,False,-1,[],
48.96.2-24.l.1.14,,48,96,2,0,False,False,-1,[],
48.96.2-24.l.1.15,,48,96,2,0,False,False,-1,[],
48.96.2-24.l.1.16,,48,96,2,0,False,False,-1,[],
48.96.2-24.l.1.2,,48,96,2,0,False,False,-1,[],
48.96.2-24.l.1.3,,48,96,2,0,False,False,-1,[],
48.96.2-24.l.1.4,,48,96,2,0,False,False,-1,[],
48.96.2-24.l.1.5,,48,96,2,0,False,False,-1,[],
48.96.2-24.l.1.6,,48,96,2,0,False,False,-1,[],
48.96.2-24.l.1.7,,48,96,2,0,False,False,-1,[],
48.96.2-24.l.1.8,,48,96,2,0,False,False,-1,[],
48.96.2-24.l.1.9,,48,96,2,0,False,False,-1,[],
48.96.2-24.s.1.1,,48,96,2,0,False,False,-1,[],
48.96.2-24.s.1.10,,48,96,2,0,False,False,-1,[],
48.96.2-24.s.1.11,,48,96,2,0,False,False,-1,[],
48.96.2-24.s.1.12,,48,96,2,0,False,False,-1,[],
48.96.2-24.s.1.13,,48,96,2,0,False,False,-1,[],
48.96.2-24.s.1.14,,48,96,2,0,False,False,-1,[],
48.96.2-24.s.1.15,,48,96,2,0,False,False,-1,[],
48.96.2-24.s.1.16,,48,96,2,0,False,False,-1,[],
48.96.2-24.s.1.2,,48,96,2,0,False,False,-1,[],
48.96.2-24.s.1.3,,48,96,2,0,False,False,-1,[],
48.96.2-24.s.1.4,,48,96,2,0,False,False,-1,[],
48.96.2-24.s.1.5,,48,96,2,0,False,False,-1,[],
48.96.2-24.s.1.6,,48,96,2,0,False,False,-1,[],
48.96.2-24.s.1.7,,48,96,2,0,False,False,-1,[],
48.96.2-24.s.1.8,,48,96,2,0,False,False,-1,[],
48.96.2-24.s.1.9,,48,96,2,0,False,False,-1,[],
48.96.2-48.bi.1.1,,48,96,2,0,False,,0,[],
48.96.2-48.bi.1.2,,48,96,2,0,False,,0,[],
48.96.2-48.bi.1.3,,48,96,2,0,False,,0,[],
48.96.2-48.bi.1.4,,48,96,2,0,False,,0,[],
48.96.2-48.bi.1.5,,48,96,2,0,False,,0,[],
48.96.2-48.bi.1.6,,48,96,2,0,False,,0,[],
48.96.2-48.bi.1.7,,48,96,2,0,False,,0,[],
48.96.2-48.bi.1.8,,48,96,2,0,False,,0,[],
48.96.2-48.bo.1.1,,48,96,2,0,False,,0,[],
48.96.2-48.bo.1.2,,48,96,2,0,False,,0,[],
48.96.2-48.bo.1.3,,48,96,2,0,False,,0,[],
48.96.2-48.bo.1.4,,48,96,2,0,False,,0,[],
48.96.2-48.bo.1.5,,48,96,2,0,False,,0,[],
48.96.2-48.bo.1.6,,48,96,2,0,False,,0,[],
48.96.2-48.bo.1.7,,48,96,2,0,False,,0,[],
48.96.2-48.bo.1.8,,48,96,2,0,False,,0,[],
48.96.2-48.bp.1.1,,48,96,2,0,False,False,-1,[],
48.96.2-48.bp.1.2,,48,96,2,0,False,False,-1,[],
48.96.2-48.bp.1.3,,48,96,2,0,False,False,-1,[],
48.96.2-48.bp.1.4,,48,96,2,0,False,False,-1,[],
48.96.2-48.bp.1.5,,48,96,2,0,False,False,-1,[],
48.96.2-48.bp.1.6,,48,96,2,0,False,False,-1,[],
48.96.2-48.bp.1.7,,48,96,2,0,False,False,-1,[],
48.96.2-48.bp.1.8,,48,96,2,0,False,False,-1,[],
48.96.2-48.br.1.1,,48,96,2,0,False,False,-1,[],
48.96.2-48.br.1.2,,48,96,2,0,False,False,-1,[],
48.96.2-48.br.1.3,,48,96,2,0,False,False,-1,[],
48.96.2-48.br.1.4,,48,96,2,0,False,False,-1,[],
48.96.2-48.br.1.5,,48,96,2,0,False,False,-1,[],
48.96.2-48.br.1.6,,48,96,2,0,False,False,-1,[],
48.96.2-48.br.1.7,,48,96,2,0,False,False,-1,[],
48.96.2-48.br.1.8,,48,96,2,0,False,False,-1,[],
48.96.2-48.d.1.1,,48,96,2,0,True,False,-1,[],
48.96.2-48.d.1.10,,48,96,2,0,True,False,-1,[],
48.96.2-48.d.1.11,,48,96,2,0,True,False,-1,[],
48.96.2-48.d.1.12,,48,96,2,0,True,False,-1,[],
48.96.2-48.d.1.13,,48,96,2,0,True,False,-1,[],
48.96.2-48.d.1.14,,48,96,2,0,True,False,-1,[],
48.96.2-48.d.1.15,,48,96,2,0,True,False,-1,[],
48.96.2-48.d.1.16,,48,96,2,0,True,False,-1,[],
48.96.2-48.d.1.17,,48,96,2,0,True,False,-1,[],
48.96.2-48.d.1.18,,48,96,2,0,True,False,-1,[],
48.96.2-48.d.1.19,,48,96,2,0,True,False,-1,[],
48.96.2-48.d.1.2,,48,96,2,0,True,False,-1,[],
48.96.2-48.d.1.20,,48,96,2,0,True,False,-1,[],
48.96.2-48.d.1.21,,48,96,2,0,True,False,-1,[],
48.96.2-48.d.1.22,,48,96,2,0,True,False,-1,[],
48.96.2-48.d.1.23,,48,96,2,0,True,False,-1,[],
48.96.2-48.d.1.24,,48,96,2,0,True,False,-1,[],
48.96.2-48.d.1.3,,48,96,2,0,True,False,-1,[],
48.96.2-48.d.1.4,,48,96,2,0,True,False,-1,[],
48.96.2-48.d.1.5,,48,96,2,0,True,False,-1,[],
48.96.2-48.d.1.6,,48,96,2,0,True,False,-1,[],
48.96.2-48.d.1.7,,48,96,2,0,True,False,-1,[],
48.96.2-48.d.1.8,,48,96,2,0,True,False,-1,[],
48.96.2-48.d.1.9,,48,96,2,0,True,False,-1,[],
48.96.2-48.d.2.1,,48,96,2,0,True,False,-1,[],
48.96.2-48.d.2.10,,48,96,2,0,True,False,-1,[],
48.96.2-48.d.2.11,,48,96,2,0,True,False,-1,[],
48.96.2-48.d.2.12,,48,96,2,0,True,False,-1,[],
48.96.2-48.d.2.13,,48,96,2,0,True,False,-1,[],
48.96.2-48.d.2.14,,48,96,2,0,True,False,-1,[],
48.96.2-48.d.2.15,,48,96,2,0,True,False,-1,[],
48.96.2-48.d.2.16,,48,96,2,0,True,False,-1,[],
48.96.2-48.d.2.17,,48,96,2,0,True,False,-1,[],
48.96.2-48.d.2.18,,48,96,2,0,True,False,-1,[],
48.96.2-48.d.2.19,,48,96,2,0,True,False,-1,[],
48.96.2-48.d.2.2,,48,96,2,0,True,False,-1,[],
48.96.2-48.d.2.20,,48,96,2,0,True,False,-1,[],
48.96.2-48.d.2.21,,48,96,2,0,True,False,-1,[],
48.96.2-48.d.2.22,,48,96,2,0,True,False,-1,[],
48.96.2-48.d.2.23,,48,96,2,0,True,False,-1,[],
48.96.2-48.d.2.24,,48,96,2,0,True,False,-1,[],
48.96.2-48.d.2.3,,48,96,2,0,True,False,-1,[],
48.96.2-48.d.2.4,,48,96,2,0,True,False,-1,[],
48.96.2-48.d.2.5,,48,96,2,0,True,False,-1,[],
48.96.2-48.d.2.6,,48,96,2,0,True,False,-1,[],
48.96.2-48.d.2.7,,48,96,2,0,True,False,-1,[],
48.96.2-48.d.2.8,,48,96,2,0,True,False,-1,[],
48.96.2-48.d.2.9,,48,96,2,0,True,False,-1,[],
48.96.2-48.h.1.1,,48,96,2,0,True,False,-1,[],
48.96.2-48.h.1.10,,48,96,2,0,True,False,-1,[],
48.96.2-48.h.1.11,,48,96,2,0,True,False,-1,[],
48.96.2-48.h.1.12,,48,96,2,0,True,False,-1,[],
48.96.2-48.h.1.13,,48,96,2,0,True,False,-1,[],
48.96.2-48.h.1.14,,48,96,2,0,True,False,-1,[],
48.96.2-48.h.1.15,,48,96,2,0,True,False,-1,[],
48.96.2-48.h.1.16,,48,96,2,0,True,False,-1,[],
48.96.2-48.h.1.17,,48,96,2,0,True,False,-1,[],
48.96.2-48.h.1.18,,48,96,2,0,True,False,-1,[],
48.96.2-48.h.1.19,,48,96,2,0,True,False,-1,[],
48.96.2-48.h.1.2,,48,96,2,0,True,False,-1,[],
48.96.2-48.h.1.20,,48,96,2,0,True,False,-1,[],
48.96.2-48.h.1.21,,48,96,2,0,True,False,-1,[],
48.96.2-48.h.1.22,,48,96,2,0,True,False,-1,[],
48.96.2-48.h.1.23,,48,96,2,0,True,False,-1,[],
48.96.2-48.h.1.24,,48,96,2,0,True,False,-1,[],
48.96.2-48.h.1.3,,48,96,2,0,True,False,-1,[],
48.96.2-48.h.1.4,,48,96,2,0,True,False,-1,[],
48.96.2-48.h.1.5,,48,96,2,0,True,False,-1,[],
48.96.2-48.h.1.6,,48,96,2,0,True,False,-1,[],
48.96.2-48.h.1.7,,48,96,2,0,True,False,-1,[],
48.96.2-48.h.1.8,,48,96,2,0,True,False,-1,[],
48.96.2-48.h.1.9,,48,96,2,0,True,False,-1,[],
48.96.2-48.q.1.1,,48,96,2,0,False,False,-1,[],
48.96.2-48.q.1.2,,48,96,2,0,False,False,-1,[],
48.96.2-48.q.1.3,,48,96,2,0,False,False,-1,[],
48.96.2-48.q.1.4,,48,96,2,0,False,False,-1,[],
48.96.2-48.q.1.5,,48,96,2,0,False,False,-1,[],
48.96.2-48.q.1.6,,48,96,2,0,False,False,-1,[],
48.96.2-48.q.1.7,,48,96,2,0,False,False,-1,[],
48.96.2-48.q.1.8,,48,96,2,0,False,False,-1,[],
48.96.2-48.s.1.1,,48,96,2,0,False,False,-1,[],
48.96.2-48.s.1.2,,48,96,2,0,False,False,-1,[],
48.96.2-48.s.1.3,,48,96,2,0,False,False,-1,[],
48.96.2-48.s.1.4,,48,96,2,0,False,False,-1,[],
48.96.2-48.s.1.5,,48,96,2,0,False,False,-1,[],
48.96.2-48.s.1.6,,48,96,2,0,False,False,-1,[],
48.96.2-48.s.1.7,,48,96,2,0,False,False,-1,[],
48.96.2-48.s.1.8,,48,96,2,0,False,False,-1,[],
48.96.2.a.1,,48,96,2,0,True,False,-1,[],
48.96.2.b.1,,48,96,2,0,True,False,-1,[],
48.96.2.c.1,,48,96,2,0,True,False,-1,[],
48.96.2.d.1,,48,96,2,0,True,False,-1,[],
48.96.2.e.1,,48,96,2,0,True,False,-1,[],
48.96.2.e.2,,48,96,2,0,True,False,-1,[],
48.96.2.f.1,,48,96,2,0,True,False,-1,[],
48.96.2.f.2,,48,96,2,0,True,False,-1,[],
48.96.2.g.1,,48,96,2,0,True,False,-1,[],
48.96.2.g.2,,48,96,2,0,True,False,-1,[],
48.96.2.h.1,,48,96,2,0,True,False,-1,[],
48.96.2.h.2,,48,96,2,0,True,False,-1,[],
48.96.2.i.1,,48,96,2,0,True,False,-1,[],
48.96.2.i.2,,48,96,2,0,True,False,-1,[],
48.96.2.j.1,,48,96,2,0,True,False,-1,[],
48.96.2.j.2,,48,96,2,0,True,False,-1,[],
48.96.2.k.1,,48,96,2,0,True,False,-1,[],
48.96.2.k.2,,48,96,2,0,True,False,-1,[],
48.96.2.l.1,,48,96,2,0,True,False,-1,[],
48.96.2.l.2,,48,96,2,0,True,False,-1,[],
50.60.2.a.1,,50,60,2,0,True,False,-1,[],
50.60.2.a.2,,50,60,2,0,True,False,-1,[],
52.168.2-13.b.1.1,,52,168,2,0,True,False,-1,[],
52.168.2-13.b.1.2,,52,168,2,0,True,False,-1,[],
52.168.2-13.b.1.3,,52,168,2,0,True,False,-1,[],
52.168.2-13.b.1.4,,52,168,2,0,True,False,-1,[],
52.168.2-13.b.2.1,,52,168,2,0,True,False,-1,[],
52.168.2-13.b.2.2,,52,168,2,0,True,False,-1,[],
52.168.2-13.b.2.3,,52,168,2,0,True,False,-1,[],
52.168.2-13.b.2.4,,52,168,2,0,True,False,-1,[],
52.84.2.d.1,,52,84,2,0,True,False,-1,[],
52.84.2.d.2,,52,84,2,0,True,False,-1,[],
52.84.2.e.1,,52,84,2,0,True,False,-1,[],
52.84.2.e.2,,52,84,2,0,True,False,-1,[],
52.84.2.f.1,,52,84,2,0,True,,0,[],
52.84.2.f.2,,52,84,2,0,True,,0,[],
54.108.2.a.1,,54,108,2,0,False,False,-1,[],
54.144.2-54.a.1.1,,54,144,2,0,False,False,-1,[],
54.144.2-54.a.1.2,,54,144,2,0,False,False,-1,[],
54.144.2-54.b.1.1,,54,144,2,0,False,False,-1,[],
54.144.2-54.b.1.2,,54,144,2,0,False,False,-1,[],
54.216.2-54.a.1.1,,54,216,2,0,False,False,-1,[],
54.216.2-54.a.1.2,,54,216,2,0,False,False,-1,[],
54.216.2-54.a.1.3,,54,216,2,0,False,False,-1,[],
54.216.2-54.a.1.4,,54,216,2,0,False,False,-1,[],
54.72.2-27.a.1.1,,54,72,2,0,True,False,-1,[],
54.72.2-27.a.1.2,,54,72,2,0,True,False,-1,[],
54.72.2-27.b.1.1,,54,72,2,0,True,False,-1,[],
54.72.2-27.b.1.2,,54,72,2,0,True,False,-1,[],
54.72.2.a.1,,54,72,2,0,False,False,-1,[],
54.72.2.b.1,,54,72,2,0,False,False,-1,[],
56.192.2-28.a.1.1,,56,192,2,0,True,False,-1,[],
56.192.2-28.a.1.2,,56,192,2,0,True,False,-1,[],
56.192.2-28.a.1.3,,56,192,2,0,True,False,-1,[],
56.192.2-28.a.1.4,,56,192,2,0,True,False,-1,[],
56.192.2-28.a.2.1,,56,192,2,0,True,False,-1,[],
56.192.2-28.a.2.2,,56,192,2,0,True,False,-1,[],
56.192.2-28.a.2.3,,56,192,2,0,True,False,-1,[],
56.192.2-28.a.2.4,,56,192,2,0,True,False,-1,[],
56.192.2-28.b.1.1,,56,192,2,0,True,False,-1,[],
56.192.2-28.b.1.2,,56,192,2,0,True,False,-1,[],
56.192.2-28.b.1.3,,56,192,2,0,True,False,-1,[],
56.192.2-28.b.1.4,,56,192,2,0,True,False,-1,[],
56.192.2-28.b.2.1,,56,192,2,0,True,False,-1,[],
56.192.2-28.b.2.2,,56,192,2,0,True,False,-1,[],
56.192.2-28.b.2.3,,56,192,2,0,True,False,-1,[],
56.192.2-28.b.2.4,,56,192,2,0,True,False,-1,[],
56.192.2-28.c.1.1,,56,192,2,0,True,False,-1,[],
56.192.2-28.c.1.2,,56,192,2,0,True,False,-1,[],
56.192.2-28.c.1.3,,56,192,2,0,True,False,-1,[],
56.192.2-28.c.1.4,,56,192,2,0,True,False,-1,[],
56.192.2-28.c.2.1,,56,192,2,0,True,False,-1,[],
56.192.2-28.c.2.2,,56,192,2,0,True,False,-1,[],
56.192.2-28.c.2.3,,56,192,2,0,True,False,-1,[],
56.192.2-28.c.2.4,,56,192,2,0,True,False,-1,[],
56.192.2-28.d.1.1,,56,192,2,0,True,False,-1,[],
56.192.2-28.d.1.2,,56,192,2,0,True,False,-1,[],
56.192.2-28.d.1.3,,56,192,2,0,True,False,-1,[],
56.192.2-28.d.1.4,,56,192,2,0,True,False,-1,[],
56.192.2-28.d.2.1,,56,192,2,0,True,False,-1,[],
56.192.2-28.d.2.2,,56,192,2,0,True,False,-1,[],
56.192.2-28.d.2.3,,56,192,2,0,True,False,-1,[],
56.192.2-28.d.2.4,,56,192,2,0,True,False,-1,[],
56.192.2-28.f.1.1,,56,192,2,0,True,,0,[],
56.192.2-28.f.1.2,,56,192,2,0,True,,0,[],
56.192.2-28.f.1.3,,56,192,2,0,True,,0,[],
56.192.2-28.f.1.4,,56,192,2,0,True,,0,[],
56.192.2-28.f.2.1,,56,192,2,0,True,,0,[],
56.192.2-28.f.2.2,,56,192,2,0,True,,0,[],
56.192.2-28.f.2.3,,56,192,2,0,True,,0,[],
56.192.2-28.f.2.4,,56,192,2,0,True,,0,[],
56.192.2-56.b.1.1,,56,192,2,0,True,False,-1,[],
56.192.2-56.b.1.2,,56,192,2,0,True,False,-1,[],
56.192.2-56.b.1.3,,56,192,2,0,True,False,-1,[],
56.192.2-56.b.1.4,,56,192,2,0,True,False,-1,[],
56.192.2-56.b.1.5,,56,192,2,0,True,False,-1,[],
56.192.2-56.b.1.6,,56,192,2,0,True,False,-1,[],
56.192.2-56.b.1.7,,56,192,2,0,True,False,-1,[],
56.192.2-56.b.1.8,,56,192,2,0,True,False,-1,[],
56.192.2-56.b.2.1,,56,192,2,0,True,False,-1,[],
56.192.2-56.b.2.2,,56,192,2,0,True,False,-1,[],
56.192.2-56.b.2.3,,56,192,2,0,True,False,-1,[],
56.192.2-56.b.2.4,,56,192,2,0,True,False,-1,[],
56.192.2-56.b.2.5,,56,192,2,0,True,False,-1,[],
56.192.2-56.b.2.6,,56,192,2,0,True,False,-1,[],
56.192.2-56.b.2.7,,56,192,2,0,True,False,-1,[],
56.192.2-56.b.2.8,,56,192,2,0,True,False,-1,[],
56.192.2-56.c.1.1,,56,192,2,0,True,False,-1,[],
56.192.2-56.c.1.2,,56,192,2,0,True,False,-1,[],
56.192.2-56.c.1.3,,56,192,2,0,True,False,-1,[],
56.192.2-56.c.1.4,,56,192,2,0,True,False,-1,[],
56.192.2-56.c.1.5,,56,192,2,0,True,False,-1,[],
56.192.2-56.c.1.6,,56,192,2,0,True,False,-1,[],
56.192.2-56.c.1.7,,56,192,2,0,True,False,-1,[],
56.192.2-56.c.1.8,,56,192,2,0,True,False,-1,[],
56.192.2-56.c.2.1,,56,192,2,0,True,False,-1,[],
56.192.2-56.c.2.2,,56,192,2,0,True,False,-1,[],
56.192.2-56.c.2.3,,56,192,2,0,True,False,-1,[],
56.192.2-56.c.2.4,,56,192,2,0,True,False,-1,[],
56.192.2-56.c.2.5,,56,192,2,0,True,False,-1,[],
56.192.2-56.c.2.6,,56,192,2,0,True,False,-1,[],
56.192.2-56.c.2.7,,56,192,2,0,True,False,-1,[],
56.192.2-56.c.2.8,,56,192,2,0,True,False,-1,[],
56.192.2-56.d.1.1,,56,192,2,0,True,False,-1,[],
56.192.2-56.d.1.2,,56,192,2,0,True,False,-1,[],
56.192.2-56.d.1.3,,56,192,2,0,True,False,-1,[],
56.192.2-56.d.1.4,,56,192,2,0,True,False,-1,[],
56.192.2-56.d.1.5,,56,192,2,0,True,False,-1,[],
56.192.2-56.d.1.6,,56,192,2,0,True,False,-1,[],
56.192.2-56.d.1.7,,56,192,2,0,True,False,-1,[],
56.192.2-56.d.1.8,,56,192,2,0,True,False,-1,[],
56.192.2-56.d.2.1,,56,192,2,0,True,False,-1,[],
56.192.2-56.d.2.2,,56,192,2,0,True,False,-1,[],
56.192.2-56.d.2.3,,56,192,2,0,True,False,-1,[],
56.192.2-56.d.2.4,,56,192,2,0,True,False,-1,[],
56.192.2-56.d.2.5,,56,192,2,0,True,False,-1,[],
56.192.2-56.d.2.6,,56,192,2,0,True,False,-1,[],
56.192.2-56.d.2.7,,56,192,2,0,True,False,-1,[],
56.192.2-56.d.2.8,,56,192,2,0,True,False,-1,[],
56.192.2-56.e.1.1,,56,192,2,0,True,,0,[],
56.192.2-56.e.1.2,,56,192,2,0,True,,0,[],
56.192.2-56.e.1.3,,56,192,2,0,True,,0,[],
56.192.2-56.e.1.4,,56,192,2,0,True,,0,[],
56.192.2-56.e.1.5,,56,192,2,0,True,,0,[],
56.192.2-56.e.1.6,,56,192,2,0,True,,0,[],
56.192.2-56.e.1.7,,56,192,2,0,True,,0,[],
56.192.2-56.e.1.8,,56,192,2,0,True,,0,[],
56.192.2-56.e.2.1,,56,192,2,0,True,,0,[],
56.192.2-56.e.2.2,,56,192,2,0,True,,0,[],
56.192.2-56.e.2.3,,56,192,2,0,True,,0,[],
56.192.2-56.e.2.4,,56,192,2,0,True,,0,[],
56.192.2-56.e.2.5,,56,192,2,0,True,,0,[],
56.192.2-56.e.2.6,,56,192,2,0,True,,0,[],
56.192.2-56.e.2.7,,56,192,2,0,True,,0,[],
56.192.2-56.e.2.8,,56,192,2,0,True,,0,[],
56.192.2-56.f.1.1,,56,192,2,0,True,,0,[],
56.192.2-56.f.1.2,,56,192,2,0,True,,0,[],
56.192.2-56.f.1.3,,56,192,2,0,True,,0,[],
56.192.2-56.f.1.4,,56,192,2,0,True,,0,[],
56.192.2-56.f.1.5,,56,192,2,0,True,,0,[],
56.192.2-56.f.1.6,,56,192,2,0,True,,0,[],
56.192.2-56.f.1.7,,56,192,2,0,True,,0,[],
56.192.2-56.f.1.8,,56,192,2,0,True,,0,[],
56.192.2-56.f.2.1,,56,192,2,0,True,,0,[],
56.192.2-56.f.2.2,,56,192,2,0,True,,0,[],
56.192.2-56.f.2.3,,56,192,2,0,True,,0,[],
56.192.2-56.f.2.4,,56,192,2,0,True,,0,[],
56.192.2-56.f.2.5,,56,192,2,0,True,,0,[],
56.192.2-56.f.2.6,,56,192,2,0,True,,0,[],
56.192.2-56.f.2.7,,56,192,2,0,True,,0,[],
56.192.2-56.f.2.8,,56,192,2,0,True,,0,[],
56.48.2.a.1,,56,48,2,0,True,False,-1,[],
56.48.2.b.1,,56,48,2,0,False,False,-1,[],
56.48.2.c.1,,56,48,2,0,False,False,-1,[],
56.48.2.d.1,,56,48,2,0,False,False,-1,[],
56.48.2.e.1,,56,48,2,0,False,False,-1,[],
56.48.2.f.1,,56,48,2,0,True,False,-1,[],
56.48.2.f.2,,56,48,2,0,True,False,-1,[],
56.48.2.g.1,,56,48,2,0,True,False,-1,[],
56.48.2.g.2,,56,48,2,0,True,False,-1,[],
56.48.2.h.1,,56,48,2,0,False,,0,[],
56.48.2.j.1,,56,48,2,0,True,False,-1,[],
56.48.2.j.2,,56,48,2,0,True,False,-1,[],
56.48.2.k.1,,56,48,2,0,True,False,-1,[],
56.48.2.k.2,,56,48,2,0,True,False,-1,[],
56.48.2.m.1,,56,48,2,0,False,False,-1,[],
56.48.2.n.1,,56,48,2,0,False,False,-1,[],
56.96.2-14.a.1.1,,56,96,2,0,False,False,-1,[],
56.96.2-14.a.1.10,,56,96,2,0,False,False,-1,[],
56.96.2-14.a.1.11,,56,96,2,0,False,False,-1,[],
56.96.2-14.a.1.12,,56,96,2,0,False,False,-1,[],
56.96.2-14.a.1.2,,56,96,2,0,False,False,-1,[],
56.96.2-14.a.1.3,,56,96,2,0,False,False,-1,[],
56.96.2-14.a.1.4,,56,96,2,0,False,False,-1,[],
56.96.2-14.a.1.5,,56,96,2,0,False,False,-1,[],
56.96.2-14.a.1.6,,56,96,2,0,False,False,-1,[],
56.96.2-14.a.1.7,,56,96,2,0,False,False,-1,[],
56.96.2-14.a.1.8,,56,96,2,0,False,False,-1,[],
56.96.2-14.a.1.9,,56,96,2,0,False,False,-1,[],
56.96.2-14.b.1.1,,56,96,2,0,True,,0,[],
56.96.2-14.b.1.2,,56,96,2,0,True,,0,[],
56.96.2-14.b.1.3,,56,96,2,0,True,,0,[],
56.96.2-14.b.1.4,,56,96,2,0,True,,0,[],
56.96.2-14.b.1.5,,56,96,2,0,True,,0,[],
56.96.2-14.b.1.6,,56,96,2,0,True,,0,[],
56.96.2-14.b.1.7,,56,96,2,0,True,,0,[],
56.96.2-14.b.1.8,,56,96,2,0,True,,0,[],
56.96.2-14.c.1.1,,56,96,2,0,True,False,-1,[],
56.96.2-14.c.1.2,,56,96,2,0,True,False,-1,[],
56.96.2-14.c.1.3,,56,96,2,0,True,False,-1,[],
56.96.2-14.c.1.4,,56,96,2,0,True,False,-1,[],
56.96.2-14.c.1.5,,56,96,2,0,True,False,-1,[],
56.96.2-14.c.1.6,,56,96,2,0,True,False,-1,[],
56.96.2-14.c.2.1,,56,96,2,0,True,False,-1,[],
56.96.2-14.c.2.2,,56,96,2,0,True,False,-1,[],
56.96.2-14.c.2.3,,56,96,2,0,True,False,-1,[],
56.96.2-14.c.2.4,,56,96,2,0,True,False,-1,[],
56.96.2-14.c.2.5,,56,96,2,0,True,False,-1,[],
56.96.2-14.c.2.6,,56,96,2,0,True,False,-1,[],
56.96.2-14.e.1.1,,56,96,2,0,True,False,-1,[],
56.96.2-14.e.1.2,,56,96,2,0,True,False,-1,[],
56.96.2-14.e.1.3,,56,96,2,0,True,False,-1,[],
56.96.2-14.e.1.4,,56,96,2,0,True,False,-1,[],
56.96.2-14.e.2.1,,56,96,2,0,True,False,-1,[],
56.96.2-14.e.2.2,,56,96,2,0,True,False,-1,[],
56.96.2-14.e.2.3,,56,96,2,0,True,False,-1,[],
56.96.2-14.e.2.4,,56,96,2,0,True,False,-1,[],
56.96.2-14.f.1.1,,56,96,2,0,False,False,-1,[],
56.96.2-14.f.1.2,,56,96,2,0,False,False,-1,[],
56.96.2-14.f.1.3,,56,96,2,0,False,False,-1,[],
56.96.2-14.f.1.4,,56,96,2,0,False,False,-1,[],
56.96.2-14.f.1.5,,56,96,2,0,False,False,-1,[],
56.96.2-14.f.1.6,,56,96,2,0,False,False,-1,[],
56.96.2-14.f.1.7,,56,96,2,0,False,False,-1,[],
56.96.2-14.f.1.8,,56,96,2,0,False,False,-1,[],
56.96.2-28.a.1.1,,56,96,2,0,False,False,-1,[],
56.96.2-28.a.1.10,,56,96,2,0,False,False,-1,[],
56.96.2-28.a.1.11,,56,96,2,0,False,False,-1,[],
56.96.2-28.a.1.12,,56,96,2,0,False,False,-1,[],
56.96.2-28.a.1.2,,56,96,2,0,False,False,-1,[],
56.96.2-28.a.1.3,,56,96,2,0,False,False,-1,[],
56.96.2-28.a.1.4,,56,96,2,0,False,False,-1,[],
56.96.2-28.a.1.5,,56,96,2,0,False,False,-1,[],
56.96.2-28.a.1.6,,56,96,2,0,False,False,-1,[],
56.96.2-28.a.1.7,,56,96,2,0,False,False,-1,[],
56.96.2-28.a.1.8,,56,96,2,0,False,False,-1,[],
56.96.2-28.a.1.9,,56,96,2,0,False,False,-1,[],
56.96.2-28.b.1.1,,56,96,2,0,False,False,-1,[],
56.96.2-28.b.1.10,,56,96,2,0,False,False,-1,[],
56.96.2-28.b.1.11,,56,96,2,0,False,False,-1,[],
56.96.2-28.b.1.12,,56,96,2,0,False,False,-1,[],
56.96.2-28.b.1.13,,56,96,2,0,False,False,-1,[],
56.96.2-28.b.1.14,,56,96,2,0,False,False,-1,[],
56.96.2-28.b.1.15,,56,96,2,0,False,False,-1,[],
56.96.2-28.b.1.16,,56,96,2,0,False,False,-1,[],
56.96.2-28.b.1.2,,56,96,2,0,False,False,-1,[],
56.96.2-28.b.1.3,,56,96,2,0,False,False,-1,[],
56.96.2-28.b.1.4,,56,96,2,0,False,False,-1,[],
56.96.2-28.b.1.5,,56,96,2,0,False,False,-1,[],
56.96.2-28.b.1.6,,56,96,2,0,False,False,-1,[],
56.96.2-28.b.1.7,,56,96,2,0,False,False,-1,[],
56.96.2-28.b.1.8,,56,96,2,0,False,False,-1,[],
56.96.2-28.b.1.9,,56,96,2,0,False,False,-1,[],
56.96.2-28.c.1.1,,56,96,2,0,False,False,-1,[],
56.96.2-28.c.1.10,,56,96,2,0,False,False,-1,[],
56.96.2-28.c.1.11,,56,96,2,0,False,False,-1,[],
56.96.2-28.c.1.12,,56,96,2,0,False,False,-1,[],
56.96.2-28.c.1.13,,56,96,2,0,False,False,-1,[],
56.96.2-28.c.1.14,,56,96,2,0,False,False,-1,[],
56.96.2-28.c.1.15,,56,96,2,0,False,False,-1,[],
56.96.2-28.c.1.16,,56,96,2,0,False,False,-1,[],
56.96.2-28.c.1.17,,56,96,2,0,False,False,-1,[],
56.96.2-28.c.1.18,,56,96,2,0,False,False,-1,[],
56.96.2-28.c.1.19,,56,96,2,0,False,False,-1,[],
56.96.2-28.c.1.2,,56,96,2,0,False,False,-1,[],
56.96.2-28.c.1.20,,56,96,2,0,False,False,-1,[],
56.96.2-28.c.1.21,,56,96,2,0,False,False,-1,[],
56.96.2-28.c.1.22,,56,96,2,0,False,False,-1,[],
56.96.2-28.c.1.23,,56,96,2,0,False,False,-1,[],
56.96.2-28.c.1.24,,56,96,2,0,False,False,-1,[],
56.96.2-28.c.1.25,,56,96,2,0,False,False,-1,[],
56.96.2-28.c.1.26,,56,96,2,0,False,False,-1,[],
56.96.2-28.c.1.27,,56,96,2,0,False,False,-1,[],
56.96.2-28.c.1.28,,56,96,2,0,False,False,-1,[],
56.96.2-28.c.1.3,,56,96,2,0,False,False,-1,[],
56.96.2-28.c.1.4,,56,96,2,0,False,False,-1,[],
56.96.2-28.c.1.5,,56,96,2,0,False,False,-1,[],
56.96.2-28.c.1.6,,56,96,2,0,False,False,-1,[],
56.96.2-28.c.1.7,,56,96,2,0,False,False,-1,[],
56.96.2-28.c.1.8,,56,96,2,0,False,False,-1,[],
56.96.2-28.c.1.9,,56,96,2,0,False,False,-1,[],
56.96.2-28.d.1.1,,56,96,2,0,True,False,-1,[],
56.96.2-28.d.1.2,,56,96,2,0,True,False,-1,[],
56.96.2-28.d.1.3,,56,96,2,0,True,False,-1,[],
56.96.2-28.d.1.4,,56,96,2,0,True,False,-1,[],
56.96.2-28.d.1.5,,56,96,2,0,True,False,-1,[],
56.96.2-28.d.1.6,,56,96,2,0,True,False,-1,[],
56.96.2-28.d.2.1,,56,96,2,0,True,False,-1,[],
56.96.2-28.d.2.2,,56,96,2,0,True,False,-1,[],
56.96.2-28.d.2.3,,56,96,2,0,True,False,-1,[],
56.96.2-28.d.2.4,,56,96,2,0,True,False,-1,[],
56.96.2-28.d.2.5,,56,96,2,0,True,False,-1,[],
56.96.2-28.d.2.6,,56,96,2,0,True,False,-1,[],
56.96.2-28.f.1.1,,56,96,2,0,True,False,-1,[],
56.96.2-28.f.1.2,,56,96,2,0,True,False,-1,[],
56.96.2-28.f.1.3,,56,96,2,0,True,False,-1,[],
56.96.2-28.f.1.4,,56,96,2,0,True,False,-1,[],
56.96.2-28.f.2.1,,56,96,2,0,True,False,-1,[],
56.96.2-28.f.2.2,,56,96,2,0,True,False,-1,[],
56.96.2-28.f.2.3,,56,96,2,0,True,False,-1,[],
56.96.2-28.f.2.4,,56,96,2,0,True,False,-1,[],
56.96.2-28.i.1.1,,56,96,2,0,False,False,-1,[],
56.96.2-28.i.1.2,,56,96,2,0,False,False,-1,[],
56.96.2-28.i.1.3,,56,96,2,0,False,False,-1,[],
56.96.2-28.i.1.4,,56,96,2,0,False,False,-1,[],
56.96.2-28.i.1.5,,56,96,2,0,False,False,-1,[],
56.96.2-28.i.1.6,,56,96,2,0,False,False,-1,[],
56.96.2-28.i.1.7,,56,96,2,0,False,False,-1,[],
56.96.2-28.i.1.8,,56,96,2,0,False,False,-1,[],
56.96.2-56.a.1.1,,56,96,2,0,True,False,-1,[],
56.96.2-56.a.1.10,,56,96,2,0,True,False,-1,[],
56.96.2-56.a.1.11,,56,96,2,0,True,False,-1,[],
56.96.2-56.a.1.12,,56,96,2,0,True,False,-1,[],
56.96.2-56.a.1.13,,56,96,2,0,True,False,-1,[],
56.96.2-56.a.1.14,,56,96,2,0,True,False,-1,[],
56.96.2-56.a.1.15,,56,96,2,0,True,False,-1,[],
56.96.2-56.a.1.16,,56,96,2,0,True,False,-1,[],
56.96.2-56.a.1.17,,56,96,2,0,True,False,-1,[],
56.96.2-56.a.1.18,,56,96,2,0,True,False,-1,[],
56.96.2-56.a.1.19,,56,96,2,0,True,False,-1,[],
56.96.2-56.a.1.2,,56,96,2,0,True,False,-1,[],
56.96.2-56.a.1.20,,56,96,2,0,True,False,-1,[],
56.96.2-56.a.1.21,,56,96,2,0,True,False,-1,[],
56.96.2-56.a.1.22,,56,96,2,0,True,False,-1,[],
56.96.2-56.a.1.23,,56,96,2,0,True,False,-1,[],
56.96.2-56.a.1.24,,56,96,2,0,True,False,-1,[],
56.96.2-56.a.1.3,,56,96,2,0,True,False,-1,[],
56.96.2-56.a.1.4,,56,96,2,0,True,False,-1,[],
56.96.2-56.a.1.5,,56,96,2,0,True,False,-1,[],
56.96.2-56.a.1.6,,56,96,2,0,True,False,-1,[],
56.96.2-56.a.1.7,,56,96,2,0,True,False,-1,[],
56.96.2-56.a.1.8,,56,96,2,0,True,False,-1,[],
56.96.2-56.a.1.9,,56,96,2,0,True,False,-1,[],
56.96.2-56.b.1.1,,56,96,2,0,False,False,-1,[],
56.96.2-56.b.1.10,,56,96,2,0,False,False,-1,[],
56.96.2-56.b.1.11,,56,96,2,0,False,False,-1,[],
56.96.2-56.b.1.12,,56,96,2,0,False,False,-1,[],
56.96.2-56.b.1.13,,56,96,2,0,False,False,-1,[],
56.96.2-56.b.1.14,,56,96,2,0,False,False,-1,[],
56.96.2-56.b.1.15,,56,96,2,0,False,False,-1,[],
56.96.2-56.b.1.16,,56,96,2,0,False,False,-1,[],
56.96.2-56.b.1.2,,56,96,2,0,False,False,-1,[],
56.96.2-56.b.1.3,,56,96,2,0,False,False,-1,[],
56.96.2-56.b.1.4,,56,96,2,0,False,False,-1,[],
56.96.2-56.b.1.5,,56,96,2,0,False,False,-1,[],
56.96.2-56.b.1.6,,56,96,2,0,False,False,-1,[],
56.96.2-56.b.1.7,,56,96,2,0,False,False,-1,[],
56.96.2-56.b.1.8,,56,96,2,0,False,False,-1,[],
56.96.2-56.b.1.9,,56,96,2,0,False,False,-1,[],
56.96.2-56.c.1.1,,56,96,2,0,False,False,-1,[],
56.96.2-56.c.1.10,,56,96,2,0,False,False,-1,[],
56.96.2-56.c.1.11,,56,96,2,0,False,False,-1,[],
56.96.2-56.c.1.12,,56,96,2,0,False,False,-1,[],
56.96.2-56.c.1.13,,56,96,2,0,False,False,-1,[],
56.96.2-56.c.1.14,,56,96,2,0,False,False,-1,[],
56.96.2-56.c.1.15,,56,96,2,0,False,False,-1,[],
56.96.2-56.c.1.16,,56,96,2,0,False,False,-1,[],
56.96.2-56.c.1.2,,56,96,2,0,False,False,-1,[],
56.96.2-56.c.1.3,,56,96,2,0,False,False,-1,[],
56.96.2-56.c.1.4,,56,96,2,0,False,False,-1,[],
56.96.2-56.c.1.5,,56,96,2,0,False,False,-1,[],
56.96.2-56.c.1.6,,56,96,2,0,False,False,-1,[],
56.96.2-56.c.1.7,,56,96,2,0,False,False,-1,[],
56.96.2-56.c.1.8,,56,96,2,0,False,False,-1,[],
56.96.2-56.c.1.9,,56,96,2,0,False,False,-1,[],
56.96.2-56.d.1.1,,56,96,2,0,False,False,-1,[],
56.96.2-56.d.1.10,,56,96,2,0,False,False,-1,[],
56.96.2-56.d.1.11,,56,96,2,0,False,False,-1,[],
56.96.2-56.d.1.12,,56,96,2,0,False,False,-1,[],
56.96.2-56.d.1.13,,56,96,2,0,False,False,-1,[],
56.96.2-56.d.1.14,,56,96,2,0,False,False,-1,[],
56.96.2-56.d.1.15,,56,96,2,0,False,False,-1,[],
56.96.2-56.d.1.16,,56,96,2,0,False,False,-1,[],
56.96.2-56.d.1.2,,56,96,2,0,False,False,-1,[],
56.96.2-56.d.1.3,,56,96,2,0,False,False,-1,[],
56.96.2-56.d.1.4,,56,96,2,0,False,False,-1,[],
56.96.2-56.d.1.5,,56,96,2,0,False,False,-1,[],
56.96.2-56.d.1.6,,56,96,2,0,False,False,-1,[],
56.96.2-56.d.1.7,,56,96,2,0,False,False,-1,[],
56.96.2-56.d.1.8,,56,96,2,0,False,False,-1,[],
56.96.2-56.d.1.9,,56,96,2,0,False,False,-1,[],
56.96.2-56.e.1.1,,56,96,2,0,False,False,-1,[],
56.96.2-56.e.1.10,,56,96,2,0,False,False,-1,[],
56.96.2-56.e.1.11,,56,96,2,0,False,False,-1,[],
56.96.2-56.e.1.12,,56,96,2,0,False,False,-1,[],
56.96.2-56.e.1.13,,56,96,2,0,False,False,-1,[],
56.96.2-56.e.1.14,,56,96,2,0,False,False,-1,[],
56.96.2-56.e.1.15,,56,96,2,0,False,False,-1,[],
56.96.2-56.e.1.16,,56,96,2,0,False,False,-1,[],
56.96.2-56.e.1.2,,56,96,2,0,False,False,-1,[],
56.96.2-56.e.1.3,,56,96,2,0,False,False,-1,[],
56.96.2-56.e.1.4,,56,96,2,0,False,False,-1,[],
56.96.2-56.e.1.5,,56,96,2,0,False,False,-1,[],
56.96.2-56.e.1.6,,56,96,2,0,False,False,-1,[],
56.96.2-56.e.1.7,,56,96,2,0,False,False,-1,[],
56.96.2-56.e.1.8,,56,96,2,0,False,False,-1,[],
56.96.2-56.e.1.9,,56,96,2,0,False,False,-1,[],
56.96.2-56.f.1.1,,56,96,2,0,True,False,-1,[],
56.96.2-56.f.1.2,,56,96,2,0,True,False,-1,[],
56.96.2-56.f.1.3,,56,96,2,0,True,False,-1,[],
56.96.2-56.f.1.4,,56,96,2,0,True,False,-1,[],
56.96.2-56.f.1.5,,56,96,2,0,True,False,-1,[],
56.96.2-56.f.1.6,,56,96,2,0,True,False,-1,[],
56.96.2-56.f.1.7,,56,96,2,0,True,False,-1,[],
56.96.2-56.f.1.8,,56,96,2,0,True,False,-1,[],
56.96.2-56.f.2.1,,56,96,2,0,True,False,-1,[],
56.96.2-56.f.2.2,,56,96,2,0,True,False,-1,[],
56.96.2-56.f.2.3,,56,96,2,0,True,False,-1,[],
56.96.2-56.f.2.4,,56,96,2,0,True,False,-1,[],
56.96.2-56.f.2.5,,56,96,2,0,True,False,-1,[],
56.96.2-56.f.2.6,,56,96,2,0,True,False,-1,[],
56.96.2-56.f.2.7,,56,96,2,0,True,False,-1,[],
56.96.2-56.f.2.8,,56,96,2,0,True,False,-1,[],
56.96.2-56.g.1.1,,56,96,2,0,True,False,-1,[],
56.96.2-56.g.1.2,,56,96,2,0,True,False,-1,[],
56.96.2-56.g.1.3,,56,96,2,0,True,False,-1,[],
56.96.2-56.g.1.4,,56,96,2,0,True,False,-1,[],
56.96.2-56.g.1.5,,56,96,2,0,True,False,-1,[],
56.96.2-56.g.1.6,,56,96,2,0,True,False,-1,[],
56.96.2-56.g.1.7,,56,96,2,0,True,False,-1,[],
56.96.2-56.g.1.8,,56,96,2,0,True,False,-1,[],
56.96.2-56.g.2.1,,56,96,2,0,True,False,-1,[],
56.96.2-56.g.2.2,,56,96,2,0,True,False,-1,[],
56.96.2-56.g.2.3,,56,96,2,0,True,False,-1,[],
56.96.2-56.g.2.4,,56,96,2,0,True,False,-1,[],
56.96.2-56.g.2.5,,56,96,2,0,True,False,-1,[],
56.96.2-56.g.2.6,,56,96,2,0,True,False,-1,[],
56.96.2-56.g.2.7,,56,96,2,0,True,False,-1,[],
56.96.2-56.g.2.8,,56,96,2,0,True,False,-1,[],
56.96.2-56.h.1.1,,56,96,2,0,False,,0,[],
56.96.2-56.h.1.2,,56,96,2,0,False,,0,[],
56.96.2-56.h.1.3,,56,96,2,0,False,,0,[],
56.96.2-56.h.1.4,,56,96,2,0,False,,0,[],
56.96.2-56.h.1.5,,56,96,2,0,False,,0,[],
56.96.2-56.h.1.6,,56,96,2,0,False,,0,[],
56.96.2-56.h.1.7,,56,96,2,0,False,,0,[],
56.96.2-56.h.1.8,,56,96,2,0,False,,0,[],
56.96.2-56.j.1.1,,56,96,2,0,True,False,-1,[],
56.96.2-56.j.1.2,,56,96,2,0,True,False,-1,[],
56.96.2-56.j.1.3,,56,96,2,0,True,False,-1,[],
56.96.2-56.j.1.4,,56,96,2,0,True,False,-1,[],
56.96.2-56.j.1.5,,56,96,2,0,True,False,-1,[],
56.96.2-56.j.1.6,,56,96,2,0,True,False,-1,[],
56.96.2-56.j.1.7,,56,96,2,0,True,False,-1,[],
56.96.2-56.j.1.8,,56,96,2,0,True,False,-1,[],
56.96.2-56.j.2.1,,56,96,2,0,True,False,-1,[],
56.96.2-56.j.2.2,,56,96,2,0,True,False,-1,[],
56.96.2-56.j.2.3,,56,96,2,0,True,False,-1,[],
56.96.2-56.j.2.4,,56,96,2,0,True,False,-1,[],
56.96.2-56.j.2.5,,56,96,2,0,True,False,-1,[],
56.96.2-56.j.2.6,,56,96,2,0,True,False,-1,[],
56.96.2-56.j.2.7,,56,96,2,0,True,False,-1,[],
56.96.2-56.j.2.8,,56,96,2,0,True,False,-1,[],
56.96.2-56.k.1.1,,56,96,2,0,True,False,-1,[],
56.96.2-56.k.1.2,,56,96,2,0,True,False,-1,[],
56.96.2-56.k.1.3,,56,96,2,0,True,False,-1,[],
56.96.2-56.k.1.4,,56,96,2,0,True,False,-1,[],
56.96.2-56.k.1.5,,56,96,2,0,True,False,-1,[],
56.96.2-56.k.1.6,,56,96,2,0,True,False,-1,[],
56.96.2-56.k.1.7,,56,96,2,0,True,False,-1,[],
56.96.2-56.k.1.8,,56,96,2,0,True,False,-1,[],
56.96.2-56.k.2.1,,56,96,2,0,True,False,-1,[],
56.96.2-56.k.2.2,,56,96,2,0,True,False,-1,[],
56.96.2-56.k.2.3,,56,96,2,0,True,False,-1,[],
56.96.2-56.k.2.4,,56,96,2,0,True,False,-1,[],
56.96.2-56.k.2.5,,56,96,2,0,True,False,-1,[],
56.96.2-56.k.2.6,,56,96,2,0,True,False,-1,[],
56.96.2-56.k.2.7,,56,96,2,0,True,False,-1,[],
56.96.2-56.k.2.8,,56,96,2,0,True,False,-1,[],
56.96.2-56.m.1.1,,56,96,2,0,False,False,-1,[],
56.96.2-56.m.1.10,,56,96,2,0,False,False,-1,[],
56.96.2-56.m.1.11,,56,96,2,0,False,False,-1,[],
56.96.2-56.m.1.12,,56,96,2,0,False,False,-1,[],
56.96.2-56.m.1.13,,56,96,2,0,False,False,-1,[],
56.96.2-56.m.1.14,,56,96,2,0,False,False,-1,[],
56.96.2-56.m.1.15,,56,96,2,0,False,False,-1,[],
56.96.2-56.m.1.16,,56,96,2,0,False,False,-1,[],
56.96.2-56.m.1.2,,56,96,2,0,False,False,-1,[],
56.96.2-56.m.1.3,,56,96,2,0,False,False,-1,[],
56.96.2-56.m.1.4,,56,96,2,0,False,False,-1,[],
56.96.2-56.m.1.5,,56,96,2,0,False,False,-1,[],
56.96.2-56.m.1.6,,56,96,2,0,False,False,-1,[],
56.96.2-56.m.1.7,,56,96,2,0,False,False,-1,[],
56.96.2-56.m.1.8,,56,96,2,0,False,False,-1,[],
56.96.2-56.m.1.9,,56,96,2,0,False,False,-1,[],
56.96.2-56.n.1.1,,56,96,2,0,False,False,-1,[],
56.96.2-56.n.1.10,,56,96,2,0,False,False,-1,[],
56.96.2-56.n.1.11,,56,96,2,0,False,False,-1,[],
56.96.2-56.n.1.12,,56,96,2,0,False,False,-1,[],
56.96.2-56.n.1.13,,56,96,2,0,False,False,-1,[],
56.96.2-56.n.1.14,,56,96,2,0,False,False,-1,[],
56.96.2-56.n.1.15,,56,96,2,0,False,False,-1,[],
56.96.2-56.n.1.16,,56,96,2,0,False,False,-1,[],
56.96.2-56.n.1.2,,56,96,2,0,False,False,-1,[],
56.96.2-56.n.1.3,,56,96,2,0,False,False,-1,[],
56.96.2-56.n.1.4,,56,96,2,0,False,False,-1,[],
56.96.2-56.n.1.5,,56,96,2,0,False,False,-1,[],
56.96.2-56.n.1.6,,56,96,2,0,False,False,-1,[],
56.96.2-56.n.1.7,,56,96,2,0,False,False,-1,[],
56.96.2-56.n.1.8,,56,96,2,0,False,False,-1,[],
56.96.2-56.n.1.9,,56,96,2,0,False,False,-1,[],
56.96.2-8.a.1.1,,56,96,2,0,True,False,-1,[],
56.96.2-8.a.1.10,,56,96,2,0,True,False,-1,[],
56.96.2-8.a.1.11,,56,96,2,0,True,False,-1,[],
56.96.2-8.a.1.12,,56,96,2,0,True,False,-1,[],
56.96.2-8.a.1.2,,56,96,2,0,True,False,-1,[],
56.96.2-8.a.1.3,,56,96,2,0,True,False,-1,[],
56.96.2-8.a.1.4,,56,96,2,0,True,False,-1,[],
56.96.2-8.a.1.5,,56,96,2,0,True,False,-1,[],
56.96.2-8.a.1.6,,56,96,2,0,True,False,-1,[],
56.96.2-8.a.1.7,,56,96,2,0,True,False,-1,[],
56.96.2-8.a.1.8,,56,96,2,0,True,False,-1,[],
56.96.2-8.a.1.9,,56,96,2,0,True,False,-1,[],
56.96.2.b.1,,56,96,2,0,True,False,-1,[],
56.96.2.b.2,,56,96,2,0,True,False,-1,[],
56.96.2.c.1,,56,96,2,0,True,False,-1,[],
56.96.2.c.2,,56,96,2,0,True,False,-1,[],
56.96.2.d.1,,56,96,2,0,True,False,-1,[],
56.96.2.d.2,,56,96,2,0,True,False,-1,[],
56.96.2.e.1,,56,96,2,0,True,,0,[],
56.96.2.e.2,,56,96,2,0,True,,0,[],
56.96.2.f.1,,56,96,2,0,True,,0,[],
56.96.2.f.2,,56,96,2,0,True,,0,[],
60.24.2.b.1,,60,24,2,0,False,,0,[],
60.24.2.c.1,,60,24,2,0,False,,0,[],
60.30.2.c.1,,60,30,2,0,False,False,-1,[],
60.30.2.e.1,,60,30,2,0,False,False,-1,[],
60.30.2.f.1,,60,30,2,0,False,False,-1,[],
60.30.2.g.1,,60,30,2,0,False,False,-1,[],
60.30.2.i.1,,60,30,2,0,False,False,-1,[],
60.30.2.m.1,,60,30,2,0,False,False,-1,[],
60.30.2.n.1,,60,30,2,0,False,False,-1,[],
60.36.2.a.1,,60,36,2,0,False,False,-1,[],
60.36.2.b.1,,60,36,2,0,False,False,-1,[],
60.36.2.bb.1,,60,36,2,0,False,False,-1,[],
60.36.2.be.1,,60,36,2,0,False,False,-1,[],
60.36.2.bh.1,,60,36,2,0,False,,0,[],
60.36.2.bi.1,,60,36,2,0,False,,0,[],
60.36.2.bl.1,,60,36,2,0,False,,0,[],
60.36.2.bm.1,,60,36,2,0,False,,0,[],
60.36.2.bq.1,,60,36,2,0,False,,0,[],
60.36.2.bs.1,,60,36,2,0,False,,0,[],
60.36.2.bz.1,,60,36,2,0,False,,0,[],
60.36.2.c.1,,60,36,2,0,False,False,-1,[],
60.36.2.ca.1,,60,36,2,0,False,,0,[],
60.36.2.cf.1,,60,36,2,0,False,,0,[],
60.36.2.cg.1,,60,36,2,0,False,,0,[],
60.36.2.ci.1,,60,36,2,0,False,,0,[],
60.36.2.cl.1,,60,36,2,0,False,,0,[],
60.36.2.cm.1,,60,36,2,0,False,,0,[],
60.36.2.cn.1,,60,36,2,0,False,False,-1,[],
60.36.2.cp.1,,60,36,2,0,False,False,-1,[],
60.36.2.cr.1,,60,36,2,0,False,False,-1,[],
60.36.2.cs.1,,60,36,2,0,False,,0,[],
60.36.2.ct.1,,60,36,2,0,False,False,-1,[],
60.36.2.cv.1,,60,36,2,0,False,False,-1,[],
60.36.2.cw.1,,60,36,2,0,False,,0,[],
60.36.2.cx.1,,60,36,2,0,False,False,-1,[],
60.36.2.cy.1,,60,36,2,0,False,,0,[],
60.36.2.cz.1,,60,36,2,0,False,False,-1,[],
60.36.2.d.1,,60,36,2,0,False,False,-1,[],
60.36.2.db.1,,60,36,2,0,False,False,-1,[],
60.36.2.dc.1,,60,36,2,0,False,,0,[],
60.36.2.dd.1,,60,36,2,0,False,,0,[],
60.36.2.de.1,,60,36,2,0,False,,0,[],
60.36.2.dg.1,,60,36,2,0,False,,0,[],
60.36.2.di.1,,60,36,2,0,False,,0,[],
60.36.2.dj.1,,60,36,2,0,False,,0,[],
60.36.2.dm.1,,60,36,2,0,False,,0,[],
60.36.2.do.1,,60,36,2,0,False,,0,[],
60.36.2.dp.1,,60,36,2,0,False,,0,[],
60.36.2.dq.1,,60,36,2,0,False,,0,[],
60.36.2.dr.1,,60,36,2,0,False,,0,[],
60.36.2.ds.1,,60,36,2,0,False,,0,[],
60.36.2.du.1,,60,36,2,0,False,False,-1,[],
60.36.2.e.1,,60,36,2,0,False,False,-1,[],
60.36.2.eb.1,,60,36,2,0,False,False,-1,[],
60.36.2.ee.1,,60,36,2,0,False,False,-1,[],
60.36.2.eh.1,,60,36,2,0,False,False,-1,[],
60.36.2.el.1,,60,36,2,0,False,,0,[],
60.36.2.eq.1,,60,36,2,0,False,,0,[],
60.36.2.ev.1,,60,36,2,0,False,,0,[],
60.36.2.ew.1,,60,36,2,0,False,,0,[],
60.36.2.fb.1,,60,36,2,0,False,,0,[],
60.36.2.fc.1,,60,36,2,0,False,,0,[],
60.36.2.fe.1,,60,36,2,0,False,,0,[],
60.36.2.fh.1,,60,36,2,0,False,,0,[],
60.36.2.fk.1,,60,36,2,0,False,False,-1,[],
60.36.2.fl.1,,60,36,2,0,False,False,-1,[],
60.36.2.fn.1,,60,36,2,0,False,,0,[],
60.36.2.fo.1,,60,36,2,0,False,False,-1,[],
60.36.2.fp.1,,60,36,2,0,False,False,-1,[],
60.36.2.fq.1,,60,36,2,0,True,False,-1,[],
60.36.2.fq.2,,60,36,2,0,True,False,-1,[],
60.36.2.fr.1,,60,36,2,0,True,False,-1,[],
60.36.2.fr.2,,60,36,2,0,True,False,-1,[],
60.36.2.ft.1,,60,36,2,0,True,,0,[],
60.36.2.ft.2,,60,36,2,0,True,,0,[],
60.36.2.fu.1,,60,36,2,0,True,False,-1,[],
60.36.2.fu.2,,60,36,2,0,True,False,-1,[],
60.36.2.fv.1,,60,36,2,0,True,False,-1,[],
60.36.2.fv.2,,60,36,2,0,True,False,-1,[],
60.36.2.h.1,,60,36,2,0,False,False,-1,[],
60.36.2.j.1,,60,36,2,0,False,,0,[],
60.36.2.s.1,,60,36,2,0,False,False,-1,[],
60.36.2.t.1,,60,36,2,0,False,False,-1,[],
60.36.2.v.1,,60,36,2,0,False,,0,[],
60.36.2.w.1,,60,36,2,0,False,False,-1,[],
60.36.2.x.1,,60,36,2,0,False,False,-1,[],
60.40.2.f.1,,60,40,2,0,False,False,-1,[],
60.48.2-12.b.1.1,,60,48,2,0,False,False,-1,[],
60.48.2-12.b.1.2,,60,48,2,0,False,False,-1,[],
60.48.2-12.b.1.3,,60,48,2,0,False,False,-1,[],
60.48.2-12.b.1.4,,60,48,2,0,False,False,-1,[],
60.48.2.a.1,,60,48,2,0,True,False,-1,[],
60.48.2.a.2,,60,48,2,0,True,False,-1,[],
60.48.2.b.1,,60,48,2,0,True,False,-1,[],
60.48.2.b.2,,60,48,2,0,True,False,-1,[],
60.48.2.d.1,,60,48,2,0,False,False,-1,[],
60.48.2.e.1,,60,48,2,0,False,False,-1,[],
60.60.2-10.a.1.1,,60,60,2,0,False,False,-1,[],
60.60.2-10.a.1.2,,60,60,2,0,False,False,-1,[],
60.60.2-10.a.1.3,,60,60,2,0,False,False,-1,[],
60.60.2-10.a.1.4,,60,60,2,0,False,False,-1,[],
60.60.2-10.b.1.1,,60,60,2,0,False,False,-1,[],
60.60.2-10.b.1.2,,60,60,2,0,False,False,-1,[],
60.60.2-10.b.1.3,,60,60,2,0,False,False,-1,[],
60.60.2-10.b.1.4,,60,60,2,0,False,False,-1,[],
60.60.2-20.a.1.1,,60,60,2,0,False,False,-1,[],
60.60.2-20.a.1.2,,60,60,2,0,False,False,-1,[],
60.60.2-20.a.1.3,,60,60,2,0,False,False,-1,[],
60.60.2-20.a.1.4,,60,60,2,0,False,False,-1,[],
60.60.2-20.c.1.1,,60,60,2,0,False,False,-1,[],
60.60.2-20.c.1.2,,60,60,2,0,False,False,-1,[],
60.60.2-20.c.1.3,,60,60,2,0,False,False,-1,[],
60.60.2-20.c.1.4,,60,60,2,0,False,False,-1,[],
60.60.2-20.d.1.1,,60,60,2,0,False,False,-1,[],
60.60.2-20.d.1.2,,60,60,2,0,False,False,-1,[],
60.60.2-20.d.1.3,,60,60,2,0,False,False,-1,[],
60.60.2-20.d.1.4,,60,60,2,0,False,False,-1,[],
60.60.2.c.1,,60,60,2,0,True,False,-1,[],
60.60.2.d.1,,60,60,2,0,False,,0,[],
60.60.2.h.1,,60,60,2,0,False,,0,[],
60.60.2.i.1,,60,60,2,0,False,,0,[],
60.60.2.j.1,,60,60,2,0,False,,0,[],
60.72.2-12.a.1.1,,60,72,2,0,False,False,-1,[],
60.72.2-12.a.1.2,,60,72,2,0,False,False,-1,[],
60.72.2-12.a.1.3,,60,72,2,0,False,False,-1,[],
60.72.2-12.a.1.4,,60,72,2,0,False,False,-1,[],
60.72.2-12.a.1.5,,60,72,2,0,False,False,-1,[],
60.72.2-12.a.1.6,,60,72,2,0,False,False,-1,[],
60.72.2-12.a.1.7,,60,72,2,0,False,False,-1,[],
60.72.2-12.a.1.8,,60,72,2,0,False,False,-1,[],
60.72.2-12.b.1.1,,60,72,2,0,False,False,-1,[],
60.72.2-12.b.1.10,,60,72,2,0,False,False,-1,[],
60.72.2-12.b.1.11,,60,72,2,0,False,False,-1,[],
60.72.2-12.b.1.12,,60,72,2,0,False,False,-1,[],
60.72.2-12.b.1.2,,60,72,2,0,False,False,-1,[],
60.72.2-12.b.1.3,,60,72,2,0,False,False,-1,[],
60.72.2-12.b.1.4,,60,72,2,0,False,False,-1,[],
60.72.2-12.b.1.5,,60,72,2,0,False,False,-1,[],
60.72.2-12.b.1.6,,60,72,2,0,False,False,-1,[],
60.72.2-12.b.1.7,,60,72,2,0,False,False,-1,[],
60.72.2-12.b.1.8,,60,72,2,0,False,False,-1,[],
60.72.2-12.b.1.9,,60,72,2,0,False,False,-1,[],
60.72.2-12.ba.1.1,,60,72,2,0,False,False,-1,[],
60.72.2-12.ba.1.2,,60,72,2,0,False,False,-1,[],
60.72.2-12.ba.1.3,,60,72,2,0,False,False,-1,[],
60.72.2-12.ba.1.4,,60,72,2,0,False,False,-1,[],
60.72.2-12.bb.1.1,,60,72,2,0,False,False,-1,[],
60.72.2-12.bb.1.2,,60,72,2,0,False,False,-1,[],
60.72.2-12.bb.1.3,,60,72,2,0,False,False,-1,[],
60.72.2-12.bb.1.4,,60,72,2,0,False,False,-1,[],
60.72.2-12.bd.1.1,,60,72,2,0,False,False,-1,[],
60.72.2-12.bd.1.2,,60,72,2,0,False,False,-1,[],
60.72.2-12.bj.1.1,,60,72,2,0,False,False,-1,[],
60.72.2-12.bj.1.2,,60,72,2,0,False,False,-1,[],
60.72.2-12.c.1.1,,60,72,2,0,False,False,-1,[],
60.72.2-12.c.1.2,,60,72,2,0,False,False,-1,[],
60.72.2-12.c.1.3,,60,72,2,0,False,False,-1,[],
60.72.2-12.c.1.4,,60,72,2,0,False,False,-1,[],
60.72.2-12.c.1.5,,60,72,2,0,False,False,-1,[],
60.72.2-12.c.1.6,,60,72,2,0,False,False,-1,[],
60.72.2-12.c.1.7,,60,72,2,0,False,False,-1,[],
60.72.2-12.c.1.8,,60,72,2,0,False,False,-1,[],
60.72.2-12.d.1.1,,60,72,2,0,False,False,-1,[],
60.72.2-12.d.1.2,,60,72,2,0,False,False,-1,[],
60.72.2-12.d.1.3,,60,72,2,0,False,False,-1,[],
60.72.2-12.d.1.4,,60,72,2,0,False,False,-1,[],
60.72.2-12.d.1.5,,60,72,2,0,False,False,-1,[],
60.72.2-12.d.1.6,,60,72,2,0,False,False,-1,[],
60.72.2-12.d.1.7,,60,72,2,0,False,False,-1,[],
60.72.2-12.d.1.8,,60,72,2,0,False,False,-1,[],
60.72.2-12.e.1.1,,60,72,2,0,False,False,-1,[],
60.72.2-12.e.1.2,,60,72,2,0,False,False,-1,[],
60.72.2-12.e.1.3,,60,72,2,0,False,False,-1,[],
60.72.2-12.e.1.4,,60,72,2,0,False,False,-1,[],
60.72.2-12.e.1.5,,60,72,2,0,False,False,-1,[],
60.72.2-12.e.1.6,,60,72,2,0,False,False,-1,[],
60.72.2-12.e.1.7,,60,72,2,0,False,False,-1,[],
60.72.2-12.e.1.8,,60,72,2,0,False,False,-1,[],
60.72.2-12.f.1.1,,60,72,2,0,False,False,-1,[],
60.72.2-12.f.1.2,,60,72,2,0,False,False,-1,[],
60.72.2-12.f.1.3,,60,72,2,0,False,False,-1,[],
60.72.2-12.f.1.4,,60,72,2,0,False,False,-1,[],
60.72.2-12.f.1.5,,60,72,2,0,False,False,-1,[],
60.72.2-12.f.1.6,,60,72,2,0,False,False,-1,[],
60.72.2-12.f.1.7,,60,72,2,0,False,False,-1,[],
60.72.2-12.f.1.8,,60,72,2,0,False,False,-1,[],
60.72.2-12.g.1.1,,60,72,2,0,False,False,-1,[],
60.72.2-12.g.1.2,,60,72,2,0,False,False,-1,[],
60.72.2-12.g.1.3,,60,72,2,0,False,False,-1,[],
60.72.2-12.g.1.4,,60,72,2,0,False,False,-1,[],
60.72.2-12.g.1.5,,60,72,2,0,False,False,-1,[],
60.72.2-12.g.1.6,,60,72,2,0,False,False,-1,[],
60.72.2-12.g.1.7,,60,72,2,0,False,False,-1,[],
60.72.2-12.g.1.8,,60,72,2,0,False,False,-1,[],
60.72.2-12.h.1.1,,60,72,2,0,False,False,-1,[],
60.72.2-12.h.1.2,,60,72,2,0,False,False,-1,[],
60.72.2-12.h.1.3,,60,72,2,0,False,False,-1,[],
60.72.2-12.h.1.4,,60,72,2,0,False,False,-1,[],
60.72.2-12.h.1.5,,60,72,2,0,False,False,-1,[],
60.72.2-12.h.1.6,,60,72,2,0,False,False,-1,[],
60.72.2-12.h.1.7,,60,72,2,0,False,False,-1,[],
60.72.2-12.h.1.8,,60,72,2,0,False,False,-1,[],
60.72.2-12.l.1.1,,60,72,2,0,False,False,-1,[],
60.72.2-12.l.1.2,,60,72,2,0,False,False,-1,[],
60.72.2-12.l.1.3,,60,72,2,0,False,False,-1,[],
60.72.2-12.l.1.4,,60,72,2,0,False,False,-1,[],
60.72.2-12.n.1.1,,60,72,2,0,False,False,-1,[],
60.72.2-12.n.1.2,,60,72,2,0,False,False,-1,[],
60.72.2-12.n.1.3,,60,72,2,0,False,False,-1,[],
60.72.2-12.n.1.4,,60,72,2,0,False,False,-1,[],
60.72.2-12.p.1.1,,60,72,2,0,False,False,-1,[],
60.72.2-12.p.1.2,,60,72,2,0,False,False,-1,[],
60.72.2-12.p.1.3,,60,72,2,0,False,False,-1,[],
60.72.2-12.p.1.4,,60,72,2,0,False,False,-1,[],
60.72.2-12.p.1.5,,60,72,2,0,False,False,-1,[],
60.72.2-12.p.1.6,,60,72,2,0,False,False,-1,[],
60.72.2-12.p.1.7,,60,72,2,0,False,False,-1,[],
60.72.2-12.p.1.8,,60,72,2,0,False,False,-1,[],
60.72.2-12.s.1.1,,60,72,2,0,False,False,-1,[],
60.72.2-12.s.1.2,,60,72,2,0,False,False,-1,[],
60.72.2-12.s.1.3,,60,72,2,0,False,False,-1,[],
60.72.2-12.s.1.4,,60,72,2,0,False,False,-1,[],
60.72.2-12.t.1.1,,60,72,2,0,False,False,-1,[],
60.72.2-12.t.1.2,,60,72,2,0,False,False,-1,[],
60.72.2-12.t.1.3,,60,72,2,0,False,False,-1,[],
60.72.2-12.t.1.4,,60,72,2,0,False,False,-1,[],
60.72.2-12.w.1.1,,60,72,2,0,False,False,-1,[],
60.72.2-12.w.1.2,,60,72,2,0,False,False,-1,[],
60.72.2-12.w.1.3,,60,72,2,0,False,False,-1,[],
60.72.2-12.w.1.4,,60,72,2,0,False,False,-1,[],
60.72.2-12.x.1.1,,60,72,2,0,False,False,-1,[],
60.72.2-12.x.1.2,,60,72,2,0,False,False,-1,[],
60.72.2-12.x.1.3,,60,72,2,0,False,False,-1,[],
60.72.2-12.x.1.4,,60,72,2,0,False,False,-1,[],
60.72.2-15.a.1.1,,60,72,2,0,True,False,-1,[],
60.72.2-15.a.1.10,,60,72,2,0,True,False,-1,[],
60.72.2-15.a.1.11,,60,72,2,0,True,False,-1,[],
60.72.2-15.a.1.12,,60,72,2,0,True,False,-1,[],
60.72.2-15.a.1.13,,60,72,2,0,True,False,-1,[],
60.72.2-15.a.1.14,,60,72,2,0,True,False,-1,[],
60.72.2-15.a.1.15,,60,72,2,0,True,False,-1,[],
60.72.2-15.a.1.16,,60,72,2,0,True,False,-1,[],
60.72.2-15.a.1.2,,60,72,2,0,True,False,-1,[],
60.72.2-15.a.1.3,,60,72,2,0,True,False,-1,[],
60.72.2-15.a.1.4,,60,72,2,0,True,False,-1,[],
60.72.2-15.a.1.5,,60,72,2,0,True,False,-1,[],
60.72.2-15.a.1.6,,60,72,2,0,True,False,-1,[],
60.72.2-15.a.1.7,,60,72,2,0,True,False,-1,[],
60.72.2-15.a.1.8,,60,72,2,0,True,False,-1,[],
60.72.2-15.a.1.9,,60,72,2,0,True,False,-1,[],
60.72.2-15.a.2.1,,60,72,2,0,True,False,-1,[],
60.72.2-15.a.2.10,,60,72,2,0,True,False,-1,[],
60.72.2-15.a.2.11,,60,72,2,0,True,False,-1,[],
60.72.2-15.a.2.12,,60,72,2,0,True,False,-1,[],
60.72.2-15.a.2.13,,60,72,2,0,True,False,-1,[],
60.72.2-15.a.2.14,,60,72,2,0,True,False,-1,[],
60.72.2-15.a.2.15,,60,72,2,0,True,False,-1,[],
60.72.2-15.a.2.16,,60,72,2,0,True,False,-1,[],
60.72.2-15.a.2.2,,60,72,2,0,True,False,-1,[],
60.72.2-15.a.2.3,,60,72,2,0,True,False,-1,[],
60.72.2-15.a.2.4,,60,72,2,0,True,False,-1,[],
60.72.2-15.a.2.5,,60,72,2,0,True,False,-1,[],
60.72.2-15.a.2.6,,60,72,2,0,True,False,-1,[],
60.72.2-15.a.2.7,,60,72,2,0,True,False,-1,[],
60.72.2-15.a.2.8,,60,72,2,0,True,False,-1,[],
60.72.2-15.a.2.9,,60,72,2,0,True,False,-1,[],
60.72.2-60.a.1.1,,60,72,2,0,False,False,-1,[],
60.72.2-60.a.1.10,,60,72,2,0,False,False,-1,[],
60.72.2-60.a.1.11,,60,72,2,0,False,False,-1,[],
60.72.2-60.a.1.12,,60,72,2,0,False,False,-1,[],
60.72.2-60.a.1.13,,60,72,2,0,False,False,-1,[],
60.72.2-60.a.1.14,,60,72,2,0,False,False,-1,[],
60.72.2-60.a.1.15,,60,72,2,0,False,False,-1,[],
60.72.2-60.a.1.16,,60,72,2,0,False,False,-1,[],
60.72.2-60.a.1.2,,60,72,2,0,False,False,-1,[],
60.72.2-60.a.1.3,,60,72,2,0,False,False,-1,[],
60.72.2-60.a.1.4,,60,72,2,0,False,False,-1,[],
60.72.2-60.a.1.5,,60,72,2,0,False,False,-1,[],
60.72.2-60.a.1.6,,60,72,2,0,False,False,-1,[],
60.72.2-60.a.1.7,,60,72,2,0,False,False,-1,[],
60.72.2-60.a.1.8,,60,72,2,0,False,False,-1,[],
60.72.2-60.a.1.9,,60,72,2,0,False,False,-1,[],
60.72.2-60.b.1.1,,60,72,2,0,False,False,-1,[],
60.72.2-60.b.1.10,,60,72,2,0,False,False,-1,[],
60.72.2-60.b.1.11,,60,72,2,0,False,False,-1,[],
60.72.2-60.b.1.12,,60,72,2,0,False,False,-1,[],
60.72.2-60.b.1.13,,60,72,2,0,False,False,-1,[],
60.72.2-60.b.1.14,,60,72,2,0,False,False,-1,[],
60.72.2-60.b.1.15,,60,72,2,0,False,False,-1,[],
60.72.2-60.b.1.16,,60,72,2,0,False,False,-1,[],
60.72.2-60.b.1.2,,60,72,2,0,False,False,-1,[],
60.72.2-60.b.1.3,,60,72,2,0,False,False,-1,[],
60.72.2-60.b.1.4,,60,72,2,0,False,False,-1,[],
60.72.2-60.b.1.5,,60,72,2,0,False,False,-1,[],
60.72.2-60.b.1.6,,60,72,2,0,False,False,-1,[],
60.72.2-60.b.1.7,,60,72,2,0,False,False,-1,[],
60.72.2-60.b.1.8,,60,72,2,0,False,False,-1,[],
60.72.2-60.b.1.9,,60,72,2,0,False,False,-1,[],
60.72.2-60.bb.1.1,,60,72,2,0,False,False,-1,[],
60.72.2-60.bb.1.2,,60,72,2,0,False,False,-1,[],
60.72.2-60.bb.1.3,,60,72,2,0,False,False,-1,[],
60.72.2-60.bb.1.4,,60,72,2,0,False,False,-1,[],
60.72.2-60.bb.1.5,,60,72,2,0,False,False,-1,[],
60.72.2-60.bb.1.6,,60,72,2,0,False,False,-1,[],
60.72.2-60.bb.1.7,,60,72,2,0,False,False,-1,[],
60.72.2-60.bb.1.8,,60,72,2,0,False,False,-1,[],
60.72.2-60.be.1.1,,60,72,2,0,False,False,-1,[],
60.72.2-60.be.1.2,,60,72,2,0,False,False,-1,[],
60.72.2-60.be.1.3,,60,72,2,0,False,False,-1,[],
60.72.2-60.be.1.4,,60,72,2,0,False,False,-1,[],
60.72.2-60.be.1.5,,60,72,2,0,False,False,-1,[],
60.72.2-60.be.1.6,,60,72,2,0,False,False,-1,[],
60.72.2-60.be.1.7,,60,72,2,0,False,False,-1,[],
60.72.2-60.be.1.8,,60,72,2,0,False,False,-1,[],
60.72.2-60.c.1.1,,60,72,2,0,False,False,-1,[],
60.72.2-60.c.1.10,,60,72,2,0,False,False,-1,[],
60.72.2-60.c.1.11,,60,72,2,0,False,False,-1,[],
60.72.2-60.c.1.12,,60,72,2,0,False,False,-1,[],
60.72.2-60.c.1.13,,60,72,2,0,False,False,-1,[],
60.72.2-60.c.1.14,,60,72,2,0,False,False,-1,[],
60.72.2-60.c.1.15,,60,72,2,0,False,False,-1,[],
60.72.2-60.c.1.16,,60,72,2,0,False,False,-1,[],
60.72.2-60.c.1.2,,60,72,2,0,False,False,-1,[],
60.72.2-60.c.1.3,,60,72,2,0,False,False,-1,[],
60.72.2-60.c.1.4,,60,72,2,0,False,False,-1,[],
60.72.2-60.c.1.5,,60,72,2,0,False,False,-1,[],
60.72.2-60.c.1.6,,60,72,2,0,False,False,-1,[],
60.72.2-60.c.1.7,,60,72,2,0,False,False,-1,[],
60.72.2-60.c.1.8,,60,72,2,0,False,False,-1,[],
60.72.2-60.c.1.9,,60,72,2,0,False,False,-1,[],
60.72.2-60.d.1.1,,60,72,2,0,False,False,-1,[],
60.72.2-60.d.1.10,,60,72,2,0,False,False,-1,[],
60.72.2-60.d.1.11,,60,72,2,0,False,False,-1,[],
60.72.2-60.d.1.12,,60,72,2,0,False,False,-1,[],
60.72.2-60.d.1.13,,60,72,2,0,False,False,-1,[],
60.72.2-60.d.1.14,,60,72,2,0,False,False,-1,[],
60.72.2-60.d.1.15,,60,72,2,0,False,False,-1,[],
60.72.2-60.d.1.16,,60,72,2,0,False,False,-1,[],
60.72.2-60.d.1.2,,60,72,2,0,False,False,-1,[],
60.72.2-60.d.1.3,,60,72,2,0,False,False,-1,[],
60.72.2-60.d.1.4,,60,72,2,0,False,False,-1,[],
60.72.2-60.d.1.5,,60,72,2,0,False,False,-1,[],
60.72.2-60.d.1.6,,60,72,2,0,False,False,-1,[],
60.72.2-60.d.1.7,,60,72,2,0,False,False,-1,[],
60.72.2-60.d.1.8,,60,72,2,0,False,False,-1,[],
60.72.2-60.d.1.9,,60,72,2,0,False,False,-1,[],
60.72.2-60.e.1.1,,60,72,2,0,False,False,-1,[],
60.72.2-60.e.1.10,,60,72,2,0,False,False,-1,[],
60.72.2-60.e.1.11,,60,72,2,0,False,False,-1,[],
60.72.2-60.e.1.12,,60,72,2,0,False,False,-1,[],
60.72.2-60.e.1.13,,60,72,2,0,False,False,-1,[],
60.72.2-60.e.1.14,,60,72,2,0,False,False,-1,[],
60.72.2-60.e.1.15,,60,72,2,0,False,False,-1,[],
60.72.2-60.e.1.16,,60,72,2,0,False,False,-1,[],
60.72.2-60.e.1.2,,60,72,2,0,False,False,-1,[],
60.72.2-60.e.1.3,,60,72,2,0,False,False,-1,[],
60.72.2-60.e.1.4,,60,72,2,0,False,False,-1,[],
60.72.2-60.e.1.5,,60,72,2,0,False,False,-1,[],
60.72.2-60.e.1.6,,60,72,2,0,False,False,-1,[],
60.72.2-60.e.1.7,,60,72,2,0,False,False,-1,[],
60.72.2-60.e.1.8,,60,72,2,0,False,False,-1,[],
60.72.2-60.e.1.9,,60,72,2,0,False,False,-1,[],
60.72.2-60.h.1.1,,60,72,2,0,False,False,-1,[],
60.72.2-60.h.1.10,,60,72,2,0,False,False,-1,[],
60.72.2-60.h.1.11,,60,72,2,0,False,False,-1,[],
60.72.2-60.h.1.12,,60,72,2,0,False,False,-1,[],
60.72.2-60.h.1.13,,60,72,2,0,False,False,-1,[],
60.72.2-60.h.1.14,,60,72,2,0,False,False,-1,[],
60.72.2-60.h.1.15,,60,72,2,0,False,False,-1,[],
60.72.2-60.h.1.16,,60,72,2,0,False,False,-1,[],
60.72.2-60.h.1.2,,60,72,2,0,False,False,-1,[],
60.72.2-60.h.1.3,,60,72,2,0,False,False,-1,[],
60.72.2-60.h.1.4,,60,72,2,0,False,False,-1,[],
60.72.2-60.h.1.5,,60,72,2,0,False,False,-1,[],
60.72.2-60.h.1.6,,60,72,2,0,False,False,-1,[],
60.72.2-60.h.1.7,,60,72,2,0,False,False,-1,[],
60.72.2-60.h.1.8,,60,72,2,0,False,False,-1,[],
60.72.2-60.h.1.9,,60,72,2,0,False,False,-1,[],
60.72.2-60.j.1.1,,60,72,2,0,False,,0,[],
60.72.2-60.j.1.2,,60,72,2,0,False,,0,[],
60.72.2-60.j.1.3,,60,72,2,0,False,,0,[],
60.72.2-60.j.1.4,,60,72,2,0,False,,0,[],
60.72.2-60.j.1.5,,60,72,2,0,False,,0,[],
60.72.2-60.j.1.6,,60,72,2,0,False,,0,[],
60.72.2-60.j.1.7,,60,72,2,0,False,,0,[],
60.72.2-60.j.1.8,,60,72,2,0,False,,0,[],
60.72.2-60.s.1.1,,60,72,2,0,False,False,-1,[],
60.72.2-60.s.1.2,,60,72,2,0,False,False,-1,[],
60.72.2-60.s.1.3,,60,72,2,0,False,False,-1,[],
60.72.2-60.s.1.4,,60,72,2,0,False,False,-1,[],
60.72.2-60.s.1.5,,60,72,2,0,False,False,-1,[],
60.72.2-60.s.1.6,,60,72,2,0,False,False,-1,[],
60.72.2-60.s.1.7,,60,72,2,0,False,False,-1,[],
60.72.2-60.s.1.8,,60,72,2,0,False,False,-1,[],
60.72.2-60.t.1.1,,60,72,2,0,False,False,-1,[],
60.72.2-60.t.1.2,,60,72,2,0,False,False,-1,[],
60.72.2-60.t.1.3,,60,72,2,0,False,False,-1,[],
60.72.2-60.t.1.4,,60,72,2,0,False,False,-1,[],
60.72.2-60.t.1.5,,60,72,2,0,False,False,-1,[],
60.72.2-60.t.1.6,,60,72,2,0,False,False,-1,[],
60.72.2-60.t.1.7,,60,72,2,0,False,False,-1,[],
60.72.2-60.t.1.8,,60,72,2,0,False,False,-1,[],
60.72.2-60.w.1.1,,60,72,2,0,False,False,-1,[],
60.72.2-60.w.1.2,,60,72,2,0,False,False,-1,[],
60.72.2-60.w.1.3,,60,72,2,0,False,False,-1,[],
60.72.2-60.w.1.4,,60,72,2,0,False,False,-1,[],
60.72.2-60.w.1.5,,60,72,2,0,False,False,-1,[],
60.72.2-60.w.1.6,,60,72,2,0,False,False,-1,[],
60.72.2-60.w.1.7,,60,72,2,0,False,False,-1,[],
60.72.2-60.w.1.8,,60,72,2,0,False,False,-1,[],
60.72.2-60.x.1.1,,60,72,2,0,False,False,-1,[],
60.72.2-60.x.1.2,,60,72,2,0,False,False,-1,[],
60.72.2-60.x.1.3,,60,72,2,0,False,False,-1,[],
60.72.2-60.x.1.4,,60,72,2,0,False,False,-1,[],
60.72.2-60.x.1.5,,60,72,2,0,False,False,-1,[],
60.72.2-60.x.1.6,,60,72,2,0,False,False,-1,[],
60.72.2-60.x.1.7,,60,72,2,0,False,False,-1,[],
60.72.2-60.x.1.8,,60,72,2,0,False,False,-1,[],
60.72.2.a.1,,60,72,2,0,False,,0,[],
60.72.2.bb.1,,60,72,2,0,False,,0,[],
60.72.2.bc.1,,60,72,2,0,False,,0,[],
60.72.2.bd.1,,60,72,2,0,False,,0,[],
60.72.2.be.1,,60,72,2,0,False,,0,[],
60.72.2.bf.1,,60,72,2,0,False,,0,[],
60.72.2.bi.1,,60,72,2,0,False,False,-1,[],
60.72.2.bl.1,,60,72,2,0,False,False,-1,[],
60.72.2.bn.1,,60,72,2,0,False,,0,[],
60.72.2.bo.1,,60,72,2,0,False,,0,[],
60.72.2.br.1,,60,72,2,0,False,,0,[],
60.72.2.bs.1,,60,72,2,0,False,,0,[],
60.72.2.bu.1,,60,72,2,0,False,,0,[],
60.72.2.bx.1,,60,72,2,0,False,,0,[],
60.72.2.d.1,,60,72,2,0,False,,0,[],
60.72.2.e.1,,60,72,2,0,False,,0,[],
60.72.2.f.1,,60,72,2,0,False,,0,[],
60.72.2.g.1,,60,72,2,0,False,,0,[],
60.72.2.h.1,,60,72,2,0,False,,0,[],
60.72.2.j.1,,60,72,2,0,False,,0,[],
60.72.2.k.1,,60,72,2,0,False,,0,[],
60.72.2.n.1,,60,72,2,0,False,,0,[],
60.72.2.o.1,,60,72,2,0,False,,0,[],
60.72.2.r.1,,60,72,2,0,False,,0,[],
60.72.2.s.1,,60,72,2,0,False,,0,[],
60.72.2.u.1,,60,72,2,0,False,,0,[],
60.72.2.x.1,,60,72,2,0,False,,0,[],
60.72.2.y.1,,60,72,2,0,False,,0,[],
60.80.2-15.a.1.1,,60,80,2,0,False,False,-1,[],
60.80.2-15.a.1.10,,60,80,2,0,False,False,-1,[],
60.80.2-15.a.1.11,,60,80,2,0,False,False,-1,[],
60.80.2-15.a.1.12,,60,80,2,0,False,False,-1,[],
60.80.2-15.a.1.13,,60,80,2,0,False,False,-1,[],
60.80.2-15.a.1.14,,60,80,2,0,False,False,-1,[],
60.80.2-15.a.1.15,,60,80,2,0,False,False,-1,[],
60.80.2-15.a.1.16,,60,80,2,0,False,False,-1,[],
60.80.2-15.a.1.2,,60,80,2,0,False,False,-1,[],
60.80.2-15.a.1.3,,60,80,2,0,False,False,-1,[],
60.80.2-15.a.1.4,,60,80,2,0,False,False,-1,[],
60.80.2-15.a.1.5,,60,80,2,0,False,False,-1,[],
60.80.2-15.a.1.6,,60,80,2,0,False,False,-1,[],
60.80.2-15.a.1.7,,60,80,2,0,False,False,-1,[],
60.80.2-15.a.1.8,,60,80,2,0,False,False,-1,[],
60.80.2-15.a.1.9,,60,80,2,0,False,False,-1,[],
60.80.2-30.a.1.1,,60,80,2,0,False,False,-1,[],
60.80.2-30.a.1.2,,60,80,2,0,False,False,-1,[],
60.80.2-30.a.1.3,,60,80,2,0,False,False,-1,[],
60.80.2-30.a.1.4,,60,80,2,0,False,False,-1,[],
60.80.2-30.a.1.5,,60,80,2,0,False,False,-1,[],
60.80.2-30.a.1.6,,60,80,2,0,False,False,-1,[],
60.80.2-30.a.1.7,,60,80,2,0,False,False,-1,[],
60.80.2-30.a.1.8,,60,80,2,0,False,False,-1,[],
60.80.2-30.c.1.1,,60,80,2,0,False,False,-1,[],
60.80.2-30.c.1.2,,60,80,2,0,False,False,-1,[],
60.80.2-30.c.1.3,,60,80,2,0,False,False,-1,[],
60.80.2-30.c.1.4,,60,80,2,0,False,False,-1,[],
60.80.2-30.d.1.1,,60,80,2,0,False,False,-1,[],
60.80.2-30.d.1.2,,60,80,2,0,False,False,-1,[],
60.80.2-30.d.1.3,,60,80,2,0,False,False,-1,[],
60.80.2-30.d.1.4,,60,80,2,0,False,False,-1,[],
60.80.2-60.f.1.1,,60,80,2,0,False,False,-1,[],
60.80.2-60.f.1.2,,60,80,2,0,False,False,-1,[],
60.80.2-60.f.1.3,,60,80,2,0,False,False,-1,[],
60.80.2-60.f.1.4,,60,80,2,0,False,False,-1,[],
60.80.2-60.f.1.5,,60,80,2,0,False,False,-1,[],
60.80.2-60.f.1.6,,60,80,2,0,False,False,-1,[],
60.80.2-60.f.1.7,,60,80,2,0,False,False,-1,[],
60.80.2-60.f.1.8,,60,80,2,0,False,False,-1,[],
60.90.2.a.1,,60,90,2,0,False,,0,[],
60.96.2-12.a.1.1,,60,96,2,0,True,False,-1,[],
60.96.2-12.a.1.2,,60,96,2,0,True,False,-1,[],
60.96.2-12.a.1.3,,60,96,2,0,True,False,-1,[],
60.96.2-12.a.1.4,,60,96,2,0,True,False,-1,[],
60.96.2-12.a.1.5,,60,96,2,0,True,False,-1,[],
60.96.2-12.a.1.6,,60,96,2,0,True,False,-1,[],
60.96.2-12.a.1.7,,60,96,2,0,True,False,-1,[],
60.96.2-12.a.1.8,,60,96,2,0,True,False,-1,[],
60.96.2-12.a.2.1,,60,96,2,0,True,False,-1,[],
60.96.2-12.a.2.2,,60,96,2,0,True,False,-1,[],
60.96.2-12.a.2.3,,60,96,2,0,True,False,-1,[],
60.96.2-12.a.2.4,,60,96,2,0,True,False,-1,[],
60.96.2-12.a.2.5,,60,96,2,0,True,False,-1,[],
60.96.2-12.a.2.6,,60,96,2,0,True,False,-1,[],
60.96.2-12.a.2.7,,60,96,2,0,True,False,-1,[],
60.96.2-12.a.2.8,,60,96,2,0,True,False,-1,[],
60.96.2-12.b.1.1,,60,96,2,0,True,False,-1,[],
60.96.2-12.b.1.2,,60,96,2,0,True,False,-1,[],
60.96.2-12.b.1.3,,60,96,2,0,True,False,-1,[],
60.96.2-12.b.1.4,,60,96,2,0,True,False,-1,[],
60.96.2-12.b.1.5,,60,96,2,0,True,False,-1,[],
60.96.2-12.b.1.6,,60,96,2,0,True,False,-1,[],
60.96.2-12.b.1.7,,60,96,2,0,True,False,-1,[],
60.96.2-12.b.1.8,,60,96,2,0,True,False,-1,[],
60.96.2-12.b.2.1,,60,96,2,0,True,False,-1,[],
60.96.2-12.b.2.2,,60,96,2,0,True,False,-1,[],
60.96.2-12.b.2.3,,60,96,2,0,True,False,-1,[],
60.96.2-12.b.2.4,,60,96,2,0,True,False,-1,[],
60.96.2-12.b.2.5,,60,96,2,0,True,False,-1,[],
60.96.2-12.b.2.6,,60,96,2,0,True,False,-1,[],
60.96.2-12.b.2.7,,60,96,2,0,True,False,-1,[],
60.96.2-12.b.2.8,,60,96,2,0,True,False,-1,[],
60.96.2-12.c.1.1,,60,96,2,0,False,False,-1,[],
60.96.2-12.c.1.2,,60,96,2,0,False,False,-1,[],
60.96.2-12.c.1.3,,60,96,2,0,False,False,-1,[],
60.96.2-12.c.1.4,,60,96,2,0,False,False,-1,[],
60.96.2-12.c.1.5,,60,96,2,0,False,False,-1,[],
60.96.2-12.c.1.6,,60,96,2,0,False,False,-1,[],
60.96.2-12.c.1.7,,60,96,2,0,False,False,-1,[],
60.96.2-12.c.1.8,,60,96,2,0,False,False,-1,[],
60.96.2-12.d.1.1,,60,96,2,0,False,False,-1,[],
60.96.2-12.d.1.2,,60,96,2,0,False,False,-1,[],
60.96.2-12.d.1.3,,60,96,2,0,False,False,-1,[],
60.96.2-12.d.1.4,,60,96,2,0,False,False,-1,[],
60.96.2-12.d.1.5,,60,96,2,0,False,False,-1,[],
60.96.2-12.d.1.6,,60,96,2,0,False,False,-1,[],
60.96.2-12.d.1.7,,60,96,2,0,False,False,-1,[],
60.96.2-12.d.1.8,,60,96,2,0,False,False,-1,[],
60.96.2-12.e.1.1,,60,96,2,0,False,False,-1,[],
60.96.2-12.e.1.2,,60,96,2,0,False,False,-1,[],
60.96.2-12.e.1.3,,60,96,2,0,False,False,-1,[],
60.96.2-12.e.1.4,,60,96,2,0,False,False,-1,[],
60.96.2-12.e.1.5,,60,96,2,0,False,False,-1,[],
60.96.2-12.e.1.6,,60,96,2,0,False,False,-1,[],
60.96.2-12.e.1.7,,60,96,2,0,False,False,-1,[],
60.96.2-12.e.1.8,,60,96,2,0,False,False,-1,[],
60.96.2-12.f.1.1,,60,96,2,0,False,False,-1,[],
60.96.2-12.f.1.2,,60,96,2,0,False,False,-1,[],
60.96.2-12.f.1.3,,60,96,2,0,False,False,-1,[],
60.96.2-12.f.1.4,,60,96,2,0,False,False,-1,[],
60.96.2-12.f.1.5,,60,96,2,0,False,False,-1,[],
60.96.2-12.f.1.6,,60,96,2,0,False,False,-1,[],
60.96.2-12.f.1.7,,60,96,2,0,False,False,-1,[],
60.96.2-12.f.1.8,,60,96,2,0,False,False,-1,[],
60.96.2-60.a.1.1,,60,96,2,0,True,False,-1,[],
60.96.2-60.a.1.10,,60,96,2,0,True,False,-1,[],
60.96.2-60.a.1.11,,60,96,2,0,True,False,-1,[],
60.96.2-60.a.1.12,,60,96,2,0,True,False,-1,[],
60.96.2-60.a.1.13,,60,96,2,0,True,False,-1,[],
60.96.2-60.a.1.14,,60,96,2,0,True,False,-1,[],
60.96.2-60.a.1.15,,60,96,2,0,True,False,-1,[],
60.96.2-60.a.1.16,,60,96,2,0,True,False,-1,[],
60.96.2-60.a.1.2,,60,96,2,0,True,False,-1,[],
60.96.2-60.a.1.3,,60,96,2,0,True,False,-1,[],
60.96.2-60.a.1.4,,60,96,2,0,True,False,-1,[],
60.96.2-60.a.1.5,,60,96,2,0,True,False,-1,[],
60.96.2-60.a.1.6,,60,96,2,0,True,False,-1,[],
60.96.2-60.a.1.7,,60,96,2,0,True,False,-1,[],
60.96.2-60.a.1.8,,60,96,2,0,True,False,-1,[],
60.96.2-60.a.1.9,,60,96,2,0,True,False,-1,[],
60.96.2-60.a.2.1,,60,96,2,0,True,False,-1,[],
60.96.2-60.a.2.10,,60,96,2,0,True,False,-1,[],
60.96.2-60.a.2.11,,60,96,2,0,True,False,-1,[],
60.96.2-60.a.2.12,,60,96,2,0,True,False,-1,[],
60.96.2-60.a.2.13,,60,96,2,0,True,False,-1,[],
60.96.2-60.a.2.14,,60,96,2,0,True,False,-1,[],
60.96.2-60.a.2.15,,60,96,2,0,True,False,-1,[],
60.96.2-60.a.2.16,,60,96,2,0,True,False,-1,[],
60.96.2-60.a.2.2,,60,96,2,0,True,False,-1,[],
60.96.2-60.a.2.3,,60,96,2,0,True,False,-1,[],
60.96.2-60.a.2.4,,60,96,2,0,True,False,-1,[],
60.96.2-60.a.2.5,,60,96,2,0,True,False,-1,[],
60.96.2-60.a.2.6,,60,96,2,0,True,False,-1,[],
60.96.2-60.a.2.7,,60,96,2,0,True,False,-1,[],
60.96.2-60.a.2.8,,60,96,2,0,True,False,-1,[],
60.96.2-60.a.2.9,,60,96,2,0,True,False,-1,[],
60.96.2-60.b.1.1,,60,96,2,0,True,False,-1,[],
60.96.2-60.b.1.10,,60,96,2,0,True,False,-1,[],
60.96.2-60.b.1.11,,60,96,2,0,True,False,-1,[],
60.96.2-60.b.1.12,,60,96,2,0,True,False,-1,[],
60.96.2-60.b.1.13,,60,96,2,0,True,False,-1,[],
60.96.2-60.b.1.14,,60,96,2,0,True,False,-1,[],
60.96.2-60.b.1.15,,60,96,2,0,True,False,-1,[],
60.96.2-60.b.1.16,,60,96,2,0,True,False,-1,[],
60.96.2-60.b.1.2,,60,96,2,0,True,False,-1,[],
60.96.2-60.b.1.3,,60,96,2,0,True,False,-1,[],
60.96.2-60.b.1.4,,60,96,2,0,True,False,-1,[],
60.96.2-60.b.1.5,,60,96,2,0,True,False,-1,[],
60.96.2-60.b.1.6,,60,96,2,0,True,False,-1,[],
60.96.2-60.b.1.7,,60,96,2,0,True,False,-1,[],
60.96.2-60.b.1.8,,60,96,2,0,True,False,-1,[],
60.96.2-60.b.1.9,,60,96,2,0,True,False,-1,[],
60.96.2-60.b.2.1,,60,96,2,0,True,False,-1,[],
60.96.2-60.b.2.10,,60,96,2,0,True,False,-1,[],
60.96.2-60.b.2.11,,60,96,2,0,True,False,-1,[],
60.96.2-60.b.2.12,,60,96,2,0,True,False,-1,[],
60.96.2-60.b.2.13,,60,96,2,0,True,False,-1,[],
60.96.2-60.b.2.14,,60,96,2,0,True,False,-1,[],
60.96.2-60.b.2.15,,60,96,2,0,True,False,-1,[],
60.96.2-60.b.2.16,,60,96,2,0,True,False,-1,[],
60.96.2-60.b.2.2,,60,96,2,0,True,False,-1,[],
60.96.2-60.b.2.3,,60,96,2,0,True,False,-1,[],
60.96.2-60.b.2.4,,60,96,2,0,True,False,-1,[],
60.96.2-60.b.2.5,,60,96,2,0,True,False,-1,[],
60.96.2-60.b.2.6,,60,96,2,0,True,False,-1,[],
60.96.2-60.b.2.7,,60,96,2,0,True,False,-1,[],
60.96.2-60.b.2.8,,60,96,2,0,True,False,-1,[],
60.96.2-60.b.2.9,,60,96,2,0,True,False,-1,[],
60.96.2-60.d.1.1,,60,96,2,0,False,False,-1,[],
60.96.2-60.d.1.10,,60,96,2,0,False,False,-1,[],
60.96.2-60.d.1.11,,60,96,2,0,False,False,-1,[],
60.96.2-60.d.1.12,,60,96,2,0,False,False,-1,[],
60.96.2-60.d.1.13,,60,96,2,0,False,False,-1,[],
60.96.2-60.d.1.14,,60,96,2,0,False,False,-1,[],
60.96.2-60.d.1.15,,60,96,2,0,False,False,-1,[],
60.96.2-60.d.1.16,,60,96,2,0,False,False,-1,[],
60.96.2-60.d.1.2,,60,96,2,0,False,False,-1,[],
60.96.2-60.d.1.3,,60,96,2,0,False,False,-1,[],
60.96.2-60.d.1.4,,60,96,2,0,False,False,-1,[],
60.96.2-60.d.1.5,,60,96,2,0,False,False,-1,[],
60.96.2-60.d.1.6,,60,96,2,0,False,False,-1,[],
60.96.2-60.d.1.7,,60,96,2,0,False,False,-1,[],
60.96.2-60.d.1.8,,60,96,2,0,False,False,-1,[],
60.96.2-60.d.1.9,,60,96,2,0,False,False,-1,[],
60.96.2-60.e.1.1,,60,96,2,0,False,False,-1,[],
60.96.2-60.e.1.10,,60,96,2,0,False,False,-1,[],
60.96.2-60.e.1.11,,60,96,2,0,False,False,-1,[],
60.96.2-60.e.1.12,,60,96,2,0,False,False,-1,[],
60.96.2-60.e.1.13,,60,96,2,0,False,False,-1,[],
60.96.2-60.e.1.14,,60,96,2,0,False,False,-1,[],
60.96.2-60.e.1.15,,60,96,2,0,False,False,-1,[],
60.96.2-60.e.1.16,,60,96,2,0,False,False,-1,[],
60.96.2-60.e.1.2,,60,96,2,0,False,False,-1,[],
60.96.2-60.e.1.3,,60,96,2,0,False,False,-1,[],
60.96.2-60.e.1.4,,60,96,2,0,False,False,-1,[],
60.96.2-60.e.1.5,,60,96,2,0,False,False,-1,[],
60.96.2-60.e.1.6,,60,96,2,0,False,False,-1,[],
60.96.2-60.e.1.7,,60,96,2,0,False,False,-1,[],
60.96.2-60.e.1.8,,60,96,2,0,False,False,-1,[],
60.96.2-60.e.1.9,,60,96,2,0,False,False,-1,[],
62.64.2-31.a.1.1,,62,64,2,0,True,False,-1,[],
62.64.2-31.a.1.2,,62,64,2,0,True,False,-1,[],
63.72.2-9.a.1.1,,63,72,2,0,True,False,-1,[],
65.168.2-13.b.1.1,,65,168,2,0,True,False,-1,[],
65.168.2-13.b.1.2,,65,168,2,0,True,False,-1,[],
65.168.2-13.b.2.1,,65,168,2,0,True,False,-1,[],
65.168.2-13.b.2.2,,65,168,2,0,True,False,-1,[],
65.168.2-65.a.1.1,,65,168,2,0,True,,0,[],
65.168.2-65.a.1.2,,65,168,2,0,True,,0,[],
65.168.2-65.a.1.3,,65,168,2,0,True,,0,[],
65.168.2-65.a.1.4,,65,168,2,0,True,,0,[],
65.168.2-65.a.2.1,,65,168,2,0,True,,0,[],
65.168.2-65.a.2.2,,65,168,2,0,True,,0,[],
65.168.2-65.a.2.3,,65,168,2,0,True,,0,[],
65.168.2-65.a.2.4,,65,168,2,0,True,,0,[],
65.168.2-65.c.1.1,,65,168,2,0,True,,0,[],
65.168.2-65.c.1.2,,65,168,2,0,True,,0,[],
65.168.2-65.c.1.3,,65,168,2,0,True,,0,[],
65.168.2-65.c.1.4,,65,168,2,0,True,,0,[],
65.168.2-65.c.2.1,,65,168,2,0,True,,0,[],
65.168.2-65.c.2.2,,65,168,2,0,True,,0,[],
65.168.2-65.c.2.3,,65,168,2,0,True,,0,[],
65.168.2-65.c.2.4,,65,168,2,0,True,,0,[],
65.84.2.a.1,,65,84,2,0,True,,0,[],
65.84.2.a.2,,65,84,2,0,True,,0,[],
65.84.2.c.1,,65,84,2,0,True,,0,[],
65.84.2.c.2,,65,84,2,0,True,,0,[],
66.24.2.a.1,,66,24,2,0,False,False,-1,[],
66.24.2.b.1,,66,24,2,0,False,False,-1,[],
66.48.2-22.a.1.1,,66,48,2,0,False,False,-1,[],
66.48.2-22.a.1.2,,66,48,2,0,False,False,-1,[],
66.48.2-66.a.1.1,,66,48,2,0,False,False,-1,[],
66.48.2-66.a.1.2,,66,48,2,0,False,False,-1,[],
66.48.2-66.a.1.3,,66,48,2,0,False,False,-1,[],
66.48.2-66.a.1.4,,66,48,2,0,False,False,-1,[],
66.48.2-66.b.1.1,,66,48,2,0,False,False,-1,[],
66.48.2-66.b.1.2,,66,48,2,0,False,False,-1,[],
66.48.2-66.b.1.3,,66,48,2,0,False,False,-1,[],
66.48.2-66.b.1.4,,66,48,2,0,False,False,-1,[],
66.72.2-22.a.1.1,,66,72,2,0,False,False,-1,[],
66.72.2-22.a.1.2,,66,72,2,0,False,False,-1,[],
66.72.2-22.a.1.3,,66,72,2,0,False,False,-1,[],
66.72.2-22.a.1.4,,66,72,2,0,False,False,-1,[],
69.48.2-23.a.1.1,,69,48,2,0,True,False,-1,[],
69.48.2-23.a.1.2,,69,48,2,0,True,False,-1,[],
70.30.2.a.1,,70,30,2,0,True,,0,[],
70.48.2.a.1,,70,48,2,0,True,False,-1,[],
70.48.2.a.2,,70,48,2,0,True,False,-1,[],
70.48.2.b.1,,70,48,2,0,False,,0,[],
70.48.2.c.1,,70,48,2,0,False,False,-1,[],
70.48.2.d.1,,70,48,2,0,True,False,-1,[],
70.48.2.d.2,,70,48,2,0,True,False,-1,[],
70.60.2.c.1,,70,60,2,0,True,False,-1,[],
70.80.2-35.a.1.1,,70,80,2,0,True,False,-1,[],
70.80.2-35.a.1.2,,70,80,2,0,True,False,-1,[],
70.80.2-35.a.1.3,,70,80,2,0,True,False,-1,[],
70.80.2-35.a.1.4,,70,80,2,0,True,False,-1,[],
70.96.2-14.a.1.1,,70,96,2,0,False,False,-1,[],
70.96.2-14.a.1.2,,70,96,2,0,False,False,-1,[],
70.96.2-14.b.1.1,,70,96,2,0,True,,0,[],
70.96.2-14.b.1.2,,70,96,2,0,True,,0,[],
70.96.2-14.c.1.1,,70,96,2,0,True,False,-1,[],
70.96.2-14.c.1.2,,70,96,2,0,True,False,-1,[],
70.96.2-14.c.2.1,,70,96,2,0,True,False,-1,[],
70.96.2-14.c.2.2,,70,96,2,0,True,False,-1,[],
70.96.2-14.e.1.1,,70,96,2,0,True,False,-1,[],
70.96.2-14.e.1.2,,70,96,2,0,True,False,-1,[],
70.96.2-14.e.2.1,,70,96,2,0,True,False,-1,[],
70.96.2-14.e.2.2,,70,96,2,0,True,False,-1,[],
70.96.2-14.f.1.1,,70,96,2,0,False,False,-1,[],
70.96.2-14.f.1.2,,70,96,2,0,False,False,-1,[],
70.96.2-70.a.1.1,,70,96,2,0,True,False,-1,[],
70.96.2-70.a.1.2,,70,96,2,0,True,False,-1,[],
70.96.2-70.a.1.3,,70,96,2,0,True,False,-1,[],
70.96.2-70.a.1.4,,70,96,2,0,True,False,-1,[],
70.96.2-70.a.2.1,,70,96,2,0,True,False,-1,[],
70.96.2-70.a.2.2,,70,96,2,0,True,False,-1,[],
70.96.2-70.a.2.3,,70,96,2,0,True,False,-1,[],
70.96.2-70.a.2.4,,70,96,2,0,True,False,-1,[],
70.96.2-70.b.1.1,,70,96,2,0,False,,0,[],
70.96.2-70.b.1.2,,70,96,2,0,False,,0,[],
70.96.2-70.b.1.3,,70,96,2,0,False,,0,[],
70.96.2-70.b.1.4,,70,96,2,0,False,,0,[],
70.96.2-70.c.1.1,,70,96,2,0,False,False,-1,[],
70.96.2-70.c.1.2,,70,96,2,0,False,False,-1,[],
70.96.2-70.c.1.3,,70,96,2,0,False,False,-1,[],
70.96.2-70.c.1.4,,70,96,2,0,False,False,-1,[],
70.96.2-70.d.1.1,,70,96,2,0,True,False,-1,[],
70.96.2-70.d.1.2,,70,96,2,0,True,False,-1,[],
70.96.2-70.d.1.3,,70,96,2,0,True,False,-1,[],
70.96.2-70.d.1.4,,70,96,2,0,True,False,-1,[],
70.96.2-70.d.2.1,,70,96,2,0,True,False,-1,[],
70.96.2-70.d.2.2,,70,96,2,0,True,False,-1,[],
70.96.2-70.d.2.3,,70,96,2,0,True,False,-1,[],
70.96.2-70.d.2.4,,70,96,2,0,True,False,-1,[],
8.48.2.a.1,,8,48,2,0,True,False,-1,[],
8.96.2-8.a.1.1,,8,96,2,0,True,False,-1,[],
8.96.2-8.a.1.10,,8,96,2,0,True,False,-1,[],
8.96.2-8.a.1.11,,8,96,2,0,True,False,-1,[],
8.96.2-8.a.1.12,,8,96,2,0,True,False,-1,[],
8.96.2-8.a.1.2,,8,96,2,0,True,False,-1,[],
8.96.2-8.a.1.3,,8,96,2,0,True,False,-1,[],
8.96.2-8.a.1.4,,8,96,2,0,True,False,-1,[],
8.96.2-8.a.1.5,,8,96,2,0,True,False,-1,[],
8.96.2-8.a.1.6,,8,96,2,0,True,False,-1,[],
8.96.2-8.a.1.7,,8,96,2,0,True,False,-1,[],
8.96.2-8.a.1.8,,8,96,2,0,True,False,-1,[],
8.96.2-8.a.1.9,,8,96,2,0,True,False,-1,[],
9.36.2.a.1,,9,36,2,0,True,False,-1,[],
9.54.2.b.1,,9,54,2,0,True,,0,[],
9.72.2-9.a.1.1,,9,72,2,0,True,False,-1,[],
